,content,,,,,,,
1, Ұ ׷   .,,,,,,,
2,ȭ  ٤   ,,,,,,,
3,ְ ....  ػ ̾ ...,,,,,,,
4, ũ ö󰡴° .,,,,,,,
5,ģ  Ÿ ȸ Ѵ,,,,,,,
6,Ʊ ѷѷѷ,,,,,,,
7, 1,,,,,,,
8,԰   ʹ 㹫,,,,,,,
9,ҽٴ  ׷Ƽ  糭 .     ü׿.  ټҸ ,,,,,,,
10,ѽðݵ Ӹ ִ¿ȭ. ̸ ָԵ.. ȭ ḻ ƴ.  Ϳ ִµ ¥ ڰ ļ °ḻ ḻ̻ʰ żؼ Ծ,,,,,,,
11,ƾ  ӿ       ġ  ٴټӿ մµ ̸׿    վ,,,,,,,
12,  ߽ϴ,,,,,,,
13,¥  3° ź ..¸ Ҹ Ҵ.,,,,,,,
14, ѹ ٴ  Ȳ  ? ʹݿ Ʈ Ҹ  ķδ  ȯϼ ־. ҹ̰    µ  Ű ϰ  ϳ ׳ .. ߵ  Ĵ  ...,,,,,,,
15,  տ ʹٴ  ѹ  ,,,,,,,
16, ճ׿ ذ ¦ ־ ӿ  Ÿ ϴ...  ⵵ Ұ  վ~~,,,,,,,
17,Ʈ ,,,,,,,
18,￡ Ʈ  ƴұ,,,,,,,
19,¾ Ƹ    ߴµ ܵȰ ٴ° ̻ϱ ߳..,,,,,,,
20,   ̿µ  ̸԰ ġ  Űƿ!,,,,,,,
21,  ҸҰ ؾ籸 ȯϱ ϱ,,,,,,,
22,̶  TVθ   ..  ٴ ĵ  ڴٰ  .,,,,,,,
23,Ե ְ. ū븦 ϰ  볪 ó׿.~~,,,,,,,
24,  ٽ   ǵ ()   Ҹ ں ȯ̶ ϰ    ׳      ,,,,,,,
25, ذ ,,,,,,,
26,ϰʹ٤,,,,,,,
27,47 Ʒ   鸮µ...  ...   Ѹ  ...,,,,,,,
28,!!! ̳ հԺԾ !!!,,,,,,,
29,Դϴ  ~~,,,,,,,
30,ɰϰ վµ  Ѻκ̶  ġ? ̾ ¦ ƽ׿ ٵ ׹κ ¯ΰͰƿ ȭ ŷȾ ,,,,,,,
31, Ե ִ!!!  ﶧ   ȭε,,,,,,,
32, ߵ ؼ  ѹ  ־. 47m  ߴ ٽ ѹ غ,,,,,,,
33,Ĺݺο ϴ. Ҵ ѳ ,,,,,,,
34,  ҽ...̷ ϴٴ 󺸴̰ մϴ,,,,,,,
35, ذ̳.  ̰  ʴʴ,,,,,,,
36,ƴϿ . ϴ !,,,,,,,
37, ̱̱ ð 𸣰 þ!!,,,,,,,
38,ð  Ϸ,,,,,,,
39,ٴ̶ Ư  츰   ȭ. ٴ ׷Ƽ ° . ٴټӿ  Ҿ  ,,,,,,,
40,sns 輺 ִ ȭ.   .,,,,,,,
41,׳  ḻ úٴµ ¥ ϱ ģ ְ Եȭ ! ! ʹ      Ǵ ȭ ! õմϴ,,,,,,,
42,۳ ͵ հԺôµ 47ʹ ű⿡ ο Ҷٰ ɱ η     ̱±̾:) ־  峭ƴϿͰ׿䤻,,,,,,,
43,ģ  ýϴ..,,,,,,,
44,     ¥,,,,,,,
45,̺  ƴ»̶  ϰ   ˵... ¥  47ͷ   ̹ ̶ ˰ ִ°  ״  ¼  ö󰡺 2..  Ȳ̶..?...,,,,,,,
46,   ڸſϴ...    ³ ̸ ;; ȭ 90% .   Ⱑ ~  ..԰ ϴ.  վ ÿϰ!,,,,,,,
47,ȭ鼭   ͼҸ  Ű澲µ..  ̹ Ű  ȯ ƴұ ȭ ʹݺο   ڵ    ʾҰ ҹ ΰ Ǹ ִٰ Ǹ ...,,,,,,,
48,ûȸ ôµ ¥ ʹ    Ф  ģ ϰ ٽ ڱ׷µ..  ūϳ..,,,,,,,
49,  ְ ..    ũŰ  Ϲ ׳  ϴ,,,,,,,
50, û Դ ȭԴϴ.   ʹ ׿. ȭ  ط 8.2   ȭ ϴ.  ɸũ  ͳ׿ ,,,,,,,
51,ḻ ġ..͸ź ģ..,,,,,,,
52,̺ο..̾?ϰôµ..ʹհԺþ.ͺٽþߵȮʰҵѻȲǰ󸶳..4̼ôµ̵鵵鵵ʹհԺþ.ҳ׿~,,,,,,,
53, ǰԲ û 尨 ̱Կȭ³ ޳׿԰ D߽ϴ Խϵ õ,,,,,,,
54, ȵǰ Һ Ȱó ϴ° Ҹ̴,,,,,,,
55,Ĺ Ż  尨  û ׿,,,,,,,
56,  ȭ  մ,,,,,,,
57,..  ̴Ǻ   հ ýϴ.ض Ҷ ʹ ϰ ϰų   װų ġ ʴ   ⸦ µ ߽ϴ.   ְ,,,,,,,
58,ʿ 47ͼ̴ Ʈ ¼Ҹĺ  ȯϼ. ƴϸ һϰ   ȯ..   3 ȯΰŰ׿ ƹ 뿩 翡 Ǹ3̾ .ִ¾ֵ ...,,,,,,,
59,÷  ³ ѱ ,,,,,,,
60,¼  Ȳ    ٸ°ͺ ߵ Ǵ ȯ 鼭 ״°       Ҹ Ҵ.,,,,,,,
61,ͻ    ٸ    ׳  ° ְ.,,,,,,,
62,ٴټ ¥   ..,,,,,,,
63,47m   ȵȴ.  Ʈ  Ĵ  .   ٽ Ǵ .,,,,,,,
64,  ̱  ȭ    ȭδ ϵ,,,,,,,
65," "" ¥ û!""  ƴ ųŸӿ  ȭϴ",,,,,,,
66, Ë   ׳ ӿ ȴٴ° üε   ɾZ.,,,,,,,
67,47 ɿ  츮    ̴ ȭε,,,,,,,
68, 𸣰 ΰ ⸦ َ ȭФ,,,,,,,
69, ˾Ҵٰ ߵ ļ ...  ˾Ҵµ  ٽ ؿ ִ ... ؾȰ 3ϱ  3 ϱ?    Ѹ  ũ ٷ  'ǵ '...,,,,,,,
70,   ߸׿~߰߰  ݿ   ^^; ٵ  ٴټӵ ᱹ ó  Ǿ ְ       Ǿմ   ĵ  ٴ ߶...,,,,,,,
71,ٴ  ִ Ϸ Ҹ ʹ ߴ  ȯ ƴϿ?  ִ  ³   ȭ,,,,,,,
72,ȭٰ  Ļ һ߽ϴ ȭ ذ  ϴ  ڽϴٳ ,,,,,,,
73,  ̵ȴٸ  ϴ   ϴ¿ȭ,,,,,,,
74, ߵ ȭ,,,,,,,
75,̷ Ÿ ȭ ؼ׷  ־   ؼ׷ û ԵǸ鼭 ־ ±   ôƽ ߽ε ϴ°Ե𸣴 ¿,,,,,,,
76,߾  ӿ ִ  γ׿... ״° ڴٴ  ׿  Ȳ,,,,,,,
77, Դ ϰɸ ,,,,,,,
78, ʹ 㹫 ü   Ȱ ȳ...,,,,,,,
79,   ׷ E,,,,,,,
80, °ź ҹ̶ ߴµ ߿     ġ   Ϸ ȿõ...    ȯ 𸣰 Ұ  ,,,,,,,
81,̷ ϰ ׷̾..¥ ٴټӿ ̾,,,,,,,
82,Ͱ ϴ´ Ƴ׿ ᱹ....,,,,,,,
83,ȭ  ٺ Ǵ ḻ 7ó ̾µ⵵ Ÿ̻̾..߰߰ ֱ־,,,,,,,
84,ƴ ٸŴ޾Ƽ  Z鼭 ׹ öâ Ŵ޾Ƽ ÷ָ ɰŸ,,,,,,,
85, ճ ҽ γݱ Դ  ְΰ ,,,,,,,
86,ḻ ..¼   Ż⿵ȭ  ̾߱Ⱑ ḻ ϳ  ȭ Ư  ,,,,,,,
87,վ.Ҹ̰.óͳְԴϴ..,,,,,,,
88, Żȭؾ,,,,,,,
89,ó  ȶϰ ϰ  ,,,,,,,
90,   糭 ȭ... ḻ  ƽ... 8   ؼ !,,,,,,,
91, ϱȴٴµ ڰ ϴ¾ֵ. ׷ ߸Ǹ ſϰ ߵǸ ſ,,,,,,,
92,ǿ Ͼ  ִ ̶ ׷   ,,,,,,,
93,  ӿ ִ  ޾Ҿ ?,,,,,,,
94, ֳ׿. Ƹ ,,,,,,,
95, ű⼭ űԴϴٸ ֳ׿,,,,,,,
96,ʹΰ̰޴½÷̸Ƽ ¥޵ .. 㹫Ѥ ϱؿ ӵ̴..!ϸȵհ ιٴٴ¸پ...^^,,,,,,,
97,̷ ʴ!,,,,,,,
98,ƴ    Ƚ°ž...,,,,,,,
99, .  Ҵ. ׷ 忡 ƾ   ϴ ȭ.,,,,,,,
100,뿩ڵ  Ż...  ظ UDT 밨ϴ!,,,,,,,
101,  Ǫ Ф   ...峭ƴϰ ...,,,,,,,
102,  ¸ Ҹ Ҵ,,,,,,,
103,û ߾а   ڿ տ  Ѿ ۰  ΰ  η ״  ༭!  Ұ 尨 Ե ȭ. ð 𸣰 հԺ!,,,,,,,
104,̷  Ҹ   ͵ ȥ  ÿϰ Ѱ ƿ~,,,,,,,
105,   .   Ѵٴ .,,,,,,,
106,ģ  õõ Ѿ鼭 þ.Ĺݺο  ѷ鿡   Ƚϴ٤̤̰ḻ  ϰԵǳ׿Ե,,,,,,,
107,   𸣴 η  ־ ʹ 㹫߽ϴ. Ʈ  ڵ   ϳ ˼ ׿,,,,,,,
108,̷ ȭ߿  ϰ 尨 մϴ.    ģ ƴ϶ ڸŶϴ. ڸ ...,,,,,,,
109,ٴӵ ѵ ұ ϴ. Ʈ   .,,,,,,,
110,..̷ ͽƮ  ڴ 谡 ȵǴ±..Ѥ 2 ̴̻ ȵ,,,,,,,
111,  ȵǴ Ȳ ֱ   鸸   尨 ġ . ذ+ ΰ  ߻츲,,,,,,,
112, ɱ׶̤ վ!! ٴټӸ µ ð ½ ..!,,,,,,,
113,ߴ ŭ 򤾤 ȭ ִ 尨 Ҵ社,,,,,,,
114,Ѹ վ ٰ,,,,,,,
115,¼翵ȭ ̶ 󸶳Ҵµ οѰŸص 8̻Ǿߵȴٺ   7 10ش  ȭ մٴ ü 𸣰° մµ,,,,,,,
116,. . . . ôµ ȭ ̷ ΰԲó. .,,,,,,,
117,ȭ ȭ óôµ  ٸ.. Ӹ ҺѴ Ф,,,,,,,
118,̰  ε   ䷻Ʈ ,,,,,,,
119,尨 Ĵ ϳ׿ ȭ    ߾..,,,,,,,
120,̹ ƮҸ  Ȳ ̾ ͽų   ȭ ,,,,,,,
121, ȭ 鸮  Ҹ ³ ޹ Ȳ ʹ  ̻ϴ! ߴ... ᱹ Ҷ   .  ذ... ΰ   ִ     ִġ,,,,,,,
122,Ʈ Ҹ ̹ ׵  . ߵ  ȯ 丮 ,,,,,,,
123,峭ƴϰ ɿѴ ִ ȭ̴,,,,,,,
124,ʹ ɺٴ ؾ     ұ-ϴ ΰ  ɳ  γο  ִµ ̰ ¿ ƹ͵     ԰   ߵ巯...,,,,,,,
125,Ͷ ε (  Դϴ),,,,,,,
126,ٴҿӼ ó˾Ҿ  Ҿ,,,,,,,
127,ϰ ..  ϸ ,,,,,,,
128,ٴ   Ⱥߴµ ūϳ޳פѤ¥  λ ȭ٤Ѥ,,,,,,,
129, ȭ  ٰ ־ٴ  ,,,,,,,
130,   Ʒ ƹ͵  ʰ  Ҿ ݱ   ȭ   û  ,,,,,,,
131,   ׾ ű ǳʹ ...    ԰  ,,,,,,,
132,ΰ      ־׿ ׸ ߵ  ̰ ȯ  ° ȭ  ̶ ϴ,,,,,,,
133, װ͵  Ӿ ȯӿ ׾°Ͱ.,,,,,,,
134, ôµ ¥ հԺ,,,,,,,
135,ũ ģ̶  ִ ȭ.   ϰ ó׿    ,,,,,,,
136,ȭ : 1.ڵ,,,,,,,
137,Ocn ..  ȯ   ,,,,,,,
138,ΰ   .,,,,,,,
139,... ׳   ȭ ˾Ҵµ ٴ ͳ̱ⱸ  Ÿ  ¥ ð  𸣰ڳ׿,,,,,,,
140, ¯¯ؼ ¥  û ̸̸  ü  ϰ ^^,,,,,,,
141,  ģ ƴ϶ ڸ ͵ ,,,,,,,
142,Ե   볪...10 ƴ϶ 8 Ǵ ȭε     10 ,,,,,,,
143,s ...   ʱ..,,,,,,,
144,̶...  ޾~~ۺ¸ ,,,,,,,
145,  ѿȣ..,,,,,,,
146,̴ ִµ ŭ ̴ ƴϿ ,,,,,,,
147,Ժο ḻ鼭,,,,,,,
148, ߰   ڰ ߾..  ̶Ф    Ǵ ñߴµ  װ ƽm վ!,,,,,,,
149, ...  ణ  ..    ׳ 47ͷ   ؿͼ ׾  ٵ     ,,,,,,,
150,ñ  ḻ̶ κ Ϸ  а ȭ; ôµ  ó ¿Ͱ  ȭ Ͻô ̶ ȸ ̳ Ǽ ְ.  Ϸ ḻ  ä ô...,,,,,,,
151,  ¥ ¥߳׿ .   ĵ    ȭ ϴµ  ȸ Ͻǰſ,,,,,,,
152,ϸ鼭    ִ ȭ õ,,,,,,,
153,ɸũ  ̰ ϱ Ȯ Ʈ̴.³ ,,,,,,,
154, ׳     ð,,,,,,,
155,..״ο ̿ȭḻƴ,,,,,,,
156,ÿϰ   Գ׿   ȭ ⿣ Դϴ٤,,,,,,,
157,   Ȳ ´ ȿ    ذ ƿ  ȿ ̽   ׿,,,,,,,
158, ȭ   ѽϴ.,,,,,,,
159,ذִºе  Ͻǰ̴ϴ .ԵҰ 丮Ҿ  հԺýϴ.,,,,,,,
160,ȱ׷  ϴµ   ҵ  ³  ...     ڰ ;,,,,,,,
161,. ģθȸ´µ װ͵հ  ٵ¦ƽ,,,,,,,
162,ְФ ¥ ̱̱ϰ  ִ   Ǵ..,,,,,,,
163,ḻ̹ƴٱ淡 Խϴ ׷Դϴ,,,,,,,
164,   Ҹ Ҵµ  ȣȣ Ȯ   ٴ . ״ ḻ ʹ Ұ   ִ   簡   ͵ Ⱦ    λ ,,,,,,,
165, ; ðüũϷ  ̰ ȾƴѰ? cgv ¥ ϴ°ž?! Ե 󿵰  ߳ ,,,,,,,
166, ġ  øض  оо˰ŷ ¥ OO,,,,,,,
167,       ׸   ʹ Ȳ ȯ°  㱸ε... ģ  Ǵ ٴٿ Ѵٰ ȥڳ    ׿ڰ  ȯ 㱸,,,,,,,
168, ü ϴ°ž? ɰϴ°ǰ..,,,,,,,
169, ʹٸ ְϴ,,,,,,,
170, B  ȭ  ̷ ԰ ִٴ .,,,,,,,
171,ȭ  Ϸ Դµ ߳׿. leej****  ׷ Ÿ ׳ ⸸ ϼ! ųʰ .,,,,,,,
172,׷̿ ǰ ^^,,,,,,,
173, ȭ Ѿ ƹ  ϰ ģ̶µ ܸ  θ߳׿䤾 .. 丮.԰ ١5 ١3,,,,,,,
174,ణ ƽ ġ ø ų Ҹ ڸ 鼭  ִµ ö󰡱  ص Ϻ񿡸 տ ״° ε   Ҹ     ֳ Ǿ,,,,,,,
175,ο 12 ¥   ߾ ǻ츱 47 ôµ  Ҹ̿  ̷ ٵ  ~~ հԺýϴ!!,,,,,,,
176,ȭ ִ 尨 ϳ׿  Ͻø  ñ õմϴ,,,,,,,
177, 尨 ż ,,,,,,,
178, ϰ ôµ ʹ 尨ְ  ־ ׿~,,,,,,,
179,մ..? ḻ Ҹ ,,,,,,,
180,̰ ̱ϰ  ¿,,,,,,,
181,ٸ ؾ  ȭ..,,,,,,,
182,   Ǵ°͵ ȯ̳ ḻ;,,,,,,,
183,ϼ   尨   Եŭ . ȭ³ 뽺.   Ҹŭ ԵǾ ȭ,,,,,,,
184,  ߴµ !ż  ,,,,,,,
185,ɾ߷/ȥ/ ,,,,,,,
186,ĩ ĻҼ ִ ̾߱⸦ Ÿ  ȭʹ ٸ  鼭 ż .,,,,,,,
187,47 1 2  ٴ°  ? ̰ ξ .,,,,,,,
188,̴ 巴 µ ðٸ𸣰 ԉ,,,,,,,
189, ȯ   Ǵ    ̿ٵ...   Ǵ 鵵 ȯ̿ ,,,,,,,
190,򤻤 ɱ,,,,,,,
191,  ȯ ׿ ФФФȯ Ф̤Ф,,,,,,,
192,̿  Ϥ ʹ Գ,,,,,,,
193,Ϻ񿡸  ҽϳ,,,,,,,
194,1,,,,,,,
195,ḻ ؼ  ̵  ǿ̶    ḻ..,,,,,,,
196,մ!  Ʈ Ҹ 鸰ٰ ߴµ ¥ Ʈ   ĺʹ  ο򿡼 ȯ..  ƴұ? ⵵   尨 ġʰ 벲ߺô~!,,,,,,,
197,ΰ Ƽʷ ִ° ôµ ḻ  ϴ ̷ȭ Ⱥ ν ¥¥ ְվŶ̴ʾ  Ƽ񵹷ٰ  Һ   ٿf׿䤻ʹʹʹǼ ...,,,,,,,
198,Ƴ..¥ . .̤..ͽź ̷Դ ġԸ..,,,,,,,
199,ٴӾ    ־ Ҵ,,,,,,,
200,Ű°  ũ ְų ׷ .׷ տ,,,,,,,
201,ʹ ġ ϴ ....,,,,,,,
202,ḻ ƴ.   .  ᱹ..,,,,,,,
203,   ȭ 鼭 Ҹ Ŷ  غ .. ʹ ϴ..,,,,,,,
204,׷ ȭ ³   ȭ ȭ 10 8 ӿִ ߰ ȯ̶  丮 ־  Ҵ  ³ ̶  ģݶ   ȭ,,,,,,,
205,¥̸.. ٵ߳..ȭ̶䰳Ҵµ,,,,,,,
206,ϴ°     . ƴ  信 ḻ  ˴ ??  ̷ ª? ̷  ȭ   ߿ѵ,,,,,,,
207,   ôµ ʹ վ..     鼭   ͵ ,,,,,,,
208, Ȳ ѹ  ʰ    ִ ̶   ԰ 47 ط µ ü Ŀ  ϰ ϰ߰ ߰ ߵ ȯ ϶ . ؿ  ...,,,,,,,
209,  ΰ ȭ ƴϴ.  ϳ ҽϻ.... κп  ãƿ´....װ͵ ̶ ...ʹ  ḻ̶ 1 ´,,,,,,,
210,丮 ƿ  鿡 Ҹ..,,,,,,,
211,ɴ  峭 ƴϴ,,,,,,,
212,ʹʹ ̻ վϴ~!,,,,,,,
213, Ⱑ η ÿ? ȭ ⿡  ϴ,,,,,,,
214,ϱ  հԺýϴ,,,,,,,
215, ̱̱      ⿡   ȭԴϴ,,,,,,,
216,  ̱ ׷ ȭ׿!  µ ó ÿ   ־,,,,,,,
217,±±,,,,,,,
218,븦  ϰ ôµ..   ؼ .. Ȯ ū 󿡼  ȭ ,,,,,,,
219,ųŸӿ ϴ Ե .  ƴ  մϴ,,,,,,,
220,ϵ ϵ °Ŵ  ô,,,,,,,
221, Ʒ  Ѵٸ鼭    ,,,,,,,
222,   ǰ 帣 ʰ   ſ Ҹ Ҵ.       ִٴ  ḻ  尨 Ҵ.  ȭμ  ǰ̴.,,,,,,,
223,鼭  ,,,,,,,
224,.. ؿ..׿.ѵ ٴٿ   ׿..,,,,,,,
225, ôٰ 尨   ,,,,,,,
226, ذŰ ±Ϳ,,,,,,,
227, Ĵ   ︮ ȭ  մϴٿ         ߳׿̴̤  ð  ȭϴٰմϴ~~,,,,,,,
228,    ,,,,,,,
229, 㹫ϱ   ....  ⵵     غ;µ  ̿ȭ û ؼ  Ȯ ҵ !!  Ф ް  ɰ ̤̤,,,,,,,
230,ʹ Գ׿ ,,,,,,,
231,+׷Ƽ  װ ׷  ְߺó׿,,,,,,,
232,ġ վ!!!!!! ǰ̴  ְ~~,,,,,,,
233,~ ҽ ȭ ?ٽѹ ? Ȱҽ Ȱ? ҽȭ  ƴϾ?ÿϰδϰԺ ȭ?ȭ ȭ ̶  Ҹ~~,,,,,,,
234,Ѿ  !,,,,,,,
235, ̷  ؼ 尨ְԺ.,,,,,,,
236,   𸣴µ  ȮϷ ö󰡰 ϴµ   ߾ϰ ̾ߤ   Ȳ Ǹ 󸶳 ħ   ñϳ,,,,,,,
237,尨ְ ְ ,,,,,,,
238, ʰ ôµ  ־. Ե ְ!! ̺ Ұž~~,,,,,,,
239,  ٴ   ϰФФ,,,,,,,
240, 嵵    Դϴ... ʹ հ þ ,,,,,,,
241, Ż ȭ׿?^^  Ͻô е鿡    !!!,,,,,,,
242,,,,,,,,
243, ¿ȭ,,,,,,,
244,վ! żѴ,,,,,,,
245, վ ȥں ȭ,,,,,,,
246,븸ŭ  սϴ. ͸ŭ̳ սϴ.,,,,,,,
247,Դµ ̱ϳ׿  Һ ڻҵ,,,,,,,
248,³  ӿ ִµ 尨 . ḻ  ƽ.   2   ӿ ٸ   Ӹ ķġ° 300% öٵ ƽ.,,,,,,,
249, Ÿ ªƼ ̾,,,,,,,
250,   ʹ ¦ .,,,,,,,
251,ųŸְðݹ氨,,,,,,,
252,472  1ٿ޾ƺôµ  ߵ   . ḻ Ʈ   °,,,,,,,
253,  ̳,,,,,,,
254,̰ 7?     ȭ    ̱ߴ. ػ罺 Ŀ  ϸ鼭  ȭ.. ּ 8.9 žб尨..÷  뵵   .  ȭ ߿ ϰ  ...,,,,,,,
255, 2 ̰  ճ׿..   ΰ ,,,,,,,
256,ҰŶ ߾µ ̾,,,,,,,
257,   ȭ  ְ ̶ ϴ,,,,,,,
258,    ȭ.  ð ϴ Ĺݺο ḻ  Ϻ߽ϴ,,,,,,,
259,  ˰ڳ  ̰žƴϾ? Ƴ ̰ſ?,,,,,,,
260,  ٴټӿ ~,,,,,,,
261,ڴٰĹݿٳ,,,,,,,
262,      ǥǾ. 㳪  ׼̳  󸶵 ʾ  ȭ    .,,,,,,,
263,ʹ վ  ;,,,,,,,
264,׳ ߾~ 𰡼 ü Ұ ϴ,,,,,,,
265,߾ȼ...,,,,,,,
266,ᱦ߾ ΰŸ,,,,,,,
267,ⰰƼ Եǰ վϴ!! ȭ¡οҰ׿,,,,,,,
268,Ծϴ. . ̾. .,,,,,,,
269,ʹ̰Ժþ䤾õ,,,,,,,
270, ǰ ԰Ԕf....,,,,,,,
271, վ     ȭ µ ̰  ö λ󵵻Ƹݾƿϴ°Թ̿ȭҸҰǰġѴٴ°ɴ̿ȭ߿ǿ...,,,,,,,
272,  Ҹ ߴµ ḻ ʹ 㹫ϳ׿ ̴,,,,,,,
273,־ ؿ ߰,,,,,,,
274,    ųŸӿ ȭƿ~,,,,,,,
275,տ   ϰ մµ,,,,,,,
276,.Ƽ ϱ淡.ôµ ؼ ó  Ҹ̳ ȭ ūũ ϴ ƽ . .,,,,,,,
277, ѹݺϴ..׷κп  ҸҾ,,,,,,,
278,  ȯؼ Ŷ׾ Ҹ  ȯ ߴٳ     ,,,,,,,
279,׷߾!,,,,,,,
280, ø ִ ȭ ó׿ ,,,,,,,
281,  ְ ̿ Ȳ ̵ǰ    ׾  ,,,,,,,
282,ǰ ٱ⺸ ť ,,,,,,,
283, Ŀõ  Ѥ,,,,,,,
284, Ȥö ȭ Ȳ̶ 質  μտ  ' Ÿ鼭 ö󰡸   մϴ.ϼ,,,,,,,
285,ߵ  ¥ Ҹ̴..,,,,,,,
286,  Ʈ ۻ ..絵 Ʈ Ϸ    ۻ ȵ .. ᱹ   ..,,,,,,,
287,ó 30  B ȯ.. ٺ ḻ  ְ վ.   ȭ,,,,,,,
288,ʹ հԺþߵ  ʹ Ŀ Ф żݹ մ ȭ,,,,,,,
289,  .. ԰  ε,,,,,,,
290, ȭ  ԰  .,,,,,,,
291,ϱ ȾŸ ģ ϴ ,,,,,,,
292,׳Bް̰ڰŴϰ ϰôµ̻ տϴ±尨 ׸ ! ̷ ܼѼ ܼ  ̱̱ϰ Ҽִٴ ¥߸!,,,,,,,
293,  ȯ  .ȵ鸮  ڱ 鸲..,,,,,,,
294, ȭ    ķźκп    ̾ ȯ ʴ   ,,,,,,,
295, ȭ ̷ ż  ֱ,,,,,,,
296,żϴ 2Դٰؼ 1Ⱥ ãƺô´ִ  尨 ְ ° õѴ,,,,,,,
297,ϰ ôµ ճ׿  ɿñ,,,,,,,
298,³  ̱̱,,,,,,,
299,ǫƼ   ׼ . 𼱰 ô  ں䰡 ־ ǰε   . ̻ϴ. ̶   ߴ.  ٴ  ʴ  ǳʴ   û...,,,,,,,
300, ڱǴ°ź °͵ ȯϵ,,,,,,,
301,  ¥,,,,,,,
302,尨   ͽƮ  ִ ü ,,,,,,,
303,Ӹ ڴ  չ Ѵ.,,,,,,,
304,ణ  ̸   ִ ȭ  ϴ,,,,,,,
305,ֽϴ  վ,,,,,,,
306,հ ȭ  ġ ~,,,,,,,
307,־ ̳Ժ!,,,,,,,
308,̾ ϰ,,,,,,,
309,    ..  ְ.. ,,,,,,,
310,ųŸӿ ְ~  ̱~ ذ .,,,,,,,
311,ְ 潺!!  ū ȭ ٽ  ʹ,,,,,,,
312,ϰ  ٷγ׿   ϰٺ  ð̽~,,,,,,,
313,尨 ְ  ȭ. .,,,,,,,
314,ڱ㹫۸,,,,,,,
315,Ե ̸ְ   Ǯ.,,,,,,,
316,ʹ  ô  ..,,,,,,,
317,   ȭ 90% ôٰ ϸ ȴ.ణ  ׸ ¡׷ ִ. νϰ  帣 ʰ ϴ.Ȱ ȭ ʹ  ͼ ׷ٰ .,,,,,,,
318,    ȭ,,,,,,,
319,Ͼ  ¥ й ͳ׿,,,,,,,
320,ʹ ̳ ԰,,,,,,,
321,ְ ޴ ȭ,,,,,,,
322,̰  ߽ϴ.,,,,,,,
323, ̸ ô.,,,,,,,
324, ̷  ,,,,,,,
325,վ!!!!¥ϸ鼭ýϴ,,,,,,,
326,ԾԾ!!,,,,,,,
327,ϰԻҼ־,,,,,,,
328,Ͷ  ٸ !,,,,,,,
329,    ȭ,,,,,,,
330,..  㹫..,,,,,,,
331, ͼ  ʰ ¦¦ 鼭  ƿ ٸ    ȵǼ ƽ׿,,,,,,,
332,罽 ׷ ϸ  ƾ..  ι̳.. ̰ ..,,,,,,,
333,׳ɿȭ¾ ǳƮҶ ,,,,,,,
334, ִ ν    ̾,,,,,,,
335,..  尨ġ ȭ,,,,,,,
336, ﶩ ̷ ȭ ѹ ..,,,,,,,
337, ׳ ׷µ   ģ մٰ ϳ׿  Ÿ̻ ǿ ,,,,,,,
338, ̺ ϴµ  ̰     ,,,,,,,
339,   մ ,,,,,,,
340,ߴ Ǥ,,,,,,,
341,ҷ  ȯ,,,,,,,
342,  ȭ ḻ ƴ ,,,,,,,
343,׳  ְ ӿ ΰġ .   ʹִٱ ƴѰͰ.,,,,,,,
344, ʾҴ.  ʳ    ȭ ƴ  .  ణ   ʴ°     ʿ䰡 ִ  ,,,,,,,
345,׷ ~ ̱ϳ׿,,,,,,,
346, ۶ȴ..׷  ȭ,,,,,,,
347,  ƳҴٱ⺸ٴ ,,,,,,,
348,5г Ƶ 볪 þ 15 𸣰ư ð   𸣰 ó׿,,,,,,,
349, µ  ְ  Խϴ!,,,,,,,
350,¿ վ!!!!,,,,,,,
351,Ե  ǵ  㹫  Ҽִ ȭ,,,,,,,
352, ȭ,,,,,,,
353,  ôµ ÿϰ հ  ýϴ^^,,,,,,,
354,ҿ ̷ Ÿ ȭ ϴ ε 볪 ó׿~^^ȭδ Դϴ~^^,,,,,,,
355, ̱ϰ ð   𸣰 ô м ִº   ߰   á ..  ִ ḻ Ѱ   ÿϰ  ִ īŸý ؼҵǴ ḻ ...,,,,,,,
356,   ġ ȭ׿,,,,,,,
357, ȭ ߽丮   µƿ,,,,,,,
358,  ,,,,,,,
359,մ. //.. ְ!,,,,,,,
360,԰ 尨 ҽϴ.   ȭ,,,,,,,
361,    ȭ ϱ⿣ ߹ݺ   ظ  .,,,,,,,
362, ϴ  ,,,,,,,
363,ȭ  ó  ִ°Ű  ߴµ ̤,,,,,,,
364,ϴ.  ġ. ߺô.,,,,,,,
365,  ...,,,,,,,
366,Ծϴ٤  ̸ū ׿@@,,,,,,,
367,mµ վ,,,,,,,
368,Ĺݺα Ե Ҵµ   ʹ Ԥ,,,,,,,
369,¥ αٵα٤Ф..̷ մµ ̷ 󿵰 Ф   ε..,,,,,,,
370,ҺѴ  巴 ̵ ش볻,,,,,,,
371,㹫 ȭ. ð a,,,,,,,
372,ϱⰡ¿ȭ,,,,,,,
373,丮źźѵ  ٰ̾ϴ°?ḻ  ũŻƴ Ǹ ϴ°ḻε ḻ Ϲϴٴ» ϱ? Ʈ Ȱ   Ȱ..ϱȾϴ°  ϴ½Ÿ...ݼ...,,,,,,,
374, 丮  ƽ ,,,,,,,
375,¥ ¥ ȭ Ѵ,,,,,,,
376,ü ѵ    ޶  ϰ ´.,,,,,,,
377, û   · ,,,,,,,
378,"λ  ȭ """"ʹ ٸ  Ȱ .",,,,,,,
379,  ϴ,,,,,,,
380,   ,,,,,,,
381,    ΰ    ȭ.   ǸŰ ʾҴ,,,,,,,
382,ʹ ϰ  ¥ ְ ...ḻ  ģȭ..,,,,,,,
383,   ̾߱ ʹ . ʹ 30 Ѱܵ 丮 ̾. Ų     ö  Ǿ.  2 1  ̰ մ.,,,,,,,
384,~ ѽð ĵ..,,,,,,,
385, ӿ ȭ   ˾. ؼ  ũ ã  .ʹ հ  ε õϰ,,,,,,,
386,Ծ,,,,,,,
387,  ϴ ֵ ״° .,,,,,,,
388,0̾ ?,,,,,,,
389,    ȭ. ȭ ģ ϴµ ӿ ϴ ,,,,,,,
390, о°͵  . ȯ   ḻ,,,,,,,
391,ªհԔfִٴ°Ǿ˾Ѵµ Ʋǳ׿䤾,,,,,,,
392,̰ Ⱥ̴   Ҿ  ȣź ҸФ ư  ḻ Ʈ ڷ  ȯε,,,,,,,
393, tv  忡   . ū ȭ عٴ Ķ ũ ̴ϱ  ְ  ̱ϴ,,,,,,,
394,   ,,,,,,,
395,47ְԺҽϴ,,,,,,,
396,  ... ,,,,,,,
397,ƿ̿ƿ̿,,,,,,,
398,ḻ ƽ׿ ȣ,,,,,,,
399,ְ ۳ ڵ ȱְ 鳢 Ű ~!!,,,,,,,
400,Ĺ ѿȭ....,,,,,,,
401, ʰ 嵵 ΰ ..,,,,,,,
402,ʹ븦ؼ׷ ٴ ƽ̸׿,,,,,,,
403,ó 尨 ־   ,,,,,,,
404,  ;;; ־ ªƼ ƽФ,,,,,,,
405,׳ɱ׷׿ ,,,,,,,
406,վ ḻ 㹫ߴ,,,,,,,
407, Ұ ׷   .,,,,,,,
408,ߵ̶  Ҹ ־ ذ  ȰŶ ߴµ   Ҹ !!,,,,,,,
409, ϴ ڰ 󸶳     ְ ȿȭ ΰ ƿ~~,,,,,,,
410,ٽ  °  ߴµ,,,,,,,
411,׳     ȭε  ְ 鼭 վ!!! ġ  ȭ Դϴ. ǰ    ϸ ¦  κе  ,,,,,,,
412,ճ׿~ ¥ õص帳ϴ,,,,,,,
413,ڰ ġ  ȭ,,,,,,,
414,  ϴ ȭ?!Ÿ  ݺ   ִ ޽ ԰ ų ѵ,,,,,,,
415,մ̰,,,,,,,
416,մϴ ~~~  ϳ׿,,,,,,,
417, ȭ.. ´,,,,,,,
418,ģ̶ Ʈ  ְ ȭ ,,,,,,,
419, ʹ վ,,,,,,,
420,ʹ ְԺþ !!!,,,,,,,
421,̷ 帣 ȭ  Ⱥþµ  ʹ ־ 10ϴ ʹ հ ߺþ䤾,,,,,,,
422,̹ ް ...ٴٿ   ! ȭ հ ҽϴ ^^~~,,,,,,,
423,ֳ׿!!!!̻~~ 尨 峭 ƴϳ׿!!!,,,,,,,
424,ҽ ... ...  ȭ  !!!,,,,,,,
425,  ִµ?   Ҹ..,,,,,,,
426, ȭ   ֺ  ڼӿ  ִ  ⵵ Բ .,,,,,,,
427,ȭ  ª׿ ׷ հԺýϴ,,,,,,,
428,m հ վ䤾,,,,,,,
429, ƽ վ!,,,,,,,
430,   ־^^,,,,,,,
431,     ԰ 幮 ر ҽ ȭ ,,,,,,,
432,佺ְ ְ׿^^,,,,,,,
433,ι     ʹ  Ǵ ȭ,,,,,,,
434,,,,,,,,
435,ȭ 2ôµ..1ź  Ҹ  ߺ..,,,,,,,
436,47 2  ȭ  1 ãƺôµ,,,,,,,
437,  ̸ ;;   ε? 472  ̤,,,,,,,
438, հԺ. 2 ,,,,,,,
439,   ..ó а  ηճ.  .,,,,,,,
440, ȭ 7 ȭ  ƴϴ!,,,,,,,
441,2ͼ  մϴ.,,,,,,,
442, ٴټӿ ο  ʴ þ߿ Կ   ߳׿. ϰ  ʾƵ    Ҹε 尨־,,,,,,,
443,..    ߹ݺ ٴ Ѱ  Ҿ ¥ ..,,,,,,,
444, մ,,,,,,,
445,̴ 2 ȴ,,,,,,,
446,볪  2Ѵٴ ʹ ǿ,,,,,,,
447, ¥ Ҹ  ... ,,,,,,,
448,   ʹ  . Ұ   ҹ Ǿ ٷ ȯ Ųٴ... Ұ   ̰ ׷ Ǵ ȯ ݺϴ ״° ḻ Ʈϵ.,,,,,,,
449,Ƽäεٰ ôµ  ̷ 帣  ϴµ ż  ñؼ þ. ³ 尨 Ʈ û ޾Ҵµ,,,,,,,
450, ޴ ŭ  ʾѾ 尨     °Ծ,,,,,,,
451,Ծ!! 尨 ...,,,,,,,
452,丮     ٰ ¦     Ư  Ƣ   ¥  ڷ ع   ְ ,,,,,,,
453,      Ȳ ִ йڰ ִ.,,,,,,,
454, ȭ ԰ ó׿.  ٸ  ƴ ,,,,,,,
455, ƽ ٴǥ ,,,,,,,
456,ȿ . پ  ÿ ڱϸ   ´.  츮    õǾ  ʴ.,,,,,,,
457,ٷ  ȭ ְ  ׾ ͽſȭ  վ  !!,,,,,,,
458,ϱ  Ⱥִٰ  ôµ  ξ .   ҸҰ ḻ Ҿ!,,,,,,,
459,  ȭ ƴ϶ մµ,,,,,,,
460, ܹ ,,,,,,,
461, ¥ ټҸ....,,,,,,,
462,¥  ϰ ôµ ֽϴ. ¦  鵵 ֱ~  . ðŸ .. ׿,,,,,,,
463,ȭ ׷  ʹ ߾.. ȴٴ    ϴ  ׷ ڵ̼ ʽ ڵѸ °͵ ׷  ؼ ڼ̳ ִµ ߿ Ѹ  ۻ찡...,,,,,,,
464,Ƚϴٰ  Ƚϴ  ±,,,,,,,
465,  ̴.... ϴ¿ȭ!!!,,,,,,,
466, Ǵ ȭԴϴ,,,,,,,
467,ũ  .,,,,,,,
468,³ Һ ״....Ե ¿ 복^^,,,,,,,
469,㿡  Բ ÿϰ 볪 þ~ġ ȭ! ѹ     ͳ׿,,,,,,,
470,ߴ Ѱ ̾  ҿ,,,,,,,
471,  ¥   ,,,,,,,
472,1 Ʊ ȭ,,,,,,,
473,־ Фгʹ Ʊȭ..,,,,,,,
474,ٶ ƽ Ե Ǹ ߽ϴ. ׵     ƴϾϴ.,,,,,,,
475, ϰ ôµ  ȣ  ȭ !!! հ ,,,,,,,
476,¥ ¥  ųŸӿ!! ߭!!!!,,,,,,,
477,׳ ð δ ...   ,,,,,,,
478, ڴٰ ڿ  ¥     Ű  ʹ ذ ƴ. ḻ   żߴµ    ְ ;ٸ ٸ  ¾..,,,,,,,
479,Ф ߰ ӾФ,,,,,,,
480,ȭ Ե ... ʹ 㹫.,,,,,,,
481,   Ҵٸ ,,,,,,,
482,  ޳׿ ,,,,,,,
483,...¥ ̴ ̰. ׷  ̾    ȭ  ְ,,,,,,,
484,  尨ְ  ߾! ٵ  ʹ 㹫ϳ׿䤻ḻ   ٸ ȯ 鵵   ֱ ׿ ȥڸ ƴٴ  ֱ...,,,,,,,
485,߰  մϴ ϰ ٰ   ƽ̿,,,,,,,
486,ٴٿ  Ҹ ϸ Ͼ  Դϴ ,,,,,,,
487,Ե,,,,,,,
488,Ҷ  ,,,,,,,
489, ΰ Ⱑ ʹ ɿ  ҳ׿ ؼ ׷  Ȱ ʹ ׿    μ ϴ  ʹ  :ƽ ڸ  (Ÿڽ شٰ   ),,,,,,,
490,꿡  ̵  پ ⿬  û ̵ ȭ źߴ.  µ ̱ϰ  ϴ.,,,,,,,
491,̿!!  ¥ ,,,,,,,
492,ٴ  ü  ɰ ؾ..,,,,,,,
493,׳  ҸƤФФФ,,,,,,,
494,վ.  ̰ ׿ ణ ?   ̱ ϰ..,,,,,,,
495,   ϰ ϴ..,,,,,,,
496, ϰ վϴ ФФ Ƶ  ȭ  κп ٴٿ ִ ð  ƿ..Фб׷   ְ ־ϴ ,,,,,,,
497,  ȭġ  .   µ 尨 ,,,,,,,
498,ʹ .ߺýϴ.,,,,,,,
499,վ ḻ ƽ׿!!!!,,,,,,,
500, λְǿȭԴϴ  ʹվ,,,,,,,
501,׷ ߳׿.,,,,,,,
502,¥ ġ  ֳ׿䤻ũ ˶Ҹ   Ф ģ̶   ȭϵ,,,,,,,
503,  ¥׿䱸𸣰 Ҽŭ ǳ׿,,,,,,,
504,ʹ ְ ְ ýϴ!!,,,,,,,
505,  ߾췯  ,,,,,,,
506, ̶ ׷  Ǽְ  ׷   ФФ,,,,,,,
507,ó  ,,,,,,,
508,    ʴ´١,,,,,,,
509,尨 ڤ վ!,,,,,,,
510,  ȭ ̰Ŵ,,,,,,,
511,ȭ ִ 尨 Ե ߽ϴ,,,,,,,
512,ε ȣ̿׿^^,,,,,,,
513,鿡 ȭǾ û  Բ ϸ鼭      ,,,,,,,
514,    ̴ Ȯ ,,,,,,,
515, Ͻø  ,,,,,,,
516,   ,,,,,,,
517,丮 ׳ ׷µ   п  ¥ϰ 󱸿,,,,,,,
518, ̱̱!  ־+_+,,,,,,,
519,ǰ ġ ٸ ̿׿  丮  п  ƴ   ϴ,,,,,,,
520,  ؼ ׷ 47͵ ʹ հ ,,,,,,,
521,  ̱׿ ÿ ٴ ǳ ʹ ߽ϴ,,,,,,,
522,̱  ü  ¥ бǤ,,,,,,,
523, ¥ ߾︮ ȭ!!,,,,,,,
524, ƴ  ȭ ÿÿϱ,,,,,,,
525,  ְ վ䤻   ˸ ȭϴ,,,,,,,
526,ѿ㿡    ÿ ȭ!    Ҹ ,,,,,,,
527,..  ְʹ,,,,,,,
528,Ÿ ؼ  ׿,,,,,,,
529,ǰ ȭ,,,,,,,
530,  Ͱϱ ߴµ 尨 ϳ ؿ! ؾ ȭ óε ¥ վ,,,,,,,
531,尨ְ  ׷ ϴ,,,,,,,
532,ٴټ  ö  ̾,,,,,,,
533, ¯µ ׳  ȭ п  ÿ ̾. ֵ ѳ   һФ,,,,,,,
534, ð̾ϴ   ?,,,,,,,
535, ö 尨 ص ö,,,,,,,
536,ͺ  մµ?  ¯,,,,,,,
537,ѰͰƿ~~ġ  ,,,,,,,
538,ð  귯  𸣁پФ ¥  ٴټӿ  ̾ޱ??,,,,,,,
539,  尨..Ե ְ̾~~ȥں   ߳׿~,,,,,,,
540,ġ Ҵµ   㹫ؼ..׷ ְ ýϴ!,,,,,,,
541,վ Ưȯκ.. ׹ٶ°,,,,,,,
542,׳ ̻ϸ !ģ ȵ Ѵٱ尨 ,,,,,,,
543,尨 ̾ ʹ վ,,,,,,,
544,ũ    ..,,,,,,,
545,л ̶ µ  ô վϳ׿ ^^,,,,,,,
546,ؿȭ ϴµ  뤻 Ե ְ,,,,,,,
547,̿ٿڿڿ,,,,,,,
548,ȭ  ڸŶ ſ Ҹ .. ģƴϿ?,,,,,,,
549, ȭ Ѱ踦 źź ó  غ,,,,,,,
550, ȭ ḻ ƴ!!! ¥ ƴ!!!!,,,,,,,
551,ʾ պκ  ôµ.. պκ   뤻 ḻ ƴٰ ؼ ôµ ¥ ħ..,,,,,,,
552, ʾҾ  Ƽ 10,,,,,,,
553,   鼭 Ҵµ  ó ߵ Ф,,,,,,,
554,  ÿϰ ô ȭԴϴٰ,,,,,,,
555,¯̽! ³,,,,,,,
556, ⵵ Ұ  Ÿϵ  巯    Ҵȭ,,,,,,,
557, ְ ְֽ ؼþҾ^^,,,,,,,
558, ְ ,,,,,,,
559,(0/0/0) :  ̰ ; ȣź ;;,,,,,,,
560,밨   ְ ??ȸ ȭε  ,,,,,,,
561, ׿ݴϴ...  ô ϴ ѹ ,,,,,,,
562,׳ ߾~~,,,,,,,
563,ο ɿ  ġ Ȱ ֿ   ... <׷Ƽ> ö.   ƴ϶,,,,,,,
564,ÿϰ  ϴ ȭ ʹ  µ  游ŭ Ŀ,,,,,,,
565,ް,,,,,,,
566,ͺ  Ե  Ѱ ..ս....ٴ ׷Ƽ ,,,,,,,
567,ٴӿ ޹ Ȳ  .,,,,,,,
568,Ϳ  ȭ... ش  Ҵ ϸ ΰ ϴ,,,,,,,
569,ȭ ³ ģ  ϰ  尨ְ Ҵ ϴ٤ȭ Ҹ ϴ,,,,,,,
570, 򰥷ȴµ ΰ Ѵ  ³׿...밡 Ҷ 鸮   ִ  Ҹ...47 ٴڿ     ʾ. ׷Ƿ װͶ ȯ.,,,,,,,
571,ð  Ʊ ,,,,,,,
572,B ȭ .. 丮  ̵ ,,,,,,,
573,۾˹  ¥̾ ;;,,,,,,,
574,±   ȭ ־ ȭ Ѱ,,,,,,,
575,޾  ð 𸣰 ż,,,,,,,
576,¥ȭ   ḻ̾ƽ 丮Լְ,,,,,,,
577,ΰӸ ƴ϶   ,,,,,,,
578,ֱ  ȭ ߿ ܿ ְ,,,,,,,
579,ؾ ׷Ƽ?!   ȭ  żϰ վ,,,,,,,
580,    ߾︮ ȭ׿䤾,,,,,,,
581,¥   פ  ,,,,,,,
582, ¥ ְ  հ  븸,,,,,,,
583,ְ ³ 尨  ߳׿! ̿!,,,,,,,
584,¥ ģ ḻ̳׿.. ±,,,,,,,
585,   ȭ   ְ ð  𸣰 ,,,,,,,
586, ġ  ̷   ȭ,,,,,,,
587,  ÿϰ ߺԽϴ,,,,,,,
588,ܼ  ִ°ź   ִµ ??ǰ֤Ԕfϴ,,,,,,,
589,Ÿ  վ.  ¥  ,,,,,,,
590,մϴ. ,,,,,,,
591,ðƱ Ʊ ũ ö󰥶 .. ? ̷,,,,,,,
592,̰ ְ    ҵ. ٿ޾Ƽ hϸ鼭 鼭 ϸ鼭 ô.,,,,,,,
593, վФФ,,,,,,,
594,̴..̷ȭ鼭 ް ʹ~~~,,,,,,,
595,׿ ձ ,,,,,,,
596,  ̱̱  Ф,,,,,,,
597,վǼ ƴϾµ,,,,,,,
598,ȭ  ϰ  ޾Ƴ   ͸ 10ʸ   㰬ٰ . 浵.    ϰ ȭ  ־   ġ Ҽ...,,,,,,,
599,ϽǱ۾.¥γ̾Ұ̸翵ȭȭνǥ¥Ʊٰϸ糪԰̷Ժž¿ȭó̰̰ԿȭΰΰͰӶȰ.³...,,,,,,,
600,  ̾..,,,,,,,
601,̾ Ҹٰ ±ۿ,,,,,,,
602,ʹʹ... ̰ ... ... ,,,,,,,
603,¥ ̾  Ѹ,,,,,,,
604,¥ ̾...  ϶ Ű  ϳ ȵǰ.. Ǽ .... ó,,,,,,,
605,ʹ ḻ Ƴ׿.,,,,,,,
606,ģ   ôµ. ߿  ...÷ ʹ ̰  ḻ .Ʊ,,,,,,,
607,ḻʹ㹫ϴ ̷ԵƱȭó̿ȭĪϴ¾ֵ ϴµ ˹ٵ̿,,,,,,,
608, αϰ .. ... .. ڱ ȭ..,,,,,,,
609,  0 °? 丮 ϳ  尨 ...¥  λ   ,,,,,,,
610,Ƽ ʹ ..,,,,,,,
611, ֺô ȸ Ǵ ðԴϴ,,,,,,,
612, 47 ѹʹ.峭ϳ!?,,,,,,,
613, Ȳ Ͽ  ư ˰ ߵ  ȯ̰....׳  ϼ  ....,,,,,,,
614, żϰ Ѱ ƴѰ?,,,,,,,
615, 忡   ߴµ ¦  Ʊ ȭ,,,,,,,
616,¥ Դϴ. ѹ ι  ߵ λȭ!!,,,,,,,
617, ¥ µ ȭ ÿϰ  ӽϴ ,,,,,,,
618,  ġ ȭ  ..,,,,,,,
619,  ڰ ְԴϴ!,,,,,,,
620,ƹ ȥ  Ȳ Һ  ħ϶鼭 ̳  ò ȭ ǰ ϱ  ʹ   ܸ  峯  Ҹ Ҵ. ͸ ̳ ƻڰ ϰɸ .,,,,,,,
621,׳  ʹ ε,,,,,,,
622, ȭ..   ְ  ȭ ϳ,,,,,,,
623,̾ ¥ ڷ ̰Ʊ ٿ!!!,,,,,,,
624,ְ  Ʊ ȭ  47 ,,,,,,,
625,츮 ϳ  ͼ ȯ,,,,,,,
626,ǰԴϴ.ι°    ó 鼭 ýϴ.  ¥ 丮 Īְ ͱ,,,,,,,
627,հ ôµ   㹫ϳ?,,,,,,,
628, 鿡  尨   . ʹ   ḻ. 㹫  ü. ÿ   ô,,,,,,,
629,...!?ϰȭ,,,,,,,
630, ü ,,,,,,,
631,ʹ־ϴ,,,,,,,
632, డ ϳ  Ŵ  ϴ°..??   սô,,,,,,,
633,¥ ̷žȾµ ̰ 47m ..,,,,,,,
634,ȭ ȭ ϴ ̶ ʹ Ҵ ðٵ𸣰,,,,,,,
635,ḻ ģ ƴ϶ ȭ ü ģ ȭ..   ︮ 尨   Ż! ñ õ 帳ϴ٤,,,,,,,
636,OO     ,,,,,,,
637,' پ  ƽ.,,,,,,,
638, Ʊ  ȭ .... ġ ʺ Ҹ  Ǵ ȭ... ѿ    ȭ... ḻ  ؼ ƽ...,,,,,,,
639, ̱̱ ̳ վ ߰,,,,,,,
640,¥   ̰ ȭ  ϱ  ڱ ȳ?,,,,,,,
641,Ұ ʹ ̶  ϰ ̾ 꿵ȭ 𸣰׿  õմϴ,,,,,,,
642,Ÿ   ڵ 󰡼  ⿡ ̽½  ̸ ?  丮  ־,,,,,,,
643,ų  Ÿ   ý ḻ,,,,,,,
644,ظ ̸ ϴ ؾ  ǥ ó  ϰ Ǵ±,,,,,,,
645,ݰ Ʊ׿   ˹ٵ鸸ֳ ¥ οϴ..,,,,,,,
646, 丮. ḻ ̾ ġ߳. 󰡴ߴ. ׷   ȹ?,,,,,,,
647,尨 ϰ Ȳ ׳ Ƽ ʹ̾  ġ鼭  ȭ.    鵵 ̾  ִ ͸ ѹ ڴ.,,,,,,,
648, 1  Ʊ. ߲ȭ,,,,,,,
649,ȭ  ̶ ؿ ϱ淡 47 մٰ ϰ ,,,,,,,
650,¥ ۾˹    ̰ǹ 丮  尨  ִ°Ծ  ٰ ڱ ȭ  ̰,,,,,,,
651,ƴ   ḻ ٰ ü  30 Ŀ ٽ ؼ  ǹ̵  󺹱ϳ?,,,,,,,
652,̰ 47   ,,,,,,,
653, ̾ 鿡 밡 ΰ   ö󰥶    ٲ鼭 ΰ  ű⼭ ũ ÷ȴ ( ȯ̾)   ʹ ƽ,,,,,,,
654, ۵ϴٰ  ϱ    ,,,,,,,
655, ʹܿ 2  ܿ  ؾߵſ?,,,,,,,
656,켱 ȭ հ ôµ  ۵   ¥    ¥ ¥..   ô Ư ̷ ȭ   ġε..,,,,,,,
657,,,,,,,,
658,,,,,,,,
659,ڲڲ  ȭ?,,,,,,,
660,  ΰ ؼ ֿϸ鼭 ٰ   ƴ.  3¥  κ  6 ö.<<<>>>ٵ ׳ ȯ̾ ä ų ȯ ...,,,,,,,
661, ĸ Ⱦؼ ,,,,,,,
662,2 ôµ 1 ξ ׿ 尨 . ٵ ߰ ȥ ͼ  ڴ  ǹ .. ϼ  ,,,,,,,
663, 淡  ΰ ߴµ  ְ     մµ?    ϴ  Ҹ;;;,,,,,,,
664,ؾ,,,,,,,
665, Ļ  Ѵ,,,,,,,
666, ũĹ ôµ ,,,,,,,
667,  尨 ߴٷ .,,,,,,,
668,ͺ  尨 ϰ ش,,,,,,,
669,ȮѰ 2 ξ մ.   ȭ. ￡  ȭ ϳ ɵ.,,,,,,,
670,  ̺ Ŀ Ҷߴµ     ,,,,,,,
671,   ȭ ְ þ亼 ؿ,,,,,,,
672, Ȳ ߹ ġ   ǹ̸ ,,,,,,,
673, żؿ.帣 ó̶   b+ Ǵ ȭε,,,,,,,
674,  żϱ⵵ ϱ⵵... Ÿ⵵... ׷  ¥ ߾ 2  ,,,,,,,
675, ϰ  ȭ!,,,,,,,
676,!!!!!!!!,,,,,,,
677, ũ     ??,,,,,,,
678, ֱѵ...    ? 帣 ƴѵ,,,,,,,
679, ҳú  尨  ÷ ٷ ֺ~,,,,,,,
680,簨 ǵ𹫾   Ŭ Ȧ  ڳ׿! ΰ   ׷  ϳ׿,,,,,,,
681,÷ ȭ ø(Uflix) ȭ ýϴ...ϳ׿~~ 472 ߴµ װ͵ ߰ھ~,,,,,,,
682,   .    ؼ ô.,,,,,,,
683,ֱٿ  ȭ ְ׿. 꿵ȭ 1000   ȭʹ 񱳰 ȵǿ.,,,,,,,
684, ϳ׿~ ḻ ٰ ҾȺҾ ߴµ  .... 㹫  Ҹ. ųŸӿ Ҿ~    ѵϳ׿.,,,,,,,
685,     ,,,,,,,
686, 춳   ,,,,,,,
687,¥ Ǻ ʹִ   ΰ̵ȵ . ³  Եƴ.ɿ  Ҵ. ȭ    ذȰ.,,,,,,,
688,ιþ ʹ մ ̤,,,,,,,
689,  Ƹֱ,,,,,,,
690,Ʈ ǰ...ḻ ̸  ̳;;472 ̹ µ ñϳ,,,,,,,
691,³  αٵα ! 񵿾   ̳׿~~,,,,,,,
692,? ܼ ˾Ҵµ ¥   ϴ.,,,,,,,
693,ųŸӿ  ,,,,,,,
694,Ե ְ ٵ  ٹ߾ ȭ,,,,,,,
695,  ,,,,,,,
696,   ̸,,,,,,,
697,  帣   ....԰ ְ Ư ذ  ,,,,,,,
698,  Ҹ,,,,,,,
699,  ӿ ִ ,,,,,,,
700,   Ҹ Ф 鼭  հԺ,,,,,,,
701,  ְ 尨 ġ ǵϰ   ȭ.  ϰ  Ļ    ,,,,,,,
702,̷Ա ؾߴ ̤,,,,,,,
703,ʹ ٰ ᱹ ü ¥ ǽɵ  Źȴ  ؾ..,,,,,,,
704,.. .,,,,,,,
705,尨 ¥ ְ û ð ϳ ؼ   شȭش.  ΰ ó Ҹ Ƴʰ ٰ κ ⵵   ¡¡Ÿ  ¥ ..,,,,,,,
706,̰  ̷帣 մϴ   հԺó׿,,,,,,,
707,   ְ,,,,,,,
708,1,,,,,,,
709, ȭ ˰ ôٰ û  ׿..   ణ ĸ ִٸ   ϰ̴ϴ,,,,,,,
710,尨 ¯~!! ٵ ḻ  ~?׷ ƴ 볪 ,,,,,,,
711, 尨   帣 Ư  ,,,,,,,
712,볪׿? ??  ??,,,,,,,
713,ذ ణ ־   ׸ Ҹ 鸱  ʿ Ʈ    ϰ   ƴϿ ..,,,,,,,
714,ũ 뷡 Ƽ ... ȭ 嵵 ̷µ  ׳ ѵ,,,,,,,
715, פ ϰԵ,,,,,,,
716,  ؾ 糭ȭ ٸ,,,,,,,
717, 鳢 Ҹ  Ÿ ȯ ,,,,,,,
718,¥ϴ. ѵ ,,,,,,,
719, հԺ.  ....Ҹ...ФФ,,,,,,,
720,   .  ¥ .. ٵ   㹫,,,,,,,
721, ׻  ȭµ    ,,,,,,,
722, ḻ ߴµ 尨,,,,,,,
723,ֳ׿  ׷ Ʈ ҽϴ. 갡  ̱  Ҷ   ٵ̰ ìְ,,,,,,,
724,̶ 3°ź Ӷ  ,,,,,,,
725,԰ ȿ Ǹϰ 丮 غ  Ҹ´,,,,,,,
726,̱̱ ϱ~ ̷ ~,,,,,,,
727,丮 ϴٰ ,,,,,,,
728, ǥҼ ...  ְԺô.... ...  ǰֳ..,,,,,,,
729,ְ 糭ȭ  ְ,,,,,,,
730,  ȭʹ ޶ ,,,,,,,
731,³   OO..,,,,,,,
732,ѳ  վϴ٤,,,,,,,
733, ̶  Ҵ . ȭ  ҿ  ߰ ߵ  ģ .. ߵ ɷ ϰ ° ʹ  .  δ Ե  尨   ö...,,,,,,,
734,վٽúʹ,,,,,,,
735,󰡴 ̾ ߽ϴ,,,,,,,
736, ϳ  ̹,,,,,,,
737, ʿ ,,,,,,,
738,ְ..ɤФ  ,,,,,,,
739,׳ ٿ޾Ƽ ñ..,,,,,,,
740,̱ DVD ȭ ߴٰ   .  ߰.  ˰ſ .,,,,,,,
741,⸮̴ŰġϺ,,,,,,,
742,׷ 㹫ϴٰ ׷׿ ,,,,,,,
743,ֱѵ ׳ѿȭ...,,,,,,,
744,ģ ڰ   ȭ. ū ̶  ˾Ҵµ ˸   ḻ.,,,,,,,
745,׳   °Ծ,,,,,,,
746,Ϳ ̹ ḻ ־.. Ͱ و,,,,,,,
747,ģḻ̶ Ϳ ϰ ôµ  ḻ̳..    ..,,,,,,,
748,  հ ýϴ,,,,,,,
749,ðٸ𸣰 ó׿ ±,,,,,,,
750,³  ϰ ,,,,,,,
751,ֽϴ.   ƴϴ,,,,,,,
752, ȭ Ͱ.,,,,,,,
753, 볪!!  A ȭ,,,,,,,
754,̳׿,,,,,,,
755, ް  . ̸.,,,,,,,
756,ߴ ͺ 丮 ְ  ¦  ִ ȭ,,,,,,,
757,..ƽ,,,,,,,
758,  ׿ ֽϴ..,,,,,,,
759,׳  . ȣȣ  Ͱ ȭԴϴ.   ʾ ģ ζ,,,,,,,
760,԰ 尨   ȭ ְε...,,,,,,,
761,̿;ƾƾ¯̴پ,,,,,,,
762,̰ź   ٴϴ μ 47cm ٴڿ ڽ.,,,,,,,
763,ȭ   ,,,,,,,
764,ð  𸣰 ʹ ְ հ ,,,,,,,
765, Ծ հ   ,,,,,,,
766,־׿  ,,,,,,,
767,ؿ ϰ׷ ¾ƴѵ ḻƽ,,,,,,,
768,̹ մ,,,,,,,
769,ְ ߺҾ ƿ ¯,,,,,,,
770,׳ɱ׷ õմϴ,,,,,,,
771,κ ... Ż...   ... ,,,,,,,
772, ߵ  ȯ...,,,,,,,
773,ɸɸ ޽̴,,,,,,,
774,׳.. ³ 尨 ʾѽϴ.,,,,,,,
775,ųŸ . 밡    ..,,,,,,,
776,¦¦    ־ ȭ  尨  ƽϴ,,,,,,,
777,  ,,,,,,,
778,嵵 ǰ ųŸ .ణ 㹫,,,,,,,
779,¥ 尨 峭 ƴϾϴ!!,,,,,,,
780,Թϰ Fϴ..,,,,,,,
781,ġ ѹ ̳׿,,,,,,,
782, 㹫ѰͰ׿,,,,,,,
783,ȭ   ְ   ϰ  ȭ̳׿ ¯¯,,,,,,,
784,ְ,,,,,,,
785,  ׷ϰ ϴµ ̰ǹ ° ϰ;; ̻ ģ  ̻ 谭ϰ  ȵǴ  Ͼ  ̳ ⰰ ȭ  ֱ⵵ Ʊ  ð   ȭ  ...,,,,,,,
786, 𸣰 ʾ,,,,,,,
787,ذź  ǵ,,,,,,,
788,մϴ ذ ¦ֿ,,,,,,,
789, ʹ ϰ־µ վ~~   ϰ   ̾µ 47ʹ վ䤾 ذ,,,,,,,
790, ־ 丮 ʹ Ф,,,,,,,
791, ü    ̴,,,,,,,
792, ϴ  ,,,,,,,
793, ̾ٴ° 㹫ߴ,,,,,,,
794,ְ. ¥!,,,,,,,
795,߾..,,,,,,,
796,߹ݺκ        ,,,,,,,
797,ִ¿ȭ մϴ~,,,,,,,
798,׳ ׷. ǰ   .,,,,,,,
799, 㹫 ̸  ȭ,,,,,,,
800,¦ ݾ  ڸ  ÿϰ  ȭ  ƿ!  ־~,,,,,,,
801,ظϸ鱸 ,,,,,,,
802,       ϰ ȣź ã   ġ     ƹ͵ Ⱥ̴µ 󸶳  𸣰 󸶳 .. ާ,,,,,,,
803,ŭ 븸ŭ  ƴϾ..,,,,,,,
804,Ҹ   ȭ,,,,,,,
805,³ ..ذ ׷ ﲨ ߴµ  ̱¿ȭ,,,,,,,
806,ħ ʹʹ վ Ϳ  °Ŷ µ ʹ  !!,,,,,,,
807, κ 㹫ϱ Ͽ ﶩ ѹ ϳ׿,,,,,,,
808, ???? ϰԸ׿,,,,,,,
809,̺ҹ ϴٸ ϱִ ȭ,,,,,,,
810,ִ ȭ ..,,,,,,,
811,..?ϴ ,,,,,,,
812,÷ ѵߴ ̷ ð ä쳪~ϰ     ߿~츮 ֵ  ü ϸ ȵǰڴٳ׿7~,,,,,,,
813,   ḻε ȯ ۵Ǵ κ ϱ ̶ վ. ٵ  ḻ ϵ  ȯ 丮 Ҹ...,,,,,,,
814,... ...,,,,,,,
815,׳ ģѳ׿,,,,,,,
816, ִ ȭ.   հ þ.,,,,,,,
817,а ߳. ʿ    Ŀ÷ ȳ     ?   °Ǵ   Ż Ѱǰ? ḻ ƴٰ ߴ´ ḻ? ƹ  𿡼 ģḻ...,,,,,,,
818,Ѽ´ Ǵϼ,,,,,,,
819,    尨ְ ,,,,,,,
820,̾ ˴ ̳߱?ѵ   ӿ ĹھƳְ  ϴϾ..,,,,,,,
821,  8帳ϴ~,,,,,,,
822,뾥͸,,,,,,,
823,  Ե ֻ ̿.. 㹫 ḻ ƽ ȭ...,,,,,,,
824,մմմ٤,,,,,,,
825, ̿͵̼ հ f׿,,,,,,,
826,ĿĿũũm,,,,,,,
827,Ծ!!!!¥ƾƾƾ¥ƾƾ ٵ Ƽ Ű澲̱ ϳ׿ ,,,,,,,
828, 尨  ʰϴ ȭ. õ!!,,,,,,,
829,״ιģḻ ¥㹫,,,,,,,
830,ȭ    ,,,,,,,
831, Եְ!,,,,,,,
832,վ ʹ ϸ鼭 þ!!,,,,,,,
833,  ȭ,,,,,,,
834, ʾ!.!,,,,,,,
835,վ ⸸ ,,,,,,,
836,ߴźٴ̳䤻,,,,,,,
837,߽ϴ. ð ,,,,,,,
838,Ǹ....;;;;,,,,,,,
839,վ  ¦¦ ,,,,,,,
840, νմϴ.ӿ,,,,,,,
841,׷?ϰ پ˰ û ϰ þµ..,,,,,,,
842,ܼ ϳ  ׸ ȭ ٰ 㹫 ḻ... ϰ  ߾...׳ ȿ п    ׳ ȰŸ...,,,,,,,
843, ....,,,,,,,
844,  ǰ ־ ߸ϸ ϴ ε վ,,,,,,,
845,   Ұ  Ҿ,,,,,,,
846,尨 ְ  ,,,,,,,
847,ɰ..  Ͱ !,,,,,,,
848,ϰ   ӿ   Ű,,,,,,,
849,  ʰ    ȭ Ѱ ƴϱ  ,,,,,,,
850,ѰŰ ...,,,,,,,
851,󤸾 Ф,,,,,,,
852, Ұ ÿ,,,,,,,
853,մ.û÷ó,,,,,,,
854,Ծ ְ^^ ȥںôµ ʰ ߺýϴ,,,,,,,
855,ż ȭϴ.,,,,,,,
856, 𸣰 ȭ  Ƽ ᵵ Կ....,,,,,,,
857, ״   Ե ׿,,,,,,,
858,     ϰ մ,,,,,,,
859,ɾ ȭ   ,,,,,,,
860,׳ ׷,,,,,,,
861,jakabsvdhdjnddmd,,,,,,,
862,־ȳȿֿֿֿ,,,,,,,
863, ..,,,,,,,
864, ʾҴ  ȭ.,,,,,,,
865,  㹫ϰ ȣϴ,,,,,,,
866,  ȭ ؿ,,,,,,,
867, 7 ⵵ ϸ鼭  ణ ƽ,,,,,,,
868,ճ׿. ̰ ýϴ.^^,,,,,,,
869,Қϴ ,,,,,,,
870,̾ ..?..?,,,,,,,
871, ϴ е Թ      ͵   ̶ ׷ ³  ̱ վ䤾,,,,,,,
872,԰ Ӿ,,,,,,,
873,̷ 糭ȭ 뤾,,,,,,,
874,Ī ص ƴ  찡 Ҹ ġ  .   ᱹ ΰ.,,,,,,,
875, ð̿,,,,,,,
876, ־ ׳ ׷ ٺ,,,,,,,
877,ͼ  ڱ  Ҹƾ,,,,,,,
878,  δ վ䤾,,,,,,,
879,ͽƮ ɾѴ٤,,,,,,,
880, ÿϰ 游 ȭ ~ ԰ ְ  ְ !,,,,,,,
881,¥  ״ ģ ȭԴϴ. ¥ ߸ٰ ϴ ȭ.  ̻  ʿ .,,,,,,,
882,尨 ...ḻ ,,,,,,,
883,վ!   ¥...Ƴٴ ȵ ٽ  ٲ ..!,,,,,,,
884,ѽõ 尨  ,,,,,,,
885,,,,,,,,
886,ʹʰԵ,,,,,,,
887, ǿ,,,,,,,
888, ׷Ƽ  Ҿ.  ׷Ƽ  մٴ ̿.^^;,,,,,,,
889, ũ ö󰡴 ׶ ~ Ҹ   ִ ȭ !,,,,,,,
890,޾׳ɱ׷εؿ,,,,,,,
891,ز  װͿܿ ,,,,,,,
892,ʹվ Ǻ;,,,,,,,
893,尨  Ե ¯ //  ִµ~   ..  峭 ƴ.   ~!!!,,,,,,,
894, . 30    ȭ  ̰ 忡 .  ,,,,,,,
895,վ ְ ƿ,,,,,,,
896,  ѱ   ,,,,,,,
897, ڱϴ...   .      ٴӿ ִ Ȳ.    ´.,,,,,,,
898,  ְ! 󸶳  .    ôٸ  ٰ   10  ſ.  Ź õ ҽϴ. ±.,,,,,,,
899,ḻ ƴٱ淡 ôµ,,,,,,,
900,԰  ġ µ    㹫...,,,,,,,
901, ʹ 丮 źź  ,,,,,,,
902,̷Ӱ   ȭ,,,,,,,
903,尨 ġ ԰Ժþ. ȭ   ̺ ҰŰٰ ģ ߳׿䤻,,,,,,,
904,¥ ϳ׿ ,,,,,,,
905, .  ع̶ Ȳ ü û  ޸Ʈ.   ,,,,,,,
906,尨ġ¿ȭФФ߰߰ Ƣͼ ѳ..ФФФ,,,,,,,
907,  Ѵ û ؼϰɸ  ξȳ°Ż ,,,,,,,
908,ְ  ýϴٰḻ̾ƽ վ!,,,,,,,
909,jsjsjsjxucucjcjjcx,,,,,,,
910, ҽȭ ,,,,,,,
911,   ȭ ϴµ,,,,,,,
912,ȣ  ȭϴ.,,,,,,,
913,尨 ! õմϴ,,,,,,,
914,մϴ Ե ְ հԺýϴ,,,,,,,
915, ־!    ְ  ְ,,,,,,,
916, հ 尨ְԺþذ ִ   ..,,,,,,,
917,ðٸ𸣰 ϰԵǴ¿ȭ!ٸȭ  Ʋ ְ ߺ^^,,,,,,,
918,"پ ̸ ö ȭ ""ũ""ȭѴٴ ϳϳ Ƿ  ""ũ"" ȭϿµ   ġ ¦¦ ϰ ſ ϰ ߺҽ...",,,,,,,
919,̵ ̵ ̵  ȣ ̼ Ű  ,,,,,,,
920,  Ŷ ٰ? ٵ     ٴ    ?     ȯ̶ ¥   .,,,,,,,
921,Ƴ 20!!ȭ 89,,,,,,,
922,״ڽõϰʾ,,,,,,,
923,ӿ Բ  鼭 ϰ   ȭ~@@,,,,,,,
924,뻧 뾸      ,,,,,,,
925,   ̷. ٵ  㹫ϴ ϴµ   ȭ   Ӹ ɵ.,,,,,,,
926,ĵ   ~~~~?,,,,,,,
927,ð ްö   ȭ ,,,,,,,
928,   47m õմϴ,,,,,,,
929, ӿ ִ° ΰ Ȳ  ..,,,,,,,
930,ѹ ƽ ־,,,,,,,
931,ذȭ    ΰŰƿ.    ...׿,,,,,,,
932,ְ ϸ鼭 ôµ    ƽ,,,,,,,
933,ȯ  ż߰,,,,,,,
934, ḻ Ű澴Ͱ  Ȳ̶ ϸ鼭   Ҽ̴ ¥ ϰ ƯϰԴ,,,,,,,
935,ϼҿȭ,,,,,,,
936,ȭ¥ 20а ð  鼭 ,,,,,,,
937,ġ    ,,,,,,,
938,  ϴ   Ե ȯ,,,,,,,
939,׳ ̳οȭ,,,,,,,
940,ͽſȭ   ȭ 47.   ̱Ѱ    ִ ȭٿ ̾ٴ  ִ 𸣰  30 µ  Ҹģ ޹   ...,,,,,,,
941, .   .,,,,,,,
942,ʹ Ż  ٸ ,,,,,,,
943,ḻ  ƽ׿ ...,,,,,,,
944, ϴ° ܿ,,,,,,,
945,  ׸ ٴ°Ϳ  ,,,,,,,
946,ÿ߾   äȭ Ʊ ʾҾ!,,,,,,,
947, Ҹ ̻ϰ DK!! Ʈ!!! 츮 س¾!!!!,,,,,,,
948,ḻ ʹ ̵ƴϰ Ÿ ԰ ְ ȭ,,,,,,,
949,Ҿ  ̸±Ф,,,,,,,
950,ϰ ôµ  ִ¿ȭ  !!,,,,,,,
951, 尨...   ϱ? ϱ?   װ̴....,,,,,,,
952,̿ȭ ְ      ȳ  ū̴,,,,,,,
953,ḻ 󸶳 ߿  ִ ȭ ƿ. ȭ   尨 ߵ û  Ŭ̸ µ.. 󿵽ð  ȭ  ٰ    Żϴٰ ؾϳ.. ׷ ȭ ...,,,,,,,
954,ī޶ ո ɾ.. װ   ΰ  ̹ ,,,,,,,
955,  ʾ,,,,,,,
956,ʹ .. ߴµ ,,,,,,,
957,  ̷ ÿ ȭ ִ°  . ųŸӿ . ȭ  ,,,,,,,
958,ȭ ְ ְ Ҿ,,,,,,,
959, ̺ غ 忡   ణ ̻ κе ִµ,,,,,,,
960, ȭ  ֽٰ ..ȭ   ƴѵ,,,,,,,
961,  ӿ Ͼ Ȳ ƹ͵  ʴ°   ԵǴ° ʹ Ұ ȯ̿Ϳ ѹ Ҹ,,,,,,,
962,ΰ Ƴ׿....,,,,,,,
963, ̸° Դϴ  ḻ..^%,,,,,,,
964, ģ  ׳ ..    ѱⰡ ϴ. ׷  ȭԴϴ.,,,,,,,
965,ٻҰ ̸  ó..̾ƽ,,,,,,,
966,        ʴ.,,,,,,,
967,ְԺٵ㹫,,,,,,,
968,  ΰ پ˾Ҵµ ̿...,,,,,,,
969,簡 ϰ  ̱. ذ ׸ ḻ .,,,,,,,
970,Ҽҹḻ̶ ϰµ  ǸԴϴ٤,,,,,,,
971,  ,,,,,,,
972,  ΰ  ٸ ִ»  ,,,,,,,
973,̴ ִµ ḻ ׷ ׳  ȭ...   ϴ ḻ װ ± ϰ...   Ȯ....,,,,,,,
974,԰ ¾ ٵ  ˴,,,,,,,
975,׳ɺ1010,,,,,,,
976,׳ ׷䤾...,,,,,,,
977,׳ ¿ͺٴ ̶ ׷   ȭ° ϳ...,,,,,,,
978,׳  ȭ...,,,,,,,
979,ٰ ɸ  ȭǴ \׷    ־ 7,,,,,,,
980,ҽȭ ̾,,,,,,,
981,  տ   ħ!   ְ վϴ.,,,,,,,
982,ٴٸ  ϴ̶  ȭ     ׿;;  ǫ  fϴ,,,,,,,
983, ѸѸ ҿ ~,,,,,,,
984,̺ ٽ Ҳ-_-󹫼,,,,,,,
985,޿ ĭ µ  ,,,,,,,
986,ȭ鼭  ö ϸ鼭 Ȥ   ȷȴµ,,,,,,,
987,ϳ մ ȭ~  ÿϰ  ε^^,,,,,,,
988,Ӱ 󿡼  ,,,,,,,
989,  뤻غ ȭ  1̴,,,,,,,
990,̴γߴµ Ű ¼׿  ٸ,,,,,,,
991,    ¥~뿡 ģϳ׿,,,,,,,
992,忡  ŷ ģ ϳİ....,,,,,,,
993,̿~^^,,,,,,,
994,  ȭ.  ٸ 丮  ϰ ḻ ñ ȭϴ.,,,,,,,
995, ұ 巴 ̸ٰ ұ   ɰž߿ģ~,,,,,,,
996,  ͻ  ־ ׷ 긮鼭 þ ſ  ̱̱,,,,,,,
997,   ʰ  λ  ͼ  ԰   ġ ḻ 㹫ϴϴµ  ̷ ḻ ŰƼ  ߴ,,,,,,,
998, ߰߰ ¦ 鼭 ÷  հ þ ,,,,,,,
999,ѹ  õ. 氢 ִ ȭ!  ~,,,,,,,
1000,  û  ġ׿  ȥ,,,,,,,
1001,ðε  û  Ѵ. ̷ ü  ڤ,,,,,,,
1002, ʾƿ,,,,,,,
1003,    ,,,,,,,
1004,̿ȭ λ־ ѹ մϴ  ٲ,,,,,,,
1005, ̸ ô~!!! ̺ ڰ  ѹ ü̺ϸ  ν  ǫ Ф  伭   ٷ  Ȳ Ǽ ~    ϸ鼭 Ҵµ ...,,,,,,,
1006,尨ġ  ־ Ÿӵ ؼ ƴ   귯׿,,,,,,,
1007,ÿÿϴ մϴ,,,,,,,
1008,  ҽ?!ø(°)   !!!! ģ ζ ߴµ ׳  ȭ  ģ  . ׷ ̰ !!!!    .... ɸ  йϴ   ...,,,,,,,
1009, ٴټӿ  .   ,,,,,,,
1010,׷ ̶  ־µ ḻ  ߴ  ׿.. ϵ   ѷ ϰ þ.,,,,,,,
1011,ذ   ȭ !    ? ̤,,,,,,,
1012,ó   ̴,,,,,,,
1013, ۿ  ϴ ȭ,,,,,,,
1014, 㸮       Ż  ̴ ̴.,,,,,,,
1015,  ýϴ  ̵ ̶ ȯ Դ´ Ҹ    Ҹ ǳ׿ƹԵ  ,,,,,,,
1016,ġ ȭ  ġ ϰѴ,,,,,,,
1017,  ¥ȭٰ ڴ° ε ̰  ƴ  ,,,,,,,
1018,鵵 üϷ Դµ,,,,,,,
1019, հ °   ϰ  ȭ..     ,,,,,,,
1020,  . 뷡,,,,,,,
1021,ģ..   ̰ų ܵ  ٔf,,,,,,,
1022,   ˾ ´,,,,,,,
1023,Ҿƴϰ ....밡    ƴ϶ ߵ ,,,,,,,
1024,ε    İ? ȭ ȴٰ ģ ḻ,,,,,,,
1025,ḻ Ҵ  ܺ ⵵ ָ  մ ȭ!!,,,,,,,
1026, 3~~ վ,,,,,,,
1027,   ߴ. Ұ ־  ϴٴ..,,,,,,,
1028,ȭ鼭  ȯ,,,,,,,
1029,4D ƴ϶ ƽ׿,,,,,,,
1030,  ð ϰ      ʳ׿.  ణ   ִ ȭ ϴ.,,,,,,,
1031,   ״ ФФФ,,,,,,,
1032,ſ ְھ,,,,,,,
1033,ҽø  ̰  ְͰƿ!!,,,,,,,
1034, ̱ϰ  ߳׿.  ҽ  ø ȭ ׷   ٶ ʰ    ȭδ ߾,,,,,,,
1035,ҾƲ ϴµ   ,,,,,,,
1036,ü 丮 Ұ ԰ ִ ȭѰ ƽ ḻ ʹ  ߳׿,,,,,,,
1037,ҽġ 7.5 ƴѰ Ƽ .. ³ 尨  .,,,,,,,
1038,尨   ġ    ߰,,,,,,,
1039,뺸ٴ հ ô ȭ,,,,,,,
1040, տ   ¦һ ձ ٵ  Ű° Ѱſʹ´޸   ɱ׶黷 ׸ Ÿ» ¯,,,,,,,
1041,  ḻ,,,,,,,
1042, ȭġ  µ 丮  Ÿӳ 尨ְ վ Ʈ ʾƼ Ҿ,,,,,,,
1043,   㹫ϱ,,,,,,,
1044, !!!@!!!,,,,,,,
1045, ÿϰ  ȭ õ!,,,,,,,
1046,㹫ġ׿~,,,,,,,
1047,  ѵ ü 丮  ̴ٸ ѹ     ״  ٵ..,,,,,,,
1048,  ô ٴ      ٴټӿ ü ϴµ  αٵα ѿ  ְ ȭε ȭ  ٴ  ,,,,,,,
1049,  ýϴ~̺ غ ׷   ʹ׿~  ġ 복׿ 80 ªԴ ׿,,,,,,,
1050,켱,,,,,,,
1051,ģ̶   ȥڴ ϰ,,,,,,,
1052, ճ׿.. ³ ϸ ȵǰڱ ϴ ׿.. ḻ ȯ̶ ڹٲ   ƽ ֳ׿ ,,,,,,,
1053,߽ϴ.  ȭ  ׿.,,,,,,,
1054,³     ٸ Դ...,,,,,,,
1055,ǰ   ־ Ȳ    ִ    ˷ִ ȭ,,,,,,,
1056,׳ soso մϴ...,,,,,,,
1057,׳     Ф    ô!,,,,,,,
1058,Ÿ  ª⵵  ð 𸣰 þ Ե ְ̿!,,,,,,,
1059,Ʈ ̿ȭ ḻ ƴ  ̸߿ ƴ ̸ ߿ ׷ ,,,,,,,
1060,¥ հ .   ׿,,,,,,,
1061, 47ͱ µ ̺,,,,,,,
1062, ȯϴ 鿡 氢 ɾִ  ȭ Ϻ񿡸 ñ ñ,,,,,,,
1063, ڶ   ڴ ׳ ҵϰ  䵵,,,,,,,
1064,ḻ Դϴ. 47Ϳ   ʴ´ٴ  ϰ ,,,,,,,
1065,ģ ƴ϶ ڸſٴ,,,,,,,
1066,Ծ! ! ȭ ߸ϴ» ߺ󱸿!Ҹ Ф̤,,,,,,,
1067,㹫..ģ   ϴ ȭ Ⱥ.. ,,,,,,,
1068, ¿ ḻ 㹫,,,,,,,
1069,ؼ   ־ ȭ. ū ũ   尨 ġµ .,,,,,,,
1070,ǿܷ վ ٤,,,,,,,
1071, ʹ ,,,,,,,
1072, ģ ȭ  ôµ ̰  !!,,,,,,,
1073, 𸣴   ȯ    ġ     ȵǴ κ Ҵٸ ׷ ϳ û,,,,,,,
1074,ֱ  ȭ߿  λ׿,,,,,,,
1075,ʹ m ߴµ ,,,,,,,
1076,۳⿡ ͵ 볪 ôµ ͵ ճ׿~~   ٸ ̿~~ ̰  ǰ ־ ʹ,,,,,,,
1077,µ    ,,,,,,,
1078,ٸ ȭ    ..,,,,,,,
1079,  Ф.. ҿ ذ ¦ ־µ ȭ鼭 ,,,,,,,
1080,ųŸӿ ֤ÿ~ õ,,,,,,,
1081,ḻ ƽ.. ׸ û !,,,,,,,
1082,ģ ḻ  .  ȭ̱ ϳ  .,,,,,,,
1083,"ƴ ̷  ȭ ִٴ!"" ȭ  ƴ""",,,,,,,
1084,͸  ܼ ȭ ߴµ..     ƿ!  ְ ߺó׿~,,,,,,,
1085,ѵ ¥ 븦 ؼ ׷ ḻ   ȵ ׷  ϵ ɻ޾  ߺþ,,,,,,,
1086, ѳ ؼ  ѳ ,,,,,,,
1087,ʹʹ հ ó׿. λȭ Դϴ.   . ߵ帳ϴ^^;,,,,,,,
1088,ʹ޸ ߾   ̻    ,,,,,,,
1089,  ôٸ  1  ͸ ʽÿ,,,,,,,
1090, ȭ : ĺ 丣,,,,,,,
1091,þ 47Ͱ  .   .,,,,,,,
1092,ÿ     Ӵ ԰ ġ Ĩϴ   ñ,,,,,,,
1093, ϰ ôµ Ե  ̰  !   ־ ǻ 10    ,,,,,,,
1094,ð  ;;; ǹϴ° 1 𸣰..,,,,,,,
1095,  丮   ,,,,,,,
1096,鼭  ȭ¦ ȭ¦;;; Ź~ ̰  ׳ ٴ  ~~,,,,,,,
1097,ذ Դϴ. ֳ׿ Դ ð ˰ ó׿,,,,,,,
1098,ȭ  հ µ ȸ翡 ȭͼ ߰ ±,,,,,,,
1099, 뿡 ǿ 涧Ͱ  ,,,,,,,
1100, ̰ Ͽ Ե ؼ ,,,,,,,
1101, ̰ ʴ.,,,,,,,
1102,Ե ְϴ,,,,,,,
1103,¥ ģ డ ȸ ̶°  üϰ  ,,,,,,,
1104,ģ԰.. ȭ  Ÿµ ߶ϴ,,,,,,,
1105,ʹ ʹ ˴ϴ    ȭ  ,,,,,,,
1106,  ̿~^^,,,,,,,
1107,ȵǴ κ ʹ  Ȯ ųŸӿ  ʴ.,,,,,,,
1108,  ñ   Ը ô,,,,,,,
1109,ȭ47ͳʹʹ Ǻ;䤾 ߺ,,,,,,,
1110, ʹ ־   ־Ȯ ȭ  ذ Ṳ̶̋ ͳ׿,,,,,,,
1111,   ȭ׿,,,,,,,
1112,ģȭ     ,,,,,,,
1113,ְ .. ȭ ù.. ̷ֵ ˹ٱ ׸ ְƴϰ ȭ ׳ ħ,,,,,,,
1114,..   ͻϰ ߴ!  ʹ ...,,,,,,,
1115,ʹ  ؼ ḻ  ߴ. Ϳ  ƴ װŸ   Ҽ־...Ȯ  ȭ հ  ....ӿ  ¥  ,,,,,,,
1116, ȭ ؼ ôµ վ䤻  شð ϰ  ȭ Ⱦϴµ ̰  ־   ʳ׿ ,,,,,,,
1117,  ұϰ ĩĩ     ־. 尨  ԰ ӿ    հ  ־.   ־  ⸦ ̷ ̷Ӱ Ǯٴ,,,,,,,
1118,ũ  .. ⿡ ƺ....ϰ  .,,,,,,,
1119,԰Ҵ¤... .. Ծ.,,,,,,,
1120,ü ض ִ ɸȭ  Ż ع氨 ѽ,,,,,,,
1121, ȭ ƴϰ ѵ Ϳ ִٰ  ʾҾ Ҵµ  ϰ   ̶ ƽ.,,,,,,,
1122, ¾   . ,,,,,,,
1123,Ԥ尨 ׸? ߵ,,,,,,,
1124,׸  ̾ ʾ ŭ ìٰ,,,,,,,
1125,¥ Ե.. ..￡  ȭԴϴ^^,,,,,,,
1126, Ҹմϴ^^ְԺ~^^,,,,,,,
1127,ְ ߺý..ȯ ڤ,,,,,,,
1128,հ ߺýϴ.  ŷ....,,,,,,,
1129,κ... ־ϴ.,,,,,,,
1130,վϴ    ȭ?,,,,,,,
1131,  ִٴ° ,,,,,,,
1132, ¥  1ð 30 ýϴ.,,,,,,,
1133, ѹ ⿡ ׿^^  ֱ~,,,,,,,
1134, Ÿ ġµ  ְ ⵵       Ѵ,,,,,,,
1135,尨 ְ ħ! ³  Ұ Ԥ ḻ ̫ س  . ذ ִ»  Ű..   վ~~~~,,,,,,,
1136,Ȯ 忡   մ ȭ! ԰ ְ,,,,,,,
1137,  ̱̱ؿ,,,,,,,
1138, k ̷ ߿մϴ٤ ֳ״ ۺ 뷡 ,,,,,,,
1139,Ⱥ. . ȸҲ?,,,,,,,
1140,  հ ó׿.ḻ 㹫ߴٱ⺸  żؼ ҽϴ! Ͻô ϼ̰ڰԿ,,,,,,,
1141,ݱ ô ȭ  ̳ ȭ  ɱ   ϴ°    ̼ҿ Ҹ Ҿ @@ Ҿ ĺ ڱⰡ Ҵ  ⻵  ..,,,,,,,
1142,ó     ,,,,,,,
1143,¥ Ǵ ó̿ ұϰ ó  尨     ¥ ,,,,,,,
1144, ڤ,,,,,,,
1145,ٴټӿ ִ  Ե ϴ!  Ұ ʹ ʰŴٸ մϴ!,,,,,,,
1146, ̱ ̱  ߵ ;;,,,,,,,
1147,  λ ְ  ̿ϴ. ҽ  ݰ   ȭ Դϴ . ñ,,,,,,,
1148,ḻ ƴٴ ͺ ° ḻ  Ʋȳ׿  ־ϴ,,,,,,,
1149,CGΰ ƴµ~Ŵ  Կϴ ŵ ôµ~׷    ܴ  ˾Ҵ.ȭ     ~ ϸ鼭 .ߵ ȯ ų  ִٴ  ͼ  ȯ ...,,,,,,,
1150,վ ߰ ¦ ϱ   Ҹ...,,,,,,,
1151,  ,,,,,,,
1152,ƴ ̰  ģ ེŸ ϴ ֵ ȭ    ֱٿ  ȭ ߿ ׳  ̾µ,,,,,,,
1153,̷ ȭ ٽɿ 1.÷ ɿ 尨 2.׿ ɸ´   3. ϼ ϴ ġ Ұ  µ ű⿡ +  ,,,,,,,
1154,  ^^7,,,,,,,
1155,  ģ Բ   ȭԴϴ^^!Ѱ   ,,,,,,,
1156, Ͱ  վ 47ʹ ¦  尨   ׷ ̸ϸ ƴ,,,,,,,
1157,źź óѽõ ƴ ְư  ñ^^,,,,,,,
1158,־ ¯¯¯,,,,,,,
1159,    ־   ־Ͱƿ  ϴ 帣  ̷οͰƿ^^,,,,,,,
1160,  ٴӿź   . ƽð ˴ϴ.,,,,,,,
1161,   ̱̱   ģ    þ ,,,,,,,
1162,׿  Ȱ÷!Ҹ!  Ļپ˾Ҵµд!,,,,,,,
1163,ð δ   ȭ,,,,,,,
1164, ҽ ķ~^^ֱ ־~ ~^^,,,,,,,
1165,̶ ôµ  վ~47 ְ,,,,,,,
1166,¥԰  ذԸ   ʹ   ƽ  8 Դϴ~,,,,,,,
1167, ̳׿ ,,,,,,,
1168,ϳ׿ð Ʊʾƿ!,,,,,,,
1169,  ȭ Һ٤Ե ְ! Դϴ! ! ι! ! ¯¯,,,,,,,
1170,ճ׿!  ÿմ^^,,,,,,,
1171,ϰ ôµ ¥ ϳ׿䤻սϴ,,,,,,,
1172,ϰ  .ī  ذֳ׿ ,,,,,,,
1173,ϴ~   ְ  ְ~,,,,,,,
1174,  10 ְ  ?,,,,,,,
1175,ϸ 尨ϸ ԰ ϸ   ũȭȱ׷  ִµ  ۷ ...,,,,,,,
1176,¾ͺ   ̳ ؿ ~̷θ ٸ 10 ٸϳ׿,,,,,,,
1177,ؿ ȾƱ׿,,,,,,,
1178,ȭ ̵ ְ   翵ȭ.¥ .,,,,,,,
1179,    ܽδ° ?  ٰ 缭 뺴 Ƿ° ,,,,,,,
1180,ճ׿  ϰð ϱ ҳ׿~~!!!,,,,,,,
1181,ʹ վ ð ,,,,,,,
1182,̷ȭǾϴٹ!!,,,,,,,
1183,ѿ ︮ ȭԴϴ 尨ġ վ Դϴ  ߹ ⵵ ʹҾ ߰!!!,,,,,,,
1184,  վ.  . . .   Դϴ ,,,,,,,
1185,尨 ġ վ,,,,,,,
1186, ȭ  ¼,,,,,,,
1187,   ~ ߿  ٽ ߰ ,,,,,,,
1188,  ջ .Ǵ  ٰ   . ȭ    ִ ĳͿ ϰ .  ü̳ Ų ִ е  ѵ ϰ  ...,,,,,,,
1189,   ִ  Դ ȭ~~,,,,,,,
1190,ʰ 尨ְԺó׿ ѳ̱ϳ   ,,,,,,,
1191,԰ ߺó׿~~÷  ~~!!,,,,,,,
1192,~ Ե 峭 ƴϳ׿~  ,,,,,,,
1193,ϴ»ε Ǹ鼭 հԔf׿ ,,,,,,,
1194,ְ  ýϴ  !,,,,,,,
1195,  ճ׿,,,,,,,
1196,̴ ְ ͽų°ͺ ǰ  ġµ ڷΰ ؿ   ,,,,,,,
1197, Ͻø Դϴٱ~~,,,,,,,
1198,볪׿,,,,,,,
1199,<>  ĳ ߾Ǻ ̿̿,,,,,,,
1200,ó    ϵ  ḻ  ū 븦 ϰ ôµ ȭ鼭 ḻ  󰡴 ȭ,,,,,,,
1201,Ե Ÿ  ǲ??,,,,,,,
1202, ֿ ü  ̳   ¥ ߶ϰ  . ,,,,,,,
1203,մ  𸣰ڴ ̶µ  𸣰ڴ,,,,,,,
1204, Ұ ٴڳ°    ߵ ϴ. ػ 3 ͼ  ͵ ȯϵϴ. ۻѿ    ִ 47ͷ ͼ ؼ ö ϷѴٰ?,,,,,,,
1205, ȭ   ̴,,,,,,,
1206,2 1 ̾,,,,,,,
1207,  ȭ ¥   ,,,,,,,
1208,     ְԺþ,,,,,,,
1209,spri****///  ط ,,,,,,,
1210,Ұ ΰ̴. ǳ  ΰ  ȿ   ӷ .ḻ  ŷ.̰   ü ִ ñ. ȭ  ڿ ˰ ...ҽ ó ...,,,,,,,
1211,뾲 ,,,,,,,
1212,1.   ٸ Ұ ģ   ο      ,,,,,,,
1213, ִ  ȭ 鼭 ϰ ..̷   Ⱦ....ǿ ߸𸣰,,,,,,,
1214,ȭ  Ʊ ,,,,,,,
1215,ȭ  ٸ ḻ ؼ    ȭ¥  峭 ƴ,,,,,,,
1216, ȭ ḻ ƴٴ  ӾҴ.  ʹ 㹫.  丮 ƴѵ.,,,,,,,
1217,  ʹ վµ.... ̾ٴ  ׿..       ׷ ʹ վ. ϰ ⵵ ߰  ִٴ ͵  ׳   ȭθ ...,,,,,,,
1218,ͺ   ְ ,,,,,,,
1219,   ׶ ȯ ε   ϴ  ε,,,,,,,
1220, ȯ̰  ḻ ַ   ٱ ȺذǰФй,,,,,,,
1221,! ΰ Ҹ ߷  ȭ!!ΰ   Ҹ ѽð Ѱ ٺ   ʹó  ,,,,,,,
1222,³ ҸҴ ,,,,,,,
1223,׾  ¥ϰ վ!  ϰ !,,,,,,,
1224,ᱹǴϵ.Ʈ Ҹ  ڸ.  ߵ ȯ´. ϸ Ǵµ  ᱹ ڸ .  ..ö󰡴µ  󱼸Ŭ Ф డ 㰡...,,,,,,,
1225,ϱȴٸ ׳ֶ,,,,,,,
1226,̴. 㿡 ϱ ԰. ,,,,,,,
1227,ο  ~,,,,,,,
1228, ¥  ̸ ʹ ؼ  Ф,,,,,,,
1229,尨 ְ Ҿ   ٲܶ  µ   !!!    Ҿ Ƿ    µ ̾ٴ!!!  հ ̷ ǰ   ,,,,,,,
1230,ڰ  ϴ.. ϱ ϴ...  ϴ   ϰ.. ϴ ƽ ִ..  ϴ  ʹ  귯..  ׷ߴµ...,,,,,,,
1231,    ƴ    .,,,,,,,
1232,״ڽѸŭ Ǹ,,,,,,,
1233,ġ  ΰ Ǿ  ٴ ӿ     ϰ ϴ. Ÿӵ ª ųŸӿ  .,,,,,,,
1234,  ̿ϴ,,,,,,,
1235,̸վ,,,,,,,
1236,ߴźٴȭϴ,,,,,,,
1237,հ ȭ ߺýϴ.,,,,,,,
1238,    ȭ ǥ,,,,,,,
1239,ͰǾְ  ̾ µ ӿ ̵ȴٴ° ̾ȵ ׸ ̳ʹ ,,,,,,,
1240,ӤҚ뤧,,,,,,,
1241,    Ĵ޸ݾ ,,,,,,,
1242,...¥ ׷ ҽȭڰŴ ߴٰ ūڴƴ.źź ¥ӻְ ΰ ٴټӿ η   ܳ  дϴ ҽ.µ  ׷Ƽ ö.ֳ û µ ¥  ̷...,,,,,,,
1243,Ÿ  ô̳  ȭ ɻ,,,,,,,
1244,־  ߰κк ḻ ,,,,,,,
1245,ذִµ ¥  ξ κ ȭ  ... ذִ»ν ,,,,,,,
1246, ,,,,,,,
1247,ٿ޾ ôµ Ҹ .,,,,,,,
1248,ٴ    ϳ  ߾ ĥ배 ,,,,,,,
1249,ȯ 麸 տ   ôµ ..Ҹȭ     ȣϰ ǳ׿,,,,,,,
1250, Ե û ḻ ó ḻϰŶ  Ұ ª  ȭ,,,,,,,
1251,̰ź鼭 ٽѹ Ȯ.  ¦ ų   Ⱥ. ¥ 4500 Ʊ   ôµ °͵  㹫ϴ,,,,,,,
1252,ʹؼ׷ Ǹ̴,,,,,,,
1253,  ȭ! ׸ ,,,,,,,
1254,ũũũƾũũĿĿ,,,,,,,
1255,...ū밨 Ǹ ذŰϴ,,,,,,,
1256,ũ е̾  ,,,,,,,
1257,ȭ ġ  ~~~,,,,,,,
1258, ¥ ̱߳.   Ȳ Ž ĪŸ Ѿ ̱,,,,,,,
1259,¥ ̴ ̰ǹ ٿ޾ƺ  尨  ,,,,,,,
1260,ϰ ϰԸ .Ұ Ƽ ¥ Ȳ̸ ٷΤؾߵɰŰ..,,,,,,,
1261,³ ϰɷ ᱹ ϰɸ ׷ᱹ ̾ 尨 ,,,,,,,
1262,׳ ׷ʹ  鵵 ,,,,,,,
1263,47m   ḻ,,,,,,,
1264,ε ƴ Ǵ ḻ  ׷ ְԺ,,,,,,,
1265,Ƶ̶ ̺ôµ ־~~~,,,,,,,
1266,վ ġ!!,,,,,,,
1267,Ѵ Ҵٴ°ų? ,,,,,,,
1268,   ϴ,,,,,,,
1269, ȭƴϳ...,,,,,,,
1270,ḻ ƽ 㹫ϴ  ġ  ؼ,,,,,,,
1271,̷ ȭ ٵ 𸣰 쿬 ôµ..ֱ    ְ! . ȸ.,,,,,,,
1272, Ե,,,,,,,
1273,ȣ δ.,,,,,,,
1274,ųŸӿ  Űƿ,,,,,,,
1275,³ տ  ..;;;;    Ҹ  ׷...Ф,,,,,,,
1276,ְ    ȭԴϴ,,,,,,,
1277,뤩վ䤷,,,,,,,
1278,ʹʹճ׿ߔfϴ,,,,,,,
1279, ƽ    ̱ϰ þƿ,,,,,,,
1280,  ־ ,,,,,,,
1281,ΰ   ʹ  ġ.,,,,,,,
1282, Ǽִ   ȭ~ õմϴ,,,,,,,
1283,ϱ °͵ ϴ,,,,,,,
1284, ߽ε 200ٱ ϰ ֳ ﳪ  ۵ ض.,,,,,,,
1285,ʹ  ġ ־!,,,,,,,
1286, ̷ ȭ ִ  .,,,,,,,
1287,ٰ ð Ȱ  ;.,,,,,,,
1288,ϸ鼭 ɸ ȭ... ׳  ,,,,,,,
1289,  缭 Ĵٴ Ű ȭۺ  ׳ ,,,,,,,
1290,ð Ʊ ȭ ϱ⵵ Ʊ,,,,,,,
1291,ƴ  ¥ ̴   ٸ 1.2 ذɷ ϴ  ΰ    ¥   ϰ  ,,,,,,,
1292,̾ ߰߰ µ ªƼ ᵵ ϰ ,,,,,,,
1293,,,,,,,,
1294,  ̴..  Ǹϰ..  ˹پƴϰ ¥  10 ڰ ϴ ̿ȭ,,,,,,,
1295,  ȭ.       . ḻ .,,,,,,,
1296,ȸȭ 尨ְ,,,,,,,
1297,̱޾!  ,,,,,,,
1298,    Ű ,,,,,,,
1299,ڱ Ʈ  鸱  ȯû  ġëµ   ܿ ö  ԰ ִٰ ٽ ӿ ִ     ü  ,,,,,,,
1300, 밡  ϼ ;;;  ,,,,,,,
1301,־,,,,,,,
1302,˾Ҿ հԺ ׳ ´ ~~,,,,,,,
1303,  ,,,,,,,
1304,ְ ʹ վ   ᤡ  ,,,,,,,
1305,Դϴ 󿵰 ÿּ,,,,,,,
1306,尨 ְ ˷ٰ,,,,,,,
1307,̰  ҽ ?   ´ٴ°Źۿ µ ̰ 糭ȭ ƴϰ Ż⿵ȭݾƷŸ ªƼ Ե ߵǰ Ծ ٵ ΰ  ³  ¥̳,,,,,,,
1308, ̰ ¥ Ե  47  ޴µ ̰ź޴  Ҹ,,,,,,,
1309,׷,,,,,,,
1310,̰????!,,,,,,,
1311,,,,,,,,
1312, ְ վ   鼭 ϰԵʤ,,,,,,,
1313, ȭ̴...,,,,,,,
1314,,,,,,,,
1315, ⵵ ؼ    . 89̶ Ÿӵ ϰ 尨 ļ ׷? ð¥  ,,,,,,,
1316, ִ° ;; ḻ ɸ ƽ,,,,,,,
1317,׳  ڱ ͼ ¦¦   ,,,,,,,
1318,+  췯    ƿ,,,,,,,
1319,̷ȭ ȥں  ,,,,,,,
1320,ż  !  ʹ ؼ  ׷   ϱ   ׷ հ  븸!!,,,,,,,
1321,Ͷ   m,,,,,,,
1322,潺 .. ϰ ,,,,,,,
1323,尨 ¯ε...,,,,,,,
1324,꿵ȭġ ..ḻ 㹫  Ҿ.,,,,,,,
1325,ٴ 47,,,,,,,
1326,   ųŸӿ ȭ ð ݹ氨   ְ,,,,,,,
1327, ʹ հԺ ϰ  ôµ ..  ϰ ٸ Ǹ Ұ̴ϴ  ο  Ҵµ ȭ  .. ΰ    ԰  ׷ٰ ...,,,,,,,
1328,վ ȱ׷ ϴµ,,,,,,,
1329, ġ ̱ϸ鼭 ÿϴ!!!,,,,,,,
1330,   ŻѰ ƿ....Ф,,,,,,,
1331,ذ  ڱϴ ȭ,,,,,,,
1332, ׿  Ⱥ  ̾ϴٸ   ̻̾ϴ. õ帳ϴ,,,,,,,
1333, ڱ ǰ..   ȯε ϳ׿... 3 3 ƴϿ..Ҹ...,,,,,,,
1334, ø ~ٴ  ,,,,,,,
1335,ϰ ôµ  ճ׿,,,,,,,
1336,³̾;ФФФи!,,,,,,,
1337, ¥ 尨ְ  ǥ ,,,,,,,
1338,    ε.,,,,,,,
1339, ٴ      ÿ߰ Ե ְ,,,,,,,
1340,    ϰ    ߾...,,,,,,,
1341,鿡  ö  .,,,,,,,
1342,  ſ  Ҹ,,,,,,,
1343,׷     Ʊٴ   ,,,,,,,
1344, ḻ  ,,,,,,,
1345,ȣ⸦   վѴ,,,,,,,
1346,Ҹ/ ̿.,,,,,,,
1347,ƺ ѷѿ ̽,,,,,,,
1348,̾ ..,,,,,,,
1349,ٳ...Ӹ...,,,,,,,
1350,1ð   ť͸ °͸ Ҵ,,,,,,,
1351,¥ ؼ 긮鼭 .. 30پ˾Ҵµ ȭ,,,,,,,
1352,  ִ     ,,,,,,,
1353,¥ վ ٴ ,,,,,,,
1354,  ̾  ڳ   ȭ,,,,,,,
1355, 㹫ϰ ̾  ̾,,,,,,,
1356,ʹ ̰   آZ  Ʊȭ׿,,,,,,,
1357, ճ׿.,,,,,,,
1358,Ҹ ްִٸ õ,,,,,,,
1359,.,,,,,,,
1360, ȭ  Ե ¿ վ.   Ҹ,,,,,,,
1361, ͸ԴϴٻҰ ƴ϶  ؾߵǴµ û Ž...ũŰ 47  ߵ ׾...,,,,,,,
1362, ѽð.. ȭ Ⱥ° ðƳ±.  ε ۺ  ûפѤ,,,,,,,
1363,ó    ~~~ װ.... õ԰  Դٰ  Դϴ..׷   ְ䤾...!,,,,,,,
1364, αٵαϳ ,,,,,,,
1365,   ׷׽ũ      ߴ..  ׷  ..     ེٴ ..,,,,,,,
1366,ߴ ٴ .. ׳  þ~,,,,,,,
1367, ļ  ¥ڴ ؿ ִ𸣰 ƹ͵Ⱥ̴µ   ִ  ټҸ,,,,,,,
1368, ϰ մ. ū븻   ,,,,,,,
1369,ٴٹۿ ȳ  ̼ ȭ ̲   ȳĿ ׼Ǿ θǽµ. ־.  ̱̱. . .ƹ͵ Ⱥ̴° 󸶳   ɸ  ̿ ȭ. !!   ...,,,,,,,
1370,....߸𸣰 尨   ,,,,,,,
1371,ϰôµ Դµ..?  ¥ ,,,,,,,
1372,  հ վ վ!!,,,,,,,
1373,Ÿڽ  ̽° ƽĭ   ,,,,,,,
1374, ְ ҽϴ. ݶ ڷ   𸣰 ҽϴ ʹ ְ ģ Բ     · ճ׿ ܵ  Ծϴ õϰڽϴ ٿ ɿ ߽ĭ е ...,,,,,,,
1375, ¥ ֳ׿.  ߰߰    Ե ־ϴ,,,,,,,
1376, ص 尨   . ḻ 㹫ϱ ϳ׿..,,,,,,,
1377,  վ!,,,,,,,
1378,żϰ     ߾ ۽ ݾ  ǼҸ ϰ .,,,,,,,
1379,ٴپ鸸 ͼ ƽȵ鸰ź  Ƥ٤.,,,,,,,
1380, ̱ؿ..ѿ ȭ ¯ε..ٴټ ġյ Ұ ̸ε ̰Եſ..ÿ ù ȭδ  ѰŰƿ..ְ  ȭ,,,,,,,
1381,߹   ظ ִ   ִ    ȵǴ ȭ.  ¥   ߽ϴ.   ̴ ϴ° Ż !,,,,,,,
1382,  ̱ ȭ ְ ,,,,,,,
1383, Ծ~ ¸ 尨 ,,,,,,,
1384,   ȭ׿~~,,,,,,,
1385, ճ׿ ذ ¦ ־ ӿ  Ÿ ϴ...  ⵵ Ұ  վ~~,,,,,,,
1386, ö ¥ Фб׶ 尨 ̾ٴ..,,,,,,,
1387,Ƽ  ϰ ôµ ʹ ְ վ,,,,,,,
1388, Ȳ Եǹ..,,,,,,,
1389,... ͽڶ  ٴ ¥  ջǼ̳丮 ̳  c̾. ¥ Ѵ. ̶ָ 11õ̳ ְ ôµ ȭ ׳  еƴ  ķ ã Ӹ ...,,,,,,,
1390,..      ״  ˾Ҵ,,,,,,,
1391,  ٴٴ ..,,,,,,,
1392,   ΰ ൿ  t׷   ٴټӿ sns ..,,,,,,,
1393, ġ ̾߱Ⱑ ɲ 鼭  ȵǳ׿.  õմϴ.!,,,,,,,
1394,ߵ ׿..Ф Ҹ...,,,,,,,
1395,ȭ  ٤   ,,,,,,,
1396,ȭ   尨 ְ ḻ ְ հ ôµ   ذ ȵǳ׿... վ!    ȭ!!,,,,,,,
1397,³ 尨 ĥ  ..̤,,,,,,,
1398,90⵵ ҽ ־ٸ 2017⿣ 47!!,,,,,,,
1399, ȭ ḻ ƴ!,,,,,,,
1400,ǰ  ʹ Ҵ ȭ Ÿ  Ҿ,,,,,,,
1401, ¥¥߽ϴ,,,,,,,
1402,븦 ʹ ߴ..㹫㹫㹫,,,,,,,
1403,Լ~K,,,,,,,
1404,ƽƽФ   Ф,,,,,,,
1405,ġ  ḻ   ϴ..   ,,,,,,,
1406,   򤧤,,,,,,,
1407, ߴ  ḻ   üФ,,,,,,,
1408,ȭ 127ð ̴.. ..,,,,,,,
1409,¥ ³  Ƚ١ ߵ Ե ¥ ְ,,,,,,,
1410,۳  ȭ ξ վ,,,,,,,
1411,ũ   ȼ!!,,,,,,,
1412,ª Ÿ.. ٲ .,,,,,,,
1413,      ġ  ḻ ¥ ,,,,,,,
1414,±    ȭ    ô,,,,,,,
1415, ̱ 尨 ְ ȭ^^,,,,,,,
1416,̺ ϴ ν ٴ  󸶳   ٽ ѹ ޾ҳ׿,,,,,,,
1417,尨 ߰   尨 ̴µ    ,,,,,,,
1418,  ׷ ḻ ż  ü,,,,,,,
1419,ڿ  ΰ    ̸ ..,,,,,,,
1420,ذ̳  ִ   ĥ ɤ,,,,,,,
1421,ٴٶ ڿ  Ҹġ ,,,,,,,
1422,ٴӿ  . 尨 ְ!,,,,,,,
1423,  ġ հ ȭ  ó׿~,,,,,,,
1424, ÿϰ   ִ ,,,,,,,
1425,밨 Ҵ´뵵 ұϰ Ѱ ̻ հ ýϴ٤,,,,,,,
1426,  ̵ ̷  尨 ġٴ ȭ ¥ ߸ ƿ,,,,,,,
1427,  ٴٰ   ȭ!! ߸,,,,,,,
1428,ó  尨 峭 ƴϴ󱸿  ḻ ¥ ƾ,,,,,,,
1429,  ״ ¥ ģ ḻ̿١,,,,,,,
1430,  ΰ 47 վ,,,,,,,
1431,   .. ±,,,,,,,
1432,ģ ζ ߴµ   ʹ հ ô٤ ȣȣ °   ǰ հ ,,,,,,,
1433,   !  ð Ʊ ʴ?,,,,,,,
1434,  Ҹƿ...,,,,,,,
1435, ߴ ȯ ʹ հ  þ䤾,,,,,,,
1436,̷ ǰ ġ  ÷ε,,,,,,,
1437,   Դµ հ   Խϴ,,,,,,,
1438,    ߾︮¤,,,,,,,
1439,̰ ¥ 4D  峭 ƴҵ;;,,,,,,,
1440,̳ հ þ  ߾︮ ȭ,,,,,,,
1441,͡ ٸ ..?  ʹ վ,,,,,,,
1442,   ,,,,,,,
1443,,,,,,,,
1444, ٴ» .. ö ̽Ű?,,,,,,,
1445,尨 ġ ȭ>.< ¯¯!,,,,,,,
1446,  ôµ  尨 ְ   ־.,,,,,,,
1447, ̻ !!,,,,,,,
1448, ϴϱ   . Գ Ͼ  ִ  ,,,,,,,
1449,Ե ְ!!!  ־ ȭ~,,,,,,,
1450,޾~~~#~,,,,,,,
1451,ȭ   ?,,,,,,,
1452,³  ...   . ٵ    ݾ?  ?,,,,,,,
1453,ḻ̹ƴٴ°  ־,,,,,,,
1454,ΰ  Ҹ ʹ 䤻,,,,,,,
1455,ȭ  ֽϴ. ϰð     ? մϴ^^,,,,,,,
1456,վ  ħ ȥ Ҹ,,,,,,,
1457,ȯ϶   ۳⿡  Ͷ 簡 Ѱ  8ε  ־,,,,,,,
1458,ḻ ƴ  48Ϳ ϴ    ,,,,,,,
1459,¥վФ  ʹ ... ḻ ¥ ,,,,,,,
1460,ߴ ͺ ξ Ҵ. ɸ    ԰ ְ  ȭ Ҵ.,,,,,,,
1461,̰ɺ ģ ߻ܾѴٴ°  Ѻκе  ׷,,,,,,,
1462, ־׷.. ,,,,,,,
1463, Фй ̳׿,,,,,,,
1464,̿ Фнÿϸ鼭  ȭ,,,,,,,
1465,Ծ~~    ,,,,,,,
1466,Ե ְ׿!! ǵ𹫾  ±,,,,,,,
1467,..غȭְӿ츮 ε ɾö󰡴ٰ 5н ,,,,,,,
1468,ѳ̱Фо αٵα Ÿ,,,,,,,
1469, ø  ̴ ȭ Ҵ..,,,,,,,
1470,ģ̶    ȭ ,,,,,,,
1471,   ð ĵ ׿,,,,,,,
1472, ѹ ư !!,,,,,,,
1473, ̱  þ   ,,,,,,,
1474, Ÿ   ٴٿ  ̾,,,,,,,
1475,ܼغ ԰ ִ  ϴ°  . ΰ      ⵵ ,,,,,,,
1476,̿Ф 㿡 ϱ  ,,,,,,,
1477,ĥ ڿ ް µ  ׿..,,,,,,,
1478,  ϴ  ;;  ڶ ׷  ǰ ,,,,,,,
1479, ٸ  ؾȭ,,,,,,,
1480,ʹ  ʰ   ,,,,,,,
1481,  ._   ̾ޱ?       ȭ ,,,,,,,
1482,  ⵵ 尨 ְ  ε.  ⵵ 丮 ~ ϳ  ʴ ȭ,,,,,,,
1483, ̱ٴ  ̷ ¸̱,,,,,,,
1484, ٴٿ Ų ϴٰ  ڸ ö  m׿,,,,,,,
1485,ܰ ް Ǹ Ǵٴ..,,,,,,,
1486,ҼҸ lsdغŵ,,,,,,,
1487,ƴ 1  ʹݺ  Ȯ ħ.  ģ ٰ ,,,,,,,
1488,Ĺ 20 . ¥,,,,,,,
1489, ð 𸣰 ,,,,,,,
1490,ƴ.. ¥ ..  ȥں..,,,,,,,
1491, 47m  ٴ ӿ ִ .  ?,,,,,,,
1492, ˾Ҵµ żߴ.  .,,,,,,,
1493, Ͼ 𸥴ٴ   󱸿,,,,,,,
1494,尨 ְ    ־ ڵ鳢  Ժη  ȵɵ,,,,,,,
1495,,,,,,,,
1496, Ҹ ƿ..  ..,,,,,,,
1497,ذ ¦ ִµ ¥   αٵα;;  ο ,,,,,,,
1498,ȭ   ġ׿     þ,,,,,,,
1499,    ޽ϴ.,,,,,,,
1500,ɴ  ִޱ?  𸣰 û ϰ ,,,,,,,
1501,  ÿ ?Ҹ  Ƽ  ,,,,,,,
1502,    ʽϴ,,,,,,,
1503, ΰ Ȱ    .. ȭ ǫ  .,,,,,,,
1504,ؼ ߴµ ͼ ü߾ ..³  ԉ  ־׿ ,,,,,,,
1505, 𸣰   Ǵ;;,,,,,,,
1506,ÿϰ     ,,,,,,,
1507,! ̻  ,,,,,,,
1508,   ִ ְ  Ҵ,,,,,,,
1509,ġ׿~ Ե ƿ~~,,,,,,,
1510,ϰ 尨 ִµ. ̰ е̶ ׷   ӿ ġ б ,,,,,,,
1511, ̷ ȭ 㿡   ,,,,,,,
1512,     ȭ  ϴ,,,,,,,
1513,    ̷ ״ ˾Ҵ,,,,,,,
1514, ϳ  ġ ϳ  ȭϴ.  ¥ İ޳׿,,,,,,,
1515,1ð 30  귯 𸣰ڴ.. ÿ ٴٸ ؼ ׷   ,,,,,,,
1516,Ƹ~ ûƸ~    ~(Feat. ),,,,,,,
1517, ٰ  ߤФ  ,,,,,,,
1518,   ٰ  .. ޼      Ʋ ...    .  ߴ! ٰ   . ģ ־   ٵ.......,,,,,,,
1519,         ׿,,,,,,,
1520,47ͶϤФС   ؾ  Ҳߤ,,,,,,,
1521, ̰ Ƹ̳ 3D  ¥ ;;,,,,,,,
1522,ǰ öö µ  ϳ ȿ . ,,,,,,,
1523,ḻ¥  ȵǴ ̾   ϵ ,,,,,,,
1524, ް  ʿ;;  ȭ ϳ ų ,,,,,,,
1525,Ÿӵ ϰ Ҹ 鵵    Ÿ,,,,,,,
1526,ȭμ ϳ  ǰ,,,,,,,
1527,   ︮ ȭ.  õ ̾߱   ÿ ? űٰ 尨 ϱ 峪,,,,,,,
1528,ذ  ڱ ϴ ȭ.,,,,,,,
1529,³    С,,,,,,,
1530, ѷѷ ̤  ѷѷ ʹ̤ ̳뷡 Ⱥθžߤ̤,,,,,,,
1531, ߵ ˷ ȭ,,,,,,,
1532,ȹ ȱ ..,,,,,,,
1533,¥ ׳    ߵ ٿ ȭ ٴ尡  ε Ȱcf ..,,,,,,,
1534,ϸ  !!! ð  𸣰 ȭf׿. ,,,,,,,
1535,վ ݾƽ,,,,,,,
1536, ..,,,,,,,
1537,   ̿ϴ,,,,,,,
1538,¥   ֱٿ  ȭ߿ ̷ Ʊȭ µ...,,,,,,,
1539,ģ  Ÿ ȸ Ѵ,,,,,,,
1540, Ƴα,,,,,,,
1541,³ ̸ ðٸϴ!! !!,,,,,,,
1542,ȭ ϱ⿣ ɰ  ƽ  ü .,,,,,,,
1543,ߴµ־ǿȭ׿,,,,,,,
1544,    ̰  2ð ˲ ְ  ȭ,,,,,,,
1545, û µ ...,,,,,,,
1546,ḻ Ļ  ̷  ؼ  ȭ.  .,,,,,,,
1547, ն ִ ȭ!!,,,,,,,
1548, 忡 ÿϰ Ҹ ȭ!!!,,,,,,,
1549,ʹ հ ְ   ġ,,,,,,,
1550,̴¾  ġ ȭ,,,,,,,
1551, ôµ ճ׿ õմϴ,,,,,,,
1552,O վ 䵵 ¥ ¥ϰ õٸ ȭ,,,,,,,
1553,ߵ ȯ ϴ,,,,,,,
1554, ڲ 츮 缭 ϴ ȭ,,,,,,,
1555,׳ɱ׳ɱ׳,,,,,,,
1556,.. ߿..,,,,,,,
1557,CGӿ ұϰ   ¥ ׻Ȳ ΰͰƺ   µ???   㹫 ǰ ƽ??,,,,,,,
1558,Ϸھƾƾƾ,,,,,,,
1559,׳ մٴ   ̾ٴ   ׳     ȭ ص̶ ,,,,,,,
1560, ؿ俩ֶ ģ Ű ׿,,,,,,,
1561,̰  ʾ...ũ ̵  ȭ..  Ҷ ƽ κ ְ ųŸ Ҽִ¿ȭ... ʹ ϰ  .  ϰ  뿡 ġ׿..,,,,,,,
1562,尨 ġ ʹ ְԺþ!! ̷ ġ 帣 ؼ..472 ſ!!!,,,,,,,
1563,̱ڴ  򰡸     ..  ߳ʹ.. ʺ Ȱ波  ƴ ..ٿ  ϱ ƴٰ ִ͵ а.. ϴ,,,,,,,
1564,ƴ ̿ȭ  1 Ѿµ ˻3  ̰ ׸ óκи ׷ ķ   ȭ,,,,,,,
1565, ȭٵ ̷ ̰  ȭ ..  Ұ ͽź   ..¥  Ÿ 𸣴  Ÿ    ˰Ե..׸     ٴ ...,,,,,,,
1566, 尨ְ  ʰ þ,,,,,,,
1567,   ȭ߿  ְ    ƿ. ¥   ְϴ. ׸  ḻ ߾µ  ȭ ŭ ʹ ҽϴ.,,,,,,,
1568, ϱ Ծȵ,,,,,,,
1569, ٿϴ ٴټ ̾߱.. Ұž˾ һӴ  ־̾ޱ  ˹ٵ ְ  ƴ  벲ô뼭  ̰ հԺ» ֱ ߾  ˹ٴ ƴϱ.. ģ ...,,,,,,,
1570,뵵 °͵  ȭ..   ..,,,,,,,
1571, üϰ Ѥ,,,,,,,
1572,10ػ κ ˹Դϴ. ¥ 鼭 ̷ ϰ ̾¿ȭ óϴ  ˹;;;,,,,,,,
1573, ḻ̶ ˾ ó ߰׷ 尨հ þ,,,,,,,
1574,¥ ̿ȭ ٿ  ....,,,,,,,
1575,հ   մϱ,,,,,,,
1576,׳ ߴ. ḻ ־,,,,,,,
1577,  ò,,,,,,,
1578,ѳ...̾...,,,,,,,
1579,̾.ýؿ~~,,,,,,,
1580,ߴ͸ŭ ̵  㹫ϰ;,,,,,,,
1581,ϰ ͵  ̾ ׷ٰ  ʰ   ʰ  ҽ ξ ,,,,,,,
1582,  ̱!!!    ,,,,,,,
1583,¥   Ʊ!! ڸմϴ,,,,,,,
1584,羾  λ  Ͷϰ ðǸ. ̰  ׳ . ġ. ḻ.° .,,,,,,,
1585,..ΰ,,,,,,,
1586,  ڰ ƴٴ   ;;;  ȯ   ݾ;;;;     ٴ´ ḻ ϴٴ;;;,,,,,,,
1587, . ҽ ƴ϶  ߸ ȭ. ̰ź ȣְ   ̺ ҷ° ,,,,,,,
1588,   ġϰ ̾ ڵ鵵 ,,,,,,,
1589,ϰ ý...̾,,,,,,,
1590,к ΰ ˷ ȭ.. .. 㰡  ڸ ̿ϸ ״´ٶ  ؿȭ...,,,,,,,
1591,̰Կ 7....?ȭٰ ߰   .. 㹫...,,,,,,,
1592, ⿵ȭ  ܸ´,,,,,,,
1593,ų    ȭ.  ׷  ε ڵ Ҹ 涱̴  ʹ ʹ ¥. ٸ ȭ ôϴ غ ȭ. ߽ڱ ̱ڵ ָ  Ǿ  ̱ȭ....,,,,,,,
1594,ٸȭ   ũ ö°  Ϲ Ұ ׸ٸ,,,,,,,
1595,ߺþ  ׷ ǰ Կϼ̴  Ͱƿ ϼ̽ϴ,,,,,,,
1596,  긮 þ. ż..  ̱!,,,,,,,
1597,   ,,,,,,,
1598,^*^ ~~~~~~~,,,,,,,
1599,տ    ϰ Եǳ׿,,,,,,,
1600,  ʾ ʹ ,,,,,,,
1601,Ѱ¥Фм󹫼,,,,,,,
1602, ϴ°͵  Ƿ ڵ ̾߱ϴ° Ƽ     ƴ డ ٴٿ   ־  ,,,,,,,
1603, ȭµ ó ! ذ ϱ  մ°  ,,,,,,,
1604, õҸ    ǵ𹫾 ѳ׿ ,,,,,,,
1605,ó ģ  Ҵ. ׷  10 ٰ,,,,,,,
1606,ȯ   ī޶ ־鿡  Ҹ,,,,,,,
1607,ḻ û ȭ~  ~ ۿ,,,,,,,
1608,¼ Ե  鼭 ̷  Ȳ ó   𸥴ٴ ̵,,,,,,,
1609,    缭   ۿ    ư ȭ ⿣ ε,,,,,,,
1610,ƾ䡦 ¥ ʹ  ƴѰФ,,,,,,,
1611, ְ ߰߰ Ű 鵵 ְ ̿,,,,,,,
1612,    ¥¥,,,,,,,
1613, ~ ߴµ  ɿ° ;;,,,,,,,
1614,ε? ̾?,,,,,,,
1615,  ! ͽſȭξƿ,,,,,,,
1616,ḻ̹ƴٴƴ,,,,,,,
1617,ģ  ,,,,,,,
1618,ȭ  ؿ ̶    ٵ   ȣ Ϻ  ѹ  ȭ ,,,,,,,
1619,,,,,,,,
1620,ξǳֳ׿~~ѳѽÿϰ߾^^,,,,,,,
1621, ߵ ɸ ̴,,,,,,,
1622,~¥  վ,,,,,,,
1623, ġ  ¥ ģ,,,,,,,
1624, ¥ ƹ ȭ ѵ ̷ Ǽ ϳ ,,,,,,,
1625,ڰϵѼż߸,,,,,,,
1626,    Ҹ  ,,,,,,,
1627,˹ٵ ׿ ¥  ο 忡 ְ  Ʊ׿,,,,,,,
1628,  ̳ ְ ,,,,,,,
1629,  ִ   ȭ  .   귯   ϴ а η̰     Ÿ ϰ   ¯ ̴  Ҵٰ ...,,,,,,,
1630,Ӵ ĸ,,,,,,,
1631, Ʊ Ⱥ ũũ,,,,,,,
1632,ҿ ȭ ؼ ߴµ ſſ Ǹ.  ״   󰡰.. ׳ ɸƮ  ФФ,,,,,,,
1633, ̾  ׷ ü....  Ӱ ظ ϴ°   ־ ȭ ̻ 500 ֱ淡 ...,,,,,,,
1634, ִ ȭ ƴ 㹫,,,,,,,
1635,ȭ   ÷   ȭ ° : ,,,,,,,
1636,   ̰ ־,,,,,,,
1637, ʹ ׿. ״ 尨  ʰ,,,,,,,
1638,̵  ȭ,,,,,,,
1639,ȭ ż   µ  µ ,,,,,,,
1640,־̴... ̴ 2ڴ,,,,,,,
1641,  ǻ  ״ Ǵ ɷ,,,,,,,
1642,ȭ    ȸͰ׿.,,,,,,,
1643,̷ ȭ ó ϳ,,,,,,,
1644,Ӹг ȭ߿ ̾,,,,,,,
1645, ȭ  Դ ȸ   ȭ   ȸ  ߳׿ ׸ ḻ   ȵ   ģ߿ մٰ  ֵ 1 ,,,,,,,
1646,ȭ  7̻ ִ°Ű ٿε峪 dvd    6 Ϥ̷ȭ ȭ ϰ ϰԺ  īϸ鼭  翬 ̾,,,,,,,
1647, ߴ ȭε ¥  ̸鼭 ôµ ḻ ¥ ̳׿Ф  մϴ,,,,,,,
1648, ƴ..  ׷,,,,,,,
1649,¥ ȭ ǥ,,,,,,,
1650,ӹ  ̾ ó鶨Ÿ¼Ҹ Z ְ Ʊٴ» ¥κ,,,,,,,
1651,ųŸӿ뵵ƴϴ. ̰źٿ ǵ鼭 ִ°   ðϵ,,,,,,,
1652,ġο,,,,,,,
1653, ܱ ڸ̾µ  ذ ӹݺ   ü¹ϰִ°  ΰƴ϶ յ,,,,,,,
1654,̰  մٴ ų ḻ ̻,,,,,,,
1655, ¥   ȭ  ־̴  ̷ ̰ ֳ  ȭ鼭  µ ڴٰ ܸ Ͼ  30кó?  ȭ  ? ̷Ҹ ; Ǵµ ̿ȭ ...,,,,,,,
1656, ڰ ߱ ְ ᱹ ״´ٴ  丮~,,,,,,,
1657, ڵ  ٳ ȭ,,,,,,,
1658,ȳϼ䤾ȭ   帳ϴ. 2017 720 ݿ  ȭ cgv 2215 ȭ  е鿡 帳ϴ٤  ģ  鿡 ƾ!!ϰ Ҹ䤻 ...,,,,,,,
1659,õٴڿ дġ      Ʊȭ,,,,,,,
1660,¥ ߸  츮  ġ ȭ  ̷  ?,,,,,,,
1661,¥  ظϸ Ⱦµ ¥ ߾̴..    ߾ ĳ  ¡¡Ÿ°    ¥ ¡¡ Ÿ  Ҹ   ƶ  ﳪ ں ܱ ¡¡  ¥...,,,,,,,
1662,³ ¥ .  Ҹ °Źۿ ϴ û  Ǳϱ ٷµ Ѹ ҾƳ Ѥ    ߴ. Ͷ ũ ̺ ߴµ..   ѹ  ñ....,,,,,,,
1663,  1ϸ Ͽ ö ˰ڳ׿     .. 8õ   ;,,,,,,,
1664,¥󳪴¸ߴ,,,,,,,
1665,׳ ߰  ;..,,,,,,,
1666,Գ      ... ó    ģ ִ٤ ؼ 䤿µ   ̷ õص,,,,,,,
1667,հ 귯ٰ ڱ ḻ 㹫  ü....Ϸ  ϴ ȭ   ? ƽ..,,,,,,,
1668, ߵ  ȯȿ 47 Ʒ  ۻ쿡  ǰ ֺ 6-8¥  ƴٴϸ   ̶° ˷ִ ȭ డ  ģ  ϴ° Ż...,,,,,,,
1669,ٴٳ ġ    ϴµ  ϰ  . ϴ 47ͷ  ׳ Ѵ ̰ ȭϱ ׷ϰ.    ε ̻ϰ 尨   ϰ...,,,,,,,
1670,ֱٺ ȭ߿ ־Դϴ.ٽ  𸣰ھ ɿ  ...Ʊ    ߴ ȭԴϴ.־Դϴ,,,,,,,
1671,̶ͱ׷ƮǸ,,,,,,,
1672,   7  ̴.    丮   ݿ ,,,,,,,
1673,̷? ¥  οȭƿ ְ ° Ʊ..  ϰ ,,,,,,,
1674, ־ ȭ Ф  Ʊ  ȭ Ф,,,,,,,
1675,   ʾҽϴ,,,,,,,
1676, ߾,,,,,,,
1677,Ϸ ۳̳  迡ִٰ ó 򽺷  ÷شٴ ٲ ġǼ...̴ ׳,,,,,,,
1678,ȭ߿ ְ!!,,,,,,,
1679,ÿ 忡   ¥ Ĺݺο  κ ٷ  κ. ¥ ? Ȳ  ư°? ̷    ȭ  ԰ ԰ ־ Ҵµ   п  ȭ ...,,,,,,,
1680,¥ հ þ ̤    ȭӽذ־     ⵵ ؿ  ־ ְ ýϴ,,,,,,,
1681,³     ϳ...,,,,,,,
1682, öâ      ,,,,,,,
1683,18.02.05.  ũĹε,,,,,,,
1684,   ӿ      ٷ ׾ ϸ  ᱹ Ѹ  ߵ ȯ     ...,,,,,,,
1685,   ?  ̷  .. κ ȯ  ִٴ   ̳׿.,,,,,,,
1686,ܼB ȭ ˾Ҵµ ߴ  ξ  .,,,,,,,
1687,׳  ȭ;;  ð .,,,,,,,
1688,  ҽ    ׷?  ȭ߿ ְԴϴ! ٸ ! ųŸְ ȭ!,,,,,,,
1689,ϰ ôµ վG,,,,,,,
1690, ⿬ð  3е ȵǰ ҷ  ȯ  ִٰ  ϴ  ʹ ˱⽬,,,,,,,
1691, Ÿӵ I,,,,,,,
1692,ʹݿ ׳ b ȭ  ˾Ҵµ   ϱ ʹ Ҹ  Ӹӿ  ⵵׿ ; 㿡   ¥ ,,,,,,,
1693,,,,,,,,
1694, 尨 ִ ȭ ũ ü   ,,,,,,,
1695,𼭺Ͱ ȯ̾.. Ʈ Ҹ 鸮 ̾ Ŀ..?,,,,,,,
1696,,,,,,,,
1697,ȭ   Ÿ 󸶳 Ҵ üũҸŭ  ض  ׸ ں ڸ ̿ κ³    鼭̱̱ؼ   ,,,,,,,
1698, Ͱƿ.,,,,,,,
1699,ҽ   . а а ͳ.,,,,,,,
1700,ḻ ؼ ƽ Ƣ ݾ־ 尨 ־ ׳ ð  ȭ. ȭ  ְ ⿣ Ʊ,,,,,,,
1701,    ǵ𹫾  ϳ,,,,,,,
1702,ܷ  Ľ   ̷ٰ  ٰ,,,,,,,
1703,,,,,,,,
1704,԰  ϴ.    ׿. õ,,,,,,,
1705,尨  ̵ ״Դϴ,,,,,,,
1706, Ѹ𹫼   ,,,,,,,
1707,ḻ ᱹ  ڵ 3  . ʹ  ϱ ҷ  ȯ  .   ̿   鸮µ  鸮,,,,,,,
1708,     ;µ  Ƽ  ߴµ ̹ ̺꿡 ִ󱸿. ϱ     ƿ. ̱̱ϰ Ĺݺο  !,,,,,,,
1709,  վ ʹ   ƴѰ .... ְ Ұ   Ȳ̶  ɿ,,,,,,,
1710, ó ȭ . յڰ ְ 귯.  ٴټ Ȳ   .,,,,,,,
1711,ʹ ְ  ԰ ,,,,,,,
1712, ̱̱ϸ鼭 հ þ,,,,,,,
1713,ũ. . . ũ.,,,,,,,
1714,,,,,,,,
1715,ª ϴ... ,,,,,,,
1716,   丮 ʹ ҳ׿. ª ȭ ؼ   ־.,,,,,,,
1717, ôµ    ̳׿. ԰  ҽϴ.,,,,,,,
1718,   н   ȭ.,,,,,,,
1719,  +   = ...,,,,,,,
1720,"  ¥ Ϸ ϰ  Ҹ!""   ""....𼭺Ͱ ̰ 𼭺Ͱ ȯ  Ϸ     𸣰ڴ.",,,,,,,
1721, ִ  ũʾƿ. Ӱ Ұ پ  ̴  Ůϴ.̺ غźе̶,,,,,,,
1722,... Ĺݺΰ ¥ б,,,,,,,
1723,ϴ  ȭ ƹ  ,,,,,,,
1724,Ե 100... ϰ     ʾ.   ʹ   ñ  ְ ϸ鼭 ôµ...  λ    ȣź    ȣź  ...,,,,,,,
1725,..  .   ̺  ҰŴ,,,,,,,
1726,  ųŸӿ ȭ.,,,,,,,
1727,7.3  ߴ  ųŸӿȭ   ϱ   ǰ̴  ۺ  ȭġ ؼ    ߴ  ż߰ ḻ  ߳ 2 472...,,,,,,,
1728,Ʈ ϵĳ̤ФФ,,,,,,,
1729,  ȭ.  ӿ  ͵  ȴٴ   ϴ ģ ؾ,,,,,,,
1730,׳ ȭ   ε,,,,,,,
1731, 춳   ,,,,,,,
1732,ο ٴ  ü   ƴ϶ Һ.   ÿϰ   ȭ,,,,,,,
1733,ǰ,,,,,,,
1734,û ֱ.   ȭ ̾ٴ  ްε ִٰ Ұſ. ׳  Ÿ ߿ ȭ 𸣴 .,,,,,,,
1735,. ƽ.,,,,,,,
1736,԰ ִ ,,,,,,,
1737,ϴٰ  !,,,,,,,
1738,. ̼ ʹ вд뼭   ,,,,,,,
1739,Ͻ Ϸ Դϴ.  ּ.,,,,,,,
1740,嶳׿  ̺ҹ ,,,,,,,
1741,ؼϱ  . ̶ 𸣰 ôٸ ξ վٵ,,,,,,,
1742,    ħ,,,,,,,
1743,ɰϰ   Ҹ ȭ..,,,,,,,
1744,ϰ   𼭺Ͱȯϱ!!!,,,,,,,
1745,׳   ´µ  ȯ̿   Ѹ   õ簡 ° и,,,,,,,
1746,...   ׿... 㹫...,,,,,,,
1747,ų׷ ; Ǵ ȳ,,,,,,,
1748,ٽú...尨 ְ,,,,,,,
1749,Ʈ   ٽѹ ⼭ ذ ...  ־,,,,,,,
1750, ̹   ʿߴ κе  ü հ þ,,,,,,,
1751, ȯΰǰ,,,,,,,
1752,հ þϴ   հ þ   ʹ Ұ,,,,,,,
1753, ȭ    ,,,,,,,
1754, ôµ....ƿ,,,,,,,
1755,׳ ð̳ γ ø ҵ,,,,,,,
1756,   ٴٰ ̷ ϴ. ȯ̾   Ϸ    󸶳  Ʈ̴..,,,,,,,
1757, ¥.....¥ʹҸҾ ظѰȭ ħ,,,,,,,
1758, վ! ð   𸣰 ó,,,,,,,
1759,ذФ  ٰö ϱ...ڱ  ȿ 鸰 ͵   ?,,,,,,,
1760,ǰ  ȭ...   ̱ ߵ  ׿ ,,,,,,,
1761, ⿡     ŭ ϳ.    Ű  .,,,,,,,
1762,   ȭ  ٸ  Ѵ,,,,,,,
1763, ̷  ̾...  ׿Ф,,,,,,,
1764,   ŭŭ,,,,,,,
1765, ԰Ժþ. Ҹķδ  ߵ̾ƴϾ..jQuery22407137551979083814_1518619081326?,,,,,,,
1766,  ŭ ̰ ִ  ȭ.    .,,,,,,,
1767,  . ť,,,,,,,
1768,뺸 ճ׿.    ,,,,,,,
1769,׳   δ ,,,,,,,
1770,  ״ .   ʾҴ. ٸ   ̴ ḻ ƴ϶  ǵ ḻϰ    ٸɺ  Ǿ ִ.,,,,,,,
1771,ü   Ȱž  ?,,,,,,,
1772,ḻ ؼϴ°  մ,,,,,,,
1773,  ϱ ص..尨 ޿  ..,,,,,,,
1774,⼭  OOO,,,,,,,
1775,̰    Ÿ ģ   ־׿    µ  ¦ϴ  ƿ,,,,,,,
1776, ε  ַ ģ  Ŭ,,,,,,,
1777, ϴ.  װ ϴ°ž? ƿ...,,,,,,,
1778,ȣȣ  ¿ȭ,,,,,,,
1779,ḻ ڱⰡ ؼϱ Դϴ,,,,,,,
1780, 2  ߿  ġо ,,,,,,,
1781,ż ųŸӿ !,,,,,,,
1782,ͺ ϴ ¿,,,,,,,
1783,    ȭ  ؿ ḻ ̻ߴ;,,,,,,,
1784,ȭ ʹ   ..ʹ׿..,,,,,,,
1785,ֳ׿ ߺýϴ^^,,,,,,,
1786,ģ ģ ѹݺ,,,,,,,
1787,հ  ٵ ḻ ƴٰ       ٷ  ƴϳ,,,,,,,
1788,Ϳ~ 尨 ~! ḻ ż.,,,,,,,
1789,̶  Ҹŭ ġ  ϰ 尨 ´.,,,,,,,
1790,   ȯ Ѱ ƴұϷ ´ٴ ü   ̴  ִ´뿵ȭ ϰ     ߵ    ,,,,,,,
1791, Ȳ .  縦 ̷ ۿ Ȱ Ѱ ƽ.  ΰ ƴ϶ Ұ ΰ̴.,,,,,,,
1792,   Ƽ ְ ó׿䤾~ȸ ̷ ȭ ϼż ؼ þ ߺýϴ,,,,,,,
1793,ź 3... ... İ,,,,,,,
1794, ٴٴ .  .,,,,,,,
1795,  ִ ȭʹ ٸ.,,,,,,,
1796, Ʈ  ˴ϴ.  Ÿϵ ϰ,,,,,,,
1797,ḻ ׳ ..,,,,,,,
1798,߹ݺ տ    ֽ   ߰Ѵ. ٵ 47 ɿ  ö󰥶 ٽ  ٸ  峭.  ũ    öâ   ...,,,,,,,
1799,  ȭ   ̶  ϳ  ǵ ̰   ̻ ,,,,,,,
1800,ḻ 𸣰ڴ...,,,,,,,
1801,ۡ ߵ...    ...... ϱѵ 尨   𸣰ڴ...װ(?)  ģ ḻ...?? ...!!!,,,,,,,
1802,հ 尨մµ 㹫,,,,,,,
1803,Ѽ 尨 ϰ ϴ Ե  ϳε ġ ִ ȭ ϴ.,,,,,,,
1804, Ͼ    ӿ ־.,,,,,,,
1805, 糭ȭ Ⱦϰ  Ⱥ ε ó ճ׿.,,,,,,,
1806,ť͸ΰ..?    ȯۿ ..?,,,,,,,
1807,Ƹ ¥  ̴  Ϳ ⿡ Ÿ   ԰ ֵ  ۱ ,,,,,,,
1808,󰡴 ̰  󰡴Ѱſ ׷  ʾ ׷    ޱ,,,,,,,
1809,..  ̻̰ մ ȭ.  մ!!,,,,,,,
1810,  ϴ ȭ,,,,,,,
1811,¥ Ұ ٸ  ...,,,,,,,
1812, ҳ׿.   ߴµ...׷ ׳ 4 ݴϴ. 尨  Ե ϴ.,,,,,,,
1813,÷  ֺ .... б,,,,,,,
1814," ʾƼ ؼٰ ٺ ""̰...Ҹ׿",,,,,,,
1815,127ð ٴ ʹ ڳ,,,,,,,
1816, . ̷ ῡ   Ȯ 𰡰 ʿϴ.,,,,,,,
1817,̰ ϱ ٴٿ  ھ..ʹ  ̤,,,,,,,
1818,ϴ ȯκи ¦ ִ ?,,,,,,,
1819,Է û~!,,,,,,,
1820, ֳ׿ ̾,,,,,,,
1821,Ƽ  ųŸӿ ȭ.  ó 7߹ݴ밡    ϴ. ڰ   ȭ. ȭ Ͻô е   մϴ.,,,,,,,
1822,尨ġ Ѱḻ̾ƴϿ żԵվ׿,,,,,,,
1823,սϴ  մϴ,,,,,,,
1824,Ƽ  ϳ־ֵ  ؾġٵ Ұ,,,,,,,
1825,ư  ѷѶѷͿ ѷѶѷ,,,,,,,
1826,ͳ 忡 ̾  3,,,,,,,
1827,ȴ   ͵ ģ,,,,,,,
1828,. ¥ . ص   Ż  ~,,,,,,,
1829,ǰ  ġ,,,,,,,
1830,״ϱ  ڸ Ѥ  ģ ߸Ѵ?,,,,,,,
1831, ʹʹ ȳ尨  ߴµ ʹ Ȱ ӾƼ ʵ̺ Ͱҽ  !! !!!,,,,,,,
1832,...ε...ȯ.,,,,,,,
1833, վ    ־ Ʈ޾Ҿ ..,,,,,,,
1834,    ,,,,,,,
1835,ȭ վ!,,,,,,,
1836, ȭ ḻ ƴ!!,,,,,,,
1837,ϴٰ    ƾ,,,,,,,
1838,ʹݿ ʹ ϰɸ..,,,,,,,
1839,ÿ Ǽ  ̺Ҽ̴.,,,,,,,
1840,CG  ƽ  Ҵ,,,,,,,
1841,  ׸  ,,,,,,,
1842, ͸ Ѻ~!!?,,,,,,,
1843,   ....,,,,,,,
1844,¥ ϴ.λ ־.,,,,,,,
1845, ܼ,,,,,,,
1846, ḻ,,,,,,,
1847,¥  Ҹ  ӿ Żϴ ̶  Ҽִ ̿   ¥ »  Ǵ  ȭ!!,,,,,,,
1848, 尨°ŰѤѱ尨     ӻ ȭ ҽ 羾   ,,,,,,,
1849,  ְ   ȭ߿ ׷ 尨 ϰ ￡ µ.. µȿ  ʾҾ մϴ,,,,,,,
1850,ųŸ ε ȭ,,,,,,,
1851,̷   ȭ  1 Ʊ ϴ  .  ̰  ϳۿ . ٵ ˹ٵӤ,,,,,,,
1852,¥ ó ߰  ḻ ... ƽ....,,,,,,,
1853,ųŸ   ѵ Ĺ  ʹ  ̱   ḻ  ż. ٴ 47Ϳ    Ե .,,,,,,,
1854,  ȿ     ̾Ƴ ȭ.  ⺻  .   ḻ,,,,,,,
1855,ϰ ϸ鼭 þ~,,,,,,,
1856,ģ ƴ϶ ڸ... ణ   ģ????    (ȯ..) ٵ   ʰ ð µ   ſ ,,,,,,,
1857,Ե  ȯ   㹫ѿ ḻ,,,,,,,
1858,.. ̷  ȭ   ȸ´ ȭ° ⼭  ϴ... ٸ  ϴ 鿡  Ͻô е հ ǵ,,,,,,,
1859,վ  ¥ ٸ ĵĵŷ ȭ ° õմϴ!!,,,,,,,
1860,丮  µ  鿡 ҽϸ鼭 ׿  鸸 ͽų ȣȭ ,,,,,,,
1861,븸ŭ ƴϿ.,,,,,,,
1862,.... ̱....ʹ Ե  ¥  ̿,,,,,,,
1863, ó ذ ȭ߰ ε 𸣰 Ҽ ֽϴ. װ͸ ϸ ,,,,,,,
1864,(ڸ)̻ؿ..  ڸε.. ģó ...,,,,,,,
1865,  ȭ  ȭ,,,,,,,
1866,  ! ̰ ٷ ,,,,,,,
1867,ḻ 𸣰ھФ,,,,,,,
1868,  ƴ ٴ !  !!!!,,,,,,,
1869, ӾҴ   ũƼ,,,,,,,
1870,ְ!!!! ΰΰ ?,,,,,,,
1871, ȤԺٴ  ߵ   ũ ٰԴ ȭ. ̷ 帣 ȭ ׻  ḻ   ñ߾µ   ḻ  Ҵ.,,,,,,,
1872, ħ ¥ ӿ ִ    ¯̴ ¥ ٴӿ ִ± ñ,,,,,,,
1873,ȭ 1ð 20йۿ  Ǵ  ʹ F ƽ.ȭ 󿵽ð ּ 2ð ̻ žѴ.,,,,,,,
1874,    Ǹ ȭ,,,,,,,
1875,־  ؼҼ־,,,,,,,
1876,ʹ 20  ϰ ȭ ŸƲ ㋚ Ƕĳ ҽ ö Ǹ ׷  긮µ  ̳ ȿ´  ¦  ؼ ִ   ȭ  ḻ μ ο ...,,,,,,,
1877,ȭϱ īǰ  ...,,,,,,,
1878, ~! 200 ȯ ּ~!,,,,,,,
1879,...ʹ ִ..尨 ,,,,,,,
1880,    ߤѤ,,,,,,,
1881,ԍܱ,,,,,,,
1882,尨 ġ׿  ýϴ,,,,,,,
1883, 尨ġ Ҹ¿ȭ,,,,,,,
1884,ӿ 尨! ׸ !̰ ߽ϴ.ſ  Բ ؼ Ҿ~,,,,,,,
1885,ȭ Ҹ  ٵ ,,,,,,,
1886,  ʹ 㹫....,,,,,,,
1887,ų Ÿӿ ! ,,,,,,,
1888, ⵵ ⵵    . ׷,,,,,,,
1889,Ʈ  κе  ..  ..   .. ^^ ;,,,,,,,
1890,ƴ ߵ Ȱ ȯ̿ٴ ΰ ̿ ¥,,,,,,,
1891,Դµ    ѳ,,,,,,,
1892, Ϳȭ ....׸ŭ 尨.  ٸ  ż߽ϴ.ȭ  ʾҽϴ!!,,,,,,,
1893,   ƴ϶ ڿ̴. Ұ   ū ̶..,,,,,,,
1894,尨  ְ !!!,,,,,,,
1895, οµ ̺ϸ ȵȴٴ  ༭ 6 帲,,,,,,,
1896,𰡰  ƽ. 丮  ..,,,,,,,
1897,ḻ  ̻ϰ 뵵  ̻Ѱ ,,,,,,,
1898,¯!  ! մϴ,,,,,,,
1899,ġմµḻٺZϴ¹ٷ...,,,,,,,
1900,־  ʹ  ߾ȉŰ,,,,,,,
1901,־ ؿ,,,,,,,
1902,¥ ð  𸣰 þ,,,,,,,
1903,ʹ ׿!!!,,,,,,,
1904,15ε ִ.    ȣŴϾƶ    ƴٴµ  ± ʹ ؼ ḻ OO  ̱ ̶?  ̷ȭ ȣִ  ΰų ...,,,,,,,
1905,̱ϳ׿հߺþ,,,,,,,
1906,Ϳʹ  ٸ  ŷ.... ְ ó׿~~  ϳϳ ڲ ~~,,,,,,,
1907,ϰ   ȭ,,,,,,,
1908,ְ     ִ» Űƿ,,,,,,,
1909,尨 ְ,,,,,,,
1910,־ ȰŶ ؿ,,,,,,,
1911,³ ϴ٤ !!ḻ  ĥ  ƴϾ ټ 峭ƴ~~,,,,,,,
1912,̷̾ó̳׿,,,,,,,
1913,   ټ    丮,,,,,,,
1914, û ؼ ְ  Ҵµ ģ û ϰ ϳ  .. ̶ ÿϰ   ȭ  ; ôµ  . ģ  ȵ û    ־ϴ ...,,,,,,,
1915,־ϴ ,,,,,,,
1916, ȭ ḻ ƽϴ,,,,,,,
1917,߾ ڸŵ....ȭ ̷ ܱȭ ׵Ǵٰ ,,,,,,,
1918,̾ ʾ,,,,,,,
1919,    ȭ ¦¦   fϴ  丮  ټ ̾ ѫ躼ؿ,,,,,,,
1920,  ĳϴϿ,,,,,,,
1921,վ ³  ,,,,,,,
1922,ųŸӿ  Դϴ..  ,,,,,,,
1923,׳ ߴµ  ϳ׿,,,,,,,
1924, ǰ  .,,,,,,,
1925,  ȭ 1 羾εմϴ,,,,,,,
1926,׿ ŽȾϴµ ׷ ġ ʾƼ ҽϴ,,,,,,,
1927,ߴ ̰  ̰  Ʈ   ٴ  ٴ ߶  ³ 𸣰  ũ    Ǿ,,,,,,,
1928,̱մϴ.   ׳ ̱,,,,,,,
1929,ͺ վ,,,,,,,
1930,׳  ųŸ   ȭ,,,,,,,
1931, 丮  ǵϰ ְ ´,,,,,,,
1932,ʹʹ־~ٵ  ~,,,,,,,
1933,ȭ ġ   ̴.,,,,,,,
1934, ҽ ȭƴϰ ġ  ߰    8.5 ̰ ; 10,,,,,,,
1935,ʹ  ~~~~̻ ϵ ƴ ȭ,,,,,,,
1936, ȿ Ҽӿ     𸥴ٴ   ¥ؼ Ұ    ʹ   ḻ̾ Ҹ  ҽϴٸ..  ʹ  ڱ ḻ ...,,,,,,,
1937, ȭƼʹ¥!,,,,,,,
1938,ϰ fµ.  Ѿ,,,,,,,
1939,״ھԴϴ f¤Ϥӱ״ھ,,,,,,,
1940,׳   ġ  ϴµ ,,,,,,,
1941, ϱ    ׷  ĳ,,,,,,,
1942,׷ 糭ȭ ǳ׿,,,,,,,
1943,븦  ߴµ 븸ŭ  ƴ,,,,,,,
1944,³ũ٤ ٵû,,,,,,,
1945,2017.7.25 cgv,,,,,,,
1946,ձ ʾѾ ٵ óκ ϳ׿,,,,,,,
1947,ٴ Ȱ ,,,,,,,
1948,׷   ųŸӿ  ƴ 6~7 ,,,,,,,
1949,尨       ȭ,,,,,,,
1950, ⿡ ѳ ſ ȭ׿,,,,,,,
1951, ȭ¾ƴϴ   ҿȭ,,,,,,,
1952,԰ 尨  ߸  ؼ ߴ    ´ ٵ ʹ ߸ ϰ ϴ ϴ ڵ鵵 ,,,,,,,
1953,״ ȸ´ģ԰ θ ȥϰؾ ,,,,,,,
1954,վ~^^  尨 帣 ¦  𸣰 Ҹ Ǵ󱸿  ̵ ձ ٱ ϳ׿  ߺþ,,,,,,,
1955,׳ ϰɸ Ҹ ֱâ ְ   . ð  .,,,,,,,
1956,  γ׿߰߰ ְ Ҵµ 6̿,,,,,,,
1957,ʹ  븦 ؼ ׷..߾,,,,,,,
1958,  ξ   尨 ϰ ȭ ϸ ⿡  ʴ...,,,,,,,
1959,ü 丮 źź  ƴ,,,,,,,
1960,ġ վ!,,,,,,,
1961,Ϳ ִ  ״,,,,,,,
1962, ..   ,,,,,,,
1963,ʹԳ׿  ʹĿ,,,,,,,
1964,尨  ְ ѵȰ ,,,,,,,
1965,ɸũ ,,,,,,,
1966, ,,,,,,,
1967,   ٸ ҽȭ,,,,,,,
1968, 尨̾,,,,,,,
1969,Ե 緯  öâ ä ũ ö  ..,,,,,,,
1970,÷ ߰ ־  ...,,,,,,,
1971, ʹ 㹫..;;;,,,,,,,
1972,   Դ ó ȭ ߸»  ȭ ְ   ȭ ..  ,,,,,,,
1973,ȭ մٱ ٴ       ٰ ,,,,,,,
1974,¥ǥ  Ҿ,,,,,,,
1975,ȭ ŴϾƷν  żϰ  .,,,,,,,
1976,ǰְ Ե 尨 ְ..,,,,,,,
1977, ФФ¥ հ  ,,,,,,,
1978,ʹ Ҹ ؼ   ź;׼ ѵڿ  ȭ;;ó ϴ ַ» ٷ ;;Ϲ     Ǵ ʹ  丮,,,,,,,
1979, ׿  ϴ,,,,,,,
1980,¥ ȭ   ̶  Ѵ٤³  ..,,,,,,,
1981,  ôµ  ̱ ,,,,,,,
1982,ϸ鼭 þ ̳,,,,,,,
1983,㹫ϱѵƿ,,,,,,,
1984, ٴӿ   ü ׸ . ׸   ŷ.,,,,,,,
1985,   尨 ư,,,,,,,
1986,丮 𸣰ڴµ 尨 ¿̴ּ,,,,,,,
1987,,,,,,,,
1988,Ĺݱ Ե ¿µ  ¿....,,,,,,,
1989,  ̸   ..  ̸ ְ þ     Ͷ߷ ̴ٴ ;µ   Ե 峭ƴ,,,,,,,
1990,Ƹ򰡼 Ⱥ  Ų ҰŰűϰ ̼ڴ٤ű,,,,,,,
1991,̹̱⶧  ȵǴ  ־   ʾƼ Ƽó ... ... ̹   .  þ Ե   ...? ϸ鼭  ϸ  ׷...,,,,,,,
1992,....  ӿ ԰  ׸ شٸ鼭  ̸ɸ ϱ俵ȭ,,,,,,,
1993,    ȭ,,,,,,,
1994,  ؼ   Ǿ. ٸ ḻ ̸鼭 ټ ƽ?,,,,,,,
1995,߾   ε,,,,,,,
1996,Ե,,,,,,,
1997, ¯̿ ̱̱,,,,,,,
1998,۳ <> ׷  ȭ ΰ  .,,,,,,,
1999, û ϸ ,,,,,,,
2000, ޴   ״̱ ߰  ¦¦ °  ٴ  ʰ ¡׷ ѵι?  εؿ,,,,,,,
2001,׳ɹ ְ ߺ ٵ ƽ߲(?) ̰ .. ʹ 㹫ϰ  ,,,,,,,
2002,̾߱Ⱑ  ׼ӿ 尨  ְ.. ׳   ϴ  õ  հ ,,,,,,,
2003, ȭ ḻ ƴ!    .. 'ģ ḻ'  Ѵٴ ƽ ´,,,,,,,
2004,¥ ̴!!! ġ    Ʊ  bb,,,,,,,
2005,..¥ ȭ ҵ ϰ   . ̴ ͵ ְ Ʈ   ľ   ŰŰ,,,,,,,
2006,׷ ߽ϴ~ū   尨 ־,,,,,,,
2007, M  尨ִ      ׳ɱ׳    ,,,,,,,
2008,ıⰡ  ̺ ǸҲ ϰ ôµ Ҿ!!!  ٸϱ źе ׳ ŵɵؿ䤾,,,,,,,
2009,..,,,,,,,
2010,¥  ٴӿ ִ°Ͱ ̾. ο ,,,,,,,
2011,ƿ ְ ߔf,,,,,,,
2012,.......?,,,,,,,
2013,ذ 游ŭ  ̱̱ ߽ϴ,,,,,,,
2014,̿ϴ٤.,,,,,,,
2015, ȭ þ  ϴ Ҹ .  㹫ϰ  ׷  ߽ϴ~~,,,,,,,
2016,ʤ̳ʳʹʹ־ƾƿƵyƩƩǷƩ;,,,,,,,
2017,׳ɺմϴ.,,,,,,,
2018,ظؼ °  µ,,,,,,,
2019,ٰ  ߵ ɸ...,,,,,,,
2020,#ģ # # #ߵ οȭϼ,,,,,,,
2021,ḻ ϴ. װų  ų.  ˰ ִ  μ ġ . ٸ   ػ ϱ ϱ ̾.,,,,,,,
2022,ݳͼ ,,,,,,,
2023,ʹ  丮..     ģ  ڵ   ǳ,,,,,,,
2024, ¥ ȭ ƴ.  ̴     ־ϴ° 翬.   󿴰  ߿ Ű澴   ʹ  ѷϰ   󰡴 .   CG ¥ ...,,,,,,,
2025, ִ ȭ!!!!,,,,,,,
2026,԰پ û޴µ... Գ ι  ڵ ,,,,,,,
2027,״ڱ׷ Ҹŭ ƴ,,,,,,,
2028,ɸũ 븦 ʹ߳ ο̰ ٷ ̾ ôµ ߰  ¥  ׷ ɸũ ٰ,,,,,,,
2029,ḻ     ,,,,,,,
2030, ȭ ¶~~,,,,,,,
2031,ٴټ Ư ⿬ Ŭ Ǿ  ɸ    ȭ ƹ ױ ٷ ȭ,,,,,,,
2032,ü غ ; 1̾µ ׷   Եǳ׿Ф,,,,,,,
2033,̰ ΰ  ̰ ְ ¥   ̾~   1  ׳   Ա ,,,,,,,
2034,Ǽְ  ׷ ȭϴ,,,,,,,
2035,. ٴ ;,,,,,,,
2036,־  Ÿ Ҹ Ⱦ䤻,,,,,,,
2037, ΰ ԵǼ  ̾..,,,,,,,
2038, ȯ濡  ܷο η,,,,,,,
2039,ȭ   尨 ̴ ,,,,,,,
2040, ȭ   ߿!!,,,,,,,
2041, 㿡 ɾ߷ ôµ ʹ վ~^^ ÿ ⿡ 尨  ϴ,,,,,,,
2042, ٴ 鵵 ֱ淡 ߴµ ذ ӤФв,,,,,,,
2043,ٴټ ǳ ־ ϴµ ڱ   -_-̳ ,,,,,,,
2044,ְ ־ ¦ ,,,,,,,
2045,ش ʹ  ̤ 40볲..ظŭ ٱ ִٰ ..ο ٴٴ  ġ  ķ    ... ҵ.. ̱ϰ þ..,,,,,,,
2046,   ..!  Ҹ ;,,,,,,,
2047,Ե.η . װ͸ ,,,,,,,
2048,ź    ￡ ´...,,,,,,,
2049,ḻ ƴٴ  Ⱥ ȭ  ḻ  ḻ  ־ ģḻ ƴ,,,,,,,
2050, 𸣰  ߽Ű η .Ĺݺη   Ư ɴ  !,,,,,,,
2051,,,,,,,,
2052, ְ!   ð ֳ׿.,,,,,,,
2053, ȳö  ̱ ȭ!,,,,,,,
2054,ǹ̶..,,,,,,,
2055,׳ɱ׷  ׳ 㹫,,,,,,,
2056,ܼغ ԰ ִ  ϴ°  . ΰ      ⵵ ,,,,,,,
2057,  ȭ߿ ְΰ ƿ!!,,,,,,,
2058, 鼭 ¥ؿ  ӿ ִ ´?,,,,,,,
2059,ȭ  尨   ..,,,,,,,
2060,  ! ȥ ôµ  ׿^^;;,,,,,,,
2061,̱̱    ȿ ʹؿ ׷մ¿ȭ,,,,,,,
2062, ôµ ֳ׿~,,,,,,,
2063, λ  մ¿ȭ  100 10000 !!,,,,,,,
2064,Ե ְ ȭ ΰ ׿ հ ߔfϴ,,,,,,,
2065,־.ְ ̰Ժþ,,,,,,,
2066,볪   ....,,,,,,,
2067,° ξϴµ տ鼭 հԺó !! ְ ϰ   ,,,,,,,
2068,~~~~̳....,,,,,,,
2069, ϸ鼭   մ,,,,,,,
2070,Ʈ ̴  ξ 尨ְ  ųŸӿ   꿡 ι 6µ   忡  ְ  븸Ӥٸ ӻδ  ֶ󤾺մϴ٤,,,,,,,
2071,հ ߺýϴ  ^^,,,,,,,
2072,ÿϰԳ¿ȭմϴ,,,,,,,
2073, ϰ  ӿ Ƴ ϴ    ǰ հ ʹѾ    ϴ ȭϴ!! ϰ ôٸ  䤧,,,,,,,
2074,¥  ְ  ȭ!!,,,,,,,
2075,  Դµ Դϴ 尨   ְ ,,,,,,,
2076,~~ߴ   հ þ,,,,,,,
2077, ¥  ḻ ġ  ̶  վ ! ߵ ߵǰ,,,,,,,
2078, ӿմ°Ͱ   Ӷ  ͼ ̿ȭǰḻ̫ٸ´¸,,,,,,,
2079,̰ɺ  ϴ,,,,,,,
2080,    ġ ߴ..   ׵  i°ſ ʹ   ׳ Ż ;;  i° ΰε   i  ...Ե . ḻ ſ ...,,,,,,,
2081, þ.  ƿ. ,,,,,,,
2082,ݶ󸶽ø鼭 ôµ   Ӥ,,,,,,,
2083, Ʈ  ҳ׿.    Ȱ ,,,,,,,
2084,ΰ Բ 47 ٴ ӿ  ⿡ ó  ״,,,,,,,
2085,~~~մ ̷ȭ  ƴѵ 尨־      ȯ  ؾҰ ѵΰ ƴ  Ȳ ̤    ʹ Ⱦ ФФФ  Ҵٰ  ...,,,,,,,
2086,. ̹ 2 ̸ Ƽϻ,,,,,,,
2087,  ȭ ϰ ߸ 2 ߳ ְ     ,,,,,,,
2088,̺ôµ Դ,,,,,,,
2089, 氬.. ϴµ..ߵ Ϳ..?? ȯ...~,,,,,,,
2090,ģ   Ƽ Ѵ  ߴµ Ф,,,,,,,
2091, Ե մ ð ȭ,,,,,,,
2092, ְ ׿!,,,,,,,
2093, հ ô;  뿴?,,,,,,,
2094,԰   ƴ  ... ųŸӿ ,,,,,,,
2095, . ̺ غ ̶  ̳,,,,,,,
2096, 47    Դϴ,,,,,,,
2097,÷ 趰 ȯ̶  ? ׷   ְ ?    ḻ  ٵ ȭ ϰ ^^,,,,,,,
2098,ȭ ٺ   ʹ ֽϴ Ф,,,,,,,
2099,վ!! մϴ,,,,,,,
2100,̴.  ȭ 丮 ⵵   ¿. ſ ,,,,,,,
2101, ϴ ΰ ¥ Ÿ ѵ....,,,,,,,
2102,ûԷ° ̳. ذ ü.  ѹ ణ,,,,,,,
2103,հ     Ƹ ... ٶ  ưưѰ   û ȭ׿,,,,,,,
2104,̺  ѵ ٴ ̶!,,,,,,,
2105,     ǥ ȭ. 㹫 Ѱǰ?   °ǰ?,,,,,,,
2106,ں ִ  ¿ž..,,,,,,,
2107,ȯ  ḻ....  ḻ,,,,,,,
2108, ḻ  ɻ ǳø ģ̴޷׳ ׷ ޿ȭ,,,,,,,
2109,..      尨 ġ׿. ٸ  㹫..,,,,,,,
2110,  ȭԴϴ. 4 ְ   .,,,,,,,
2111,! ׶~~,,,,,,,
2112,հ þϴ   հ þ   ʹ Ұ,,,,,,,
2113,¥ ߸  ḻ    ó  ϸ鼭  ,,,,,,,
2114,bbbb 跡bbb,,,,,,,
2115,Ʋ ϱ ƿ,,,,,,,
2116, ȭ ð Ʊ׿... ϸ ..,,,,,,,
2117, ߸ Ϲ    'ȭ'ν  3  ȭ,,,,,,,
2118,ؐѰٹٵġ,,,,,,,
2119,ȳϼ ̾ϴ,,,,,,,
2120,մٰ ϱ⿡ ٰϱ⿡ ָѿȭ,,,,,,,
2121, ,,,,,,,
2122,̰   ο,,,,,,,
2123,ġ.. ٴ 47 Ʒ ó    ױٴٿ 󸶳 η ̾Ȱ,,,,,,,
2124,¥ ڲ!!̿,,,,,,,
2125,  ̿,,,,,,,
2126, 翡 帣 ߻츰 .,,,,,,,
2127,ģƴϰ ģ̿    ߺþ,,,,,,,
2128,ḻ ġ ʾҴٴ,,,,,,,
2129,϶ްڽ վ,,,,,,,
2130,ƿ αٵα   ȭ..  ̰ ͱ⵵.,,,,,,,
2131,׳   ȭ.        ̶ Ѵ...   ؾ...,,,,,,,
2132,׳  հ  ȭ,,,,,,,
2133, ϴ...ؾ  ġ ƽ..,,,,,,,
2134,մϴ 尨դ,,,,,,,
2135,հԺþ!!   Һ,,,,,,,
2136,  󰡴 丮 Ǵ ,,,,,,,
2137, ̱̱ ,,,,,,,
2138,̱̱  .,,,,,,,
2139,¥  ,,,,,,,
2140,ȭ      ش ߸ ȭ.,,,,,,, ְ 
2141, ...,,,,,,,
2142,  ϰ ΰ ڶ ׷   .  Ƽ ؼ   ̶ ұ..,,,,,,,
2143,׳  ... Ϻ񿡸 ã      Ҿٰ   ¥...(  ־... ⶧  ¥ ٴӿ ִµ...) ׸ ° ź ...,,,,,,,
2144,ḻ 㹫ϴ ߴµ ḻؼ Ҹҳ׿ ,,,,,,,
2145, ġ ȭ!!,,,,,,,
2146,   ̺  Ҷ. 迩ϸ鼭 Ӱ 밨 ģ η ʾ.... (  ģ 鼭  Ҹ̿ٵ),,,,,,,
2147,ģϳ ߸ּ Ѥ ڲ °  ׿ʹ. ׳ ȭ ǰ־ 6,,,,,,,
2148,尨 10. ϴ ḻ ƴ϶ -1. ׸   ణٰ ϸ ׳ ȥض,,,,,,,
2149, ׿...Ϳ ׷ ̴ٶ    ڽ 鼭  ߱  ׿ ,,,,,,,
2150,ȭ. Ҵ ªŸ..,,,,,,,
2151,     ۿ ?,,,,,,,
2152,,,,,,,,
2153,    ȭ. Ӹ Ƽ ؼ о ƽﻷ,,,,,,,
2154,  :ݹ߰ ߽ڻ  .,,,,,,,
2155,ð 𸣰 ô.   ķ  ٰ  Ҿ  ο  װ.. ذ ʹ ؼ    Ƚ..,,,,,,,
2156,ճ   OO ðȳ   㹫ϳ OO,,,,,,,
2157,ϰ ôµ  ,,,,,,,
2158,! ÷νẸ!߷»!1ʵȾƱ þ ȭ ¥  θ  ȭߺó׿,,,,,,,
2159,̷Ӵٰ ...,,,,,,,
2160, Ƽ. ôµ ֳ׿,,,,,,,
2161,ߴ  ξ ,,,,,,,
2162,׳ɺ ..,,,,,,,
2163,ƿ ;;; ؼô ӸĿ,,,,,,,
2164,԰  ̱׳ɱ׷,,,,,,,
2165, Ȱ    ״   ʾƼ  ׷   ־,,,,,,,
2166,  Ϻ񿡸 ´ٰ ߴµ  ִ...   Ϻ񿡸!!!,,,,,,,
2167,̺غ̴е ..   Ǵ..谡ɵ.. ְ糭ȭ..  ͺ   ,,,,,,,
2168, Ϻߴٸ...,,,,,,,
2169, ʹ 㹫....    !,,,,,,,
2170, ôµ  ξ ԰ ְ ֱؿ!! ׷ ߻ B Ƹ ȭʹ ٸ ִ ȭѵ   ó Ҹ  ƴϿ.δ ??  ̷ ....,,,,,,,
2171,  ֳ׿. ׳ մ ȭ.. so so,,,,,,,
2172,  Ҽϰ,,,,,,,
2173,ǿ ¦ żߴ  ׷.,,,,,,,
2174,  ο ~ ٵ ѹ ,,,,,,,
2175,ḻ  ƴٴ°?? ̷ 帣 ȭġ ׷ ġ ʰ ̴ ־ٸ ʹ  .,,,,,,,
2176,  Ʈ ڴ ȯ  ϴ. ׸ ̱  ĭ ఴ ߱  Ϸ ġ   ƴұ   ߳׿. (ڰ ߽ε̰  ⵵  ׷.) ư ȭ ,,,,,,,
2177,    ḻ  㹫,,,,,,,
2178, ְ ѿȭ. ɸ   Ÿ´ٰ ,,,,,,,
2179,Ų ڰ° ˾ƺ־µ ٴٵ ѹ ٴµ...߰ڴ,,,,,,,
2180,׳ ý ȭ  ̾.... ,,,,,,,
2181,    .. 1  ϴ 2   ϴĿ  ḻ ̰ڳ׿.,,,,,,,
2182, ª  ,,,,,,,
2183, ϴ ν ߺҽϴ.󿵰̺ξ Ҵµ ϳ Ư  ҳ׿,,,,,,,
2184,  ʰ . ׷ ׷ ѹ  ȭ,,,,,,,
2185, ȭ.    ش. ٸ  ָŸȣ ϴ.,,,,,,,
2186, ģḻ̶ . ųŸӿ ׼̳ ȭ  ̶ð ִ° .,,,,,,,
2187,ٰؼ ôµ  Ǹ ,,,,,,,
2188, ɷ ٲٸ鼭 ȯ  ׿...       ...,,,,,,,
2189,÷ ̹ϴµ  űϳ׿,,,,,,,
2190,̰  αߴ 𸣰پ 丮.... ׳..׷µ J,,,,,,,
2191,..ճ׿ ϴٺѰ־ ǰµ..!̷ȭ ִٴ°ſؾ..ϸ鼭ذư,,,,,,,
2192,簡  .,,,,,,,
2193,. ߸  ڴٸ  ũ  ؾ ,,,,,,,
2194,ġ   Ͱ Ѥ,,,,,,,
2195,~~~~~,,,,,,,
2196,47Ϳ ȭ ܼѵ߸翵ȭ,,,,,,,
2197, ణ 㹫  ־,,,,,,,
2198, 뿡  ƴͰϴ.   ֵ  㹫 ḻ?  ø ȾƱǵմϴ,,,,,,,
2199,׷Ƽ ٴ ƿ~~,,,,,,,
2200, ḻ Ǿ  ְ ýϴ.,,,,,,,
2201,ٵ    ؼ ö󰡸 ϴٸ鼭 öâ ȿ ö󰡸 Ѱ ?,,,,,,,
2202,ϻ  ôµ 볪,,,,,,,
2203,׳ Ÿ ƴ ȭ....??,,,,,,,
2204,.  ־.ҽϴ,,,,,,,
2205,  ȭ   ýߴٰȤ    ͼ ɱ  ־,,,,,,,
2206, 鿡 ̰ ?ߴµ.. ͼ ٽ غ.. 47m~,,,,,,,
2207,مJѳ վƿ  ,,,,,,,
2208,־~~~~!,,,,,,,
2209,־.ްڽ ְ.,,,,,,,
2210,ٶڻīŸ,,,,,,,
2211,־䤾,,,,,,,
2212,  ̷ մϴ.,,,,,,,
2213,Ǵ  ƽ ׷  ְ  ҽϴ,,,,,,,
2214,¦   ƴϴ,,,,,,,
2215,ħ  10,,,,,,,
2216, 丮 ð   𸣰 ýϴ,,,,,,,
2217,¦¦  ̸ ־ Ҹ  ־ ־,,,,,,,
2218,...  ƴϿ ̰  ͳ׿...ΰ ڱ Ĺ?!,,,,,,,
2219,ḻ ʹ 㹫ߴ.,,,,,,,
2220, ׳ ׷.   ʳ׿.,,,,,,,
2221,Ӿ ϰ Ѽ  ȭ,,,,,,,
2222,ؾȭμ  и ,,,,,,,
2223, ְ ýϴ   忡 ϴ ȭԴϴ,,,,,,,
2224,ḻ ƴٰ ϱ⿣,,,,,,,
2225, . 㹫 .   ɸ 翡  Ѵٸ   ȭ.,,,,,,,
2226,׷ Ǽ ϴ,,,,,,,
2227, Ʈ Ӥ̷ Ʊð 뤻̶͵ ... ٳ ̵ ȭ...,,,,,,,
2228,  ź Ʈ....,,,,,,,
2229,մִµ ʹ ,,,,,,,
2230,۳⿡޴ Ͱ ѴͰϴ,,,,,,,
2231,׳ ׷ 㹫߾,,,,,,,
2232, ʹ ª   ФФ,,,,,,,
2233,׷ ųŸӿ..,,,,,,,
2234, ȭ  Ƽ ּ ǰ ؼ..Ե  ȭ  ̰ɺ   ȭ  ..,,,,,,,
2235,ٷ  ȭ  ϴ ȭ,,,,,,,
2236, հԺþ!  Ÿӳ ׿ ,,,,,,,
2237, ״  մ° ƴѵ ɸũٴ հ ,,,,,,,
2238,³ ϸ þ,,,,,,,
2239,¯ ¯ վ,,,,,,,
2240,ʹ ª   ɽؿ,,,,,,,
2241, ̱ꤻ 丮 ְհ ôµ  ƽ׿~,,,,,,,
2242,ƿ..ٵ ǳ ȿ Ǿȳ  ....,,,,,,,
2243,׳  ųŸӿ...,,,,,,,
2244,   ¥. ϱ?,,,,,,,
2245,3ȭ ѳ,,,,,,,
2246,  ȯ ȯû ϼ ִٰ    ˾äȴ... ׸   ػ밡 ϴ ͺ ׳ ΰ ȯΰ ˾鼭 ϸ ȭ  ξ ,,,,,,,
2247, 忡 ٸ ȥںôµ  ģ鿡  Żϰ;,,,,,,,
2248,    ȭ,,,,,,,
2249,Ŀڹ¸,,,,,,,
2250,׷  ߾ ٴӿ ¼ ̹ ׾Ű׿ ...... û  ,,,,,,,
2251, ⸦ ִ ȭ.  ܼ Ե Ҵ. ؿ Ŵ 縸  ̸  ־. ųŸ õմϴ.,,,,,,,
2252,  7 1  ϴ.,,,,,,,
2253, ʾҽϴ ð 𸣰 !!,,,,,,,
2254,ʹհԺýϴ!,,,,,,,
2255,ÿߴ  ȭ߿ 簡 żߴ,,,,,,,
2256,    ʹ ߴ. ׷ ð  𸣰 ߳׿,,,,,,,
2257,ҽ()   ȭ      ...,,,,,,,
2258,ȭ  ϸ  ε  θ  ֳ.  ںα̴  İ ´ٳ.ḻ  Ѵ  Ŵ,,,,,,,
2259,밥 𸣰   ¥վ,,,,,,,
2260,ⰨҾ 󸶳 ϰ η..    ÿߴ ð̿ϴ ȭ   !,,,,,,,
2261, Ͼ  ʿ  ʴ°  ˷ִ ȭ..*,,,,,,,
2262,尨 !!!!  ۳ȭ վ,,,,,,,
2263,  ƽ ȭ..  ⵵ ϰ Ե ־ ũ ٴ   ο.    ƽ,,,,,,,
2264, վ ȭ  ϳ׿䤻 ű⼭ ű ̳ Ե ҽϴٽÿϰ ⿡ ̿俵ȭ  õմϴ,,,,,,,
2265,  㹫...,,,,,,,
2266,ְ 尨 ..  ,,,,,,,
2267, ؼ ȭ  ׳  Ӹ Ÿ.. ̶ ԰ Ƽ õ ʰ ׳  ȭ ϰ   öâȿ  尡...,,,,,,,
2268, ǰ. ḻ ϰ  ʰ ԰   ۽ û 縦   ƴϴ,,,,,,,
2269,ϰ ߰߰  ɲ ִ̾  ϰִµ ڱ 䤾,,,,,,,
2270, ̱߾..   µ    Գ׿ Ѥ,,,,,,,
2271,尨 ְ մϴ,,,,,,,
2272,    ȭ... ,,,,,,,
2273,ȭ  ؼ    ,,,,,,,
2274,쿬 ԉµ ̱ վ,,,,,,,
2275, ò ̵ֹ ,,,,,,,
2276,ٴٰ̻ϴ.,,,,,,,
2277,  !!!!  ߳׿ ,,,,,,,
2278,ʹݺ ̷ο ȭ~ ̰ Եȴ,,,,,,,
2279, ̷Ե   ֱ,,,,,,,
2280,ɸ йڰ . ͽ  ʾƵ ̷  ֱ..,,,,,,,
2281,ѳ ԾФ ģ  õְĤФ,,,,,,,
2282,̸   ȭ  Ⱥ  1ε,,,,,,,
2283,   ,,,,,,,
2284,ᱹ ִ ļ ϴ 丮,,,,,,,
2285,;;;   Ͼ  ִ Ƽ  .  ؾ罺  ޵ ƾ,,,,,,,
2286, ߴµ  ʹ ְ հ ߺó׿      ǥ߳׿  õմϴ,,,,,,,
2287,    47M  .,,,,,,,
2288,ȭ ΰ̶ ȣȰ ....׷?,,,,,,,
2289,׷  ȭ,,,,,,,
2290,     ճ?,,,,,,,
2291, B޿ȭ Ĺݺ   Ѽ,,,,,,,
2292, ȭ   ƿ....;;,,,,,,,
2293,¯ſФФеְ  ص ȰФ,,,,,,,
2294, Ұ  ļ վϴ !! ׷ ػ ΰ   ٷ θʰ.. ð 帥  θ  ǰ  ٰ ˴ϴ~~,,,,,,,
2295,վ  ð ,,,,,,,
2296,  ؼ ó׿. ź Թ  б̿ٴ...,,,,,,,
2297, ְ հ þ!  ͽų ȭ ̷ ̱ ȭ°  Ͱ׿ ^^,,,,,,,
2298,ְ  þ~  ,,,,,,,
2299,ƸӾߺʾҴµ    ¥,,,,,,,
2300, ߴٰ ȭ մ° ƴϴ,,,,,,,
2301, ϰ  ȭѤѾó,,,,,,,
2302,7¥ ȭ. 尨   ḻ̶â,,,,,,,
2303, ϴٰ û .. ģ  ..  峭ġ°پ˾ Ф â. 丮 ž,,,,,,,
2304,ḻ ϳ ȹƽϴ .,,,,,,,
2305,䷣Ʈ ô ̴,,,,,,,
2306,!!   ε 鼭  ĥͰ. ΰ ԵǸ ¥  ȭ ȣȣ Ͱѵ ,,,,,,,
2307,ȭ 尨   ȭ ԰ְ  ġ ȵǴ ȭƿ䰨 ؿ䢽,,,,,,,
2308,  ...,,,,,,,
2309,Ե ְ,,,,,,,
2310,Ĺ   ߴ ȭ..ػ ȣź    ָ Ϸ Դٴ°  ٤,,,,,,,
2311, Ǳ Ҷ ݹ  峭,,,,,,,
2312,¥  ° ܱ ȭ  Ӥ Ƕĳ  嵵 ׷  ƽƽ  پپ ־ Ѹ鵵־.. ģḻ̾..    ڵ ˾.,,,,,,,
2313, ḻ ƴϰ   ־ հԺ.   ̷ʾ ణ 丮 غ 9,,,,,,,
2314,,,,,,,,
2315,ְ ƴ . ̷ȭϴµ ͺ ణ   ,,,,,,,
2316,ḻ Ǵ  丮.  ŭ CG  ŭ ̾.,,,,,,,
2317,  Ф   Ф ʹپƤ̤,,,,,,,
2318,Ժθ ϰ   ӿ ȴ. ٴٿ  ٷ ȭ   е 尨 尨 Ѵ.  ϸ 忡   ̼Ұ  ƴϸ ǿ ,,,,,,,
2319,  丮ڸ,,,,,,,
2320,  ȭ ϰ ôµ   鿡 縦  ȭٶپ ԰   ´پ ȭ  ϴ 鿡  õѴ,,,,,,,
2321,  10 ༭ ÷߰ڴ.  8 ̻ Ǿ Ѵٰ . ְ վµ... ̷   ?!,,,,,,,
2322, ְ ȭ 羾1 ̰,,,,,,,
2323,̰  ƩƮ ̴....,,,,,,,
2324,̶  ÿ ٴٰ  ôµ  ô; Ҹ . ￡ ״  ʴ...ȭ    𸣰 ȭ  µ ϴ   . ׸ ȭ ḻ ѱ...,,,,,,,
2325,¥  ߸ 丮..,,,,,,,
2326,ְ ýϴ. ų Ÿӿ  ջ ϴ.ġ  յ  ʴ ..  ϰ ͷ   ȭ . 1 ֽźе...,,,,,,,
2327, 糭ȭ ճ׿.  ̿ϴ.,,,,,,,
2328, ȭ~.~,,,,,,,
2329,ذ׿ ,,,,,,,
2330,ḻ 㹫ϴ   ڵκ̳??ΰ ߰   ̶̤̻  Ƽ ε,,,,,,,
2331,ӿ  ʹ   ü Ҽ ִ. ȯ ,,,,,,,
2332,¥ հԺŰƿ~~,,,,,,,
2333,վ !!! .. ̸,,,,,,,
2334, ذ   ȭ,,,,,,,
2335, ִ ȭ. õ.,,,,,,,
2336,  ؿ       Ƽ ƽ,,,,,,,
2337,ȭִµ ְ ȿ...,,,,,,,
2338,׳ ϴ  ɸƮ ̴  Ϲ ȭ ҰǾƴϰ,,,,,,,
2339,Ѱ ̶° ˷ִ ȭ,,,,,,,
2340,Ե    ֽǸ٤̤,,,,,,,
2341,ǰ   ڼ ص ̺ غ ˰ž.,,,,,,,
2342, Ʈ ϸ  ų ų  ..   .   Ʈ  ʹ  ѷ        .,,,,,,,
2343,׷ մϴ.,,,,,,,
2344,ٰ  𸣰  Դ.,,,,,,,
2345,  ȭ ؼ Ѱ  ߾   尨ְ ƴ 鵵־ ̸ Ҵϴ ,,,,,,,
2346,׳  ߴ.   û  ٱ⺸ٴ ȭ ϰ   ..,,,,,,,
2347,׳ Ҹ°͹ۿ ȳ,,,,,,,
2348,   𸣴 尨! װ ~~̶  ḻ   ~~׷Ƽ   ??? ~~ 㹫ϴ.,,,,,,,
2349, ι  Ǵ Ȳ̶..,,,,,,,
2350, հ ؼ ôµ  ũ  ʾҰ   ʹ Ϲ,,,,,,,
2351, Ҽվ ̴  ¾   !,,,,,,,
2352,丮ڸ 127ð .  μ .,,,,,,,
2353,ϰ ûϰ  ȵǴ. ̳..ȭ,,,,,,,
2354,ٴټ    δ Ф,,,,,,,
2355,ϰ  ȭ    ,,,,,,,
2356,¥,,,,,,,
2357,ΰ ȣɰ ڿ ,,,,,,,
2358, ǳ׿,,,,,,,
2359,ҽ  ȭ߿  襤,,,,,,,
2360,վ ųŸӿ̻ ,,,,,,,
2361,ӿ     𸣴   ԰  ʹ Ҹ  ʹ  Ա⿡ ʹ ƽϴ.,,,,,,,
2362,ڰ ̿!! !! !1,,,,,,,
2363, OOOپ˾ҽϴ. ٽŹó Ȱϴ.,,,,,,,
2364,޸   .   ִ  ƴ̻ .   . ׿ ...⹮  ¥ ̿..  ׳..    ˾Ƽ. 湺˵.. ...,,,,,,,
2365, ȭ  .. ̰  ߴ.,,,,,,,
2366,ƤѤ.. ̰   ޿ ٴټӿ ,,,,,,,
2367, 븦 ؼ ׷?  ʹ հ ôµ?,,,,,,,
2368, ټҸ;;; ¥ ƴ  ȭ,,,,,,,
2369, ӿ   ¥  ǥ ,,,,,,,
2370,ҽٴ ׷Ƽ  糭  ƴұ ;     üϴ,,,,,,,
2371,   ȭ ̸   ذ ƿ ߴ  հ  ׿,,,,,,,
2372,̺ϴ е ФФаŤФ,,,,,,,
2373,п ȭ     ,,,,,,,
2374, ְ վ ųŸӿ ΰ ϴ,,,,,,,
2375,ٸ   ʹٸ 47 õ,,,,,,,
2376,   ʴ    ..!,,,,,,,
2377,Ƹٿ ٴ ӿ  źο ,,,,,,,
2378,¯! 㿡  ׷  m٤Ф,,,,,,,
2379, ŵ . ƽ ذ  .! ȭ  ׸ã ׳,,,,,,,
2380,尨  ^^,,,,,,,
2381,2ð ߺ  ϳϰ ѿȭ,,,,,,,
2382,  ϰ 尨  ġ󱸿!!,,,,,,,
2383, ̼ ռ.    .,,,,,,,
2384,̷Ӱ վ ȭ,,,,,,,
2385,ӿ ־   ϴ,,,,,,,
2386,ģ ° ̰ž..,,,,,,,
2387,ٴټ ʹ   ..   ʺ õƾҵ ..,,,,,,,
2388,ȭ ϱ ٴٰ ϴٴ°  ѹ ݰ ȴ,,,,,,,
2389,Ų ϴٰ   ..,,,,,,,
2390,   ޶  ,,,,,,,
2391,尨 .   ?,,,,,,,
2392,డ Ժη ٴٿ  ׷° ƴϾߤ,,,,,,,
2393,  ޴µ 볪׿^^  ɸ ̿Ѱ ƿ,,,,,,,
2394, .. ϳ ߸ ȭ  .  ̶   ¿µ.. ȭ߸ ε,,,,,,,
2395,  ̳׿..  ,,,,,,,
2396,     Ƚ ..̤   ϴ°͵ ƴϾµ е 簨 ,,,,,,,
2397,Ѱ ġ ε?  ¸ Ҹ Ҵ ,,,,,,,
2398,ߵ  ƴݰ Ǿ׿,,,,,,,
2399,ٴٴ ʹ._,,,,,,,
2400,ʹݺ ϰ   ,,,,,,,
2401,     ׿,,,,,,,
2402, ̳׿.,,,,,,,
2403,¥ ٴٿ ̷ Ȳ Ѵٸ Ұ ,,,,,,,
2404, ٴٴ ٰ..̤,,,,,,,
2405,̱ . ̺ ϴ ε ؾ߰ڴٴ  ½.,,,,,,,
2406,ǰѵ ұϰ  ؼ ýϴ,,,,,,,
2407,̳   𸣰 ǫ  Ե,,,,,,,
2408,  Ծ!  ¥,,,,,,,
2409,  ̿ȭ    Ż    丮  ΰ  ⺻    پٴ°͵ 伳̱      ̾   ձ ٴ° ٴ° ...,,,,,,,
2410, 尨 ġ ..,,,,,,,
2411, ¥ ϴ..   Ȳ̸  ϴ ..,,,,,,,
2412,ٴټ ¥  ..ٴټӿ    ¥ ű,,,,,,,
2413,   ִ ȭֿ,,,,,,,
2414,  ȭ  մµ?   Ǳص 尨 ߴ,,,,,,,
2415, ġ . ¯Դϴ,,,,,,,
2416,ѽõ     ȭ,,,,,,,
2417,  ׿,,,,,,,
2418,ģ  Ѵ 볪 þ~~  Ҹ~~,,,,,,,
2419, ÿϰ  ׿,,,,,,,
2420,̶   վ,,,,,,,
2421, 尨,,,,,,,
2422,̰ Ƥ,,,,,,,
2423, ;;  ¥ ̷ ι    ,,,,,,,
2424,ҽ Ƣ..    ݶ վ. ̹ ް ٴ ߴµ ڴ  ׸ŭ  ԰  ±!!,,,,,,,
2425,Ѽ   ..   ߽ϴ Ф    ,,,,,,,
2426,  ȭ հ ô. ٸ  ⿡ ߰κж   ־ ׷   ¥ Ҹ;; ھߵǴµ ̾ȿ´...,,,,,,,
2427,鼭 ָ  Ǵ..,,,,,,,
2428,± ϳ  ȭ,,,,,,,
2429, ФФ   ճ׿.. ʹ Ծ ¥  .  ̶  ְ ̰ غҰ;  ģ̶ ȭ鼭  ̾߱⵵ ϰ ޾,,,,,,,
2430,¥  Ҹ ȳ..,,,,,,,
2431,Ʈ Ȯ   ִ ȭ ,,,,,,,
2432,ó Ұ Ұ   ʾҴ ȭԴϴ,,,,,,,
2433,"óκ  Ұ  ׳ 귯 ׷ ణ  ̶ ؾϳ..    ϳ  ϸ  ȭ ׳   ̴ٰḻ.. 㹫ϰ  ""...",,,,,,,
2434,¥ Ǽ   ,,,,,,,
2435, Ҹ... ѷ 3 3.. 47m  鸮 ʽϴ..,,,,,,,
2436,Ѽ ĥ   ŸŬ ӿ ̶ ҽ ǰԴϴ,,,,,,,
2437, λ ι 1 ȭ,,,,,,,
2438,  볪  Ѱǵ ó!! ǸŰ ʳ׿!! ʹ  ٸ   ̾!!,,,,,,,
2439,ϰ ġ վ  鵵ֱ,,,,,,,
2440,վ,,,,,,,
2441, 尨 ü  ,,,,,,,
2442, ذ  ,,,,,,,
2443,ְ Ҵ   ȭ,,,,,,,
2444,     ϰ ˴ϴ. Ȳ  Ͼ øٴ    . ϳ ϳ׿,,,,,,,
2445,  Ҹ̾,,,,,,,
2446,  Ѱ ġ ҽϴ,,,,,,,
2447,ǵ𹫾 ͼ ǵ  .   ̾߱Ⱑ ñؼ  ,,,,,,,
2448,¥ 100 ʹߺ,,,,,,,
2449, ־ Ҵȭ,,,,,,,
2450,ƴ.. ¥.. ֱ  ȭ߿ ְ,,,,,,,
2451, ,,,,,,,
2452, ϴ 鿡 ,,,,,,,
2453,̱̱ ̻. ,,,,,,,
2454,1.ð  ˰ ϴ2.<<<(ѻ纮),,,,,,,
2455,ȭ      ..,,,,,,,
2456, ް ģ̶ ô ,,,,,,,
2457,  ųŸӿ ȭδ ѰͰƿ,,,,,,,
2458,ȥںٰ  µ  ȥ٤Ф,,,,,,,
2459,   η ־µ  ȭ    _,,,,,,,
2460,  ۿ  ȭ..,,,,,,,
2461, ȭ鼭  Ź ° Ҵ;;,,,,,,,
2462,׳ հ ܱ ͳ   ٵ ͳ   հ ԰ ־µ  㹫ϰ հ Ѵ Ƴ ־ϴ ӱ׷ ޽ϴ,,,,,,,
2463,ȭ Ϳ   ״ ḻ  ģ ȭ,,,,,,,
2464,԰ ְ׿  㹫..,,,,,,,
2465,ð µ   Ʊ,,,,,,,
2466,׳   Ÿ ö󰬴    ׺ٵ   㹫 ö󰡼  ¶ ˷ֽʼ,,,,,,,
2467,߸ B޿ȭ  ̻ ϵ ƴ,,,,,,,
2468,    ϰ ʹٸ  ٴ 鼭 űѰ,,,,,,,
2469,ö   ȭ Ѹŭ  ־ ,,,,,,,
2470,¥ ȾƱ   վ Ф  ȭ 47 õմϴ  Ф,,,,,,,
2471,   󰩴ϴٿƵ鵵볪 ׿,,,,,,,
2472, ....,,,,,,,
2473,ȭ  ϴµ  ԰ R^^,,,,,,,
2474,ְ⿡ Ʊ ȭ,,,,,,,
2475,;~ Ȯ 忡 ϱ ԰ ְӤ,,,,,,,
2476,  հԺ. ذ ø .,,,,,,,
2477,    ͽſȭ ,,,,,,,
2478,47 ְ 츮 Բؿ ~~~,,,,,,,
2479,  ٴµ ԰ 峭ƴϿ λȭµ  ٰ ٽ 󺹱ؼ ƽ,,,,,,,
2480, ׷  ִ ƴ,,,,,,,
2481,ؼ ׷Ƽ ð 𸣰 հԺþ !!,,,,,,,
2482,     ȭ ýϴ~ ԰  ȭ! õ!,,,,,,,
2483,׳ɿడڴ,,,,,,,
2484,ḻ ƴٰ ؼ ôµ ḻ  㹫ϰ  ߹ݺΰ ġ ־. ,,,,,,,
2485,??ؾȰ°ž??,,,,,,,
2486,帣 ǹ ʹݿ Ժΰ  µ       Ф ʹݿ  ôµ ߹ݿ Ҵ  Ѽ ,,,,,,,
2487, ̾Ա׷   ̷Գʰ?ϴϱ ׷  ó  ƹϳ ,,,,,,,
2488,~~~   ȳ⵵ ҽ        ,,,,,,,
2489,ְ  þѤѤ,,,,,,,
2490, ⵵  ΰ ׳ մ     λ       ,,,,,,,
2491,۽ ¥ǥ ô° õմϴ,,,,,,,
2492,߰ ȯ󿡼  ..,,,,,,,
2493,  㹫.  ߵ ȯ  ̿ ̿µ ״ ٷ ϰ  ƽ. ׷    𸣴 尨 ¯̾b,,,,,,,
2494,³   Ƚ ˾Ҿ!尨 ԰ ְ!!!ḻ ణ  ȭ 帣μ   ߴٺ ƽ  2ð̾ϴ.,,,,,,,
2495,ֱٿ  ȭ  ְ Ե..,,,,,,,
2496, մ ȭ׿!,,,,,,,
2497, ̰ ̰ 丮  ٰ .. ̰ λȭȰŰ   ¿...,,,,,,,
2498,ʹ     ϴ,,,,,,,
2499, α淡 ϰ ôµ δ ¥ ̴?   ¥ ҸҾ...,,,,,,,
2500,  ϰ ֳ׿,,,,,,,
2501,忡  ū ȭ 嶧 ¥ ٴӿ    ؿ.  ʰ Ҿ.,,,,,,,
2502,ƴ...̷Ÿ ģ⸦ ..ֿʳİ~~,,,,,,,
2503,ѳ ִ󱸿~~ְ!,,,,,,,
2504,ϴ  ôµ.. ¥ ݶ ̾Ұ ״ ٱ⺸ٴ   ̰Ը 翵ȭ ??  ణ 㹫..,,,,,,,
2505,㹫Ѱḻ...,,,,,,,
2506, ߴµ ,,,,,,,
2507,븦 ʹ ߴ Ǹũ ʹ ѽ丮..,,,,,,,
2508,   ̿,,,,,,,
2509,  Ż Ϸ ȭ,,,,,,,
2510,¥ ԵǱ ߴµ ̷ 丮 ״ °Ű  ߴٴ   ȭ ƴϾ ׿,,,,,,,
2511,¥  ڴ  ȵǴ  ׳ ð̳ ̼,,,,,,,
2512,    ȭ       ϴµ. ̰źٰ  ذ ɸߴ.,,,,,,,
2513, ҽȭε ³ʰ Żϴ°ͺٹӿŻϴ´۰ ӿϱ ʹ  5ԳĤ,,,,,,,
2514,ٸ  ٸ  ȭ ̳    ºθ .  鼭 尨 ԰  ˾.,,,,,,,
2515,̷ ⵵  ,,,,,,,
2516,ȭ ̿~~  ĩĩ,,,,,,,
2517,¥   ʹ ־µ ̹ 47ʹ ͸ԵɻӴ Ÿ 98 ġͰƿ...    ,,,,,,,
2518,    ФФ  ϴºе̶ Ⱥ° ,,,,,,,
2519,ġ սϴ.,,,,,,,
2520,³    Ұ  Ȯ,,,,,,,
2521,Ե ұ 뵵 ʾƼ հ ýϴ٤ðôºе ѹŵ ~,,,,,,,
2522, ߴ ׿䤾Ҷ.. ̾..ȭ  Ե ұ^^ߺýϴ٤,,,,,,,
2523,ϰ  ƴ Ե   ־ ׺κ ϱ￡ ׿^^,,,,,,,
2524,ȭ  ׷µ      밨ϰ ĳ Ʈ ڽ   ȯ û  ǥ̾Űƿ  ׷ 3帱Կ ^_,,,,,,,
2525,ð±׿ ׷ ¾!,,,,,,,
2526,尨 ¦  㹫ϰ ᱹ ̾ .,,,,,,,
2527,վ!!,,,,,,,
2528,Good ޾,,,,,,,
2529,ϳ 1ð  ٴ ʹ . ȭ ,,,,,,,
2530,  .. 尨  üδ  7  ΰŰƿ,,,,,,,
2531, 7 Ͽư ѱε ǿ  ؿ,,,,,,,
2532,û ׷͵ƴϱ  ְ ְ  ϱ⵵ѵ ֳ׿  ɽҶ  ȭδ õմϴ.,,,,,,,
2533, ȭ̱ ؿ~,,,,,,,
2534,1ִ  ;; ȭ  ؼ ð ׿~ ߾!!,,,,,,,
2535,ȭ  ְ  û ³ ߵ ߵǰ ϴ Դ°  Ծ ....,,,,,,,
2536, ̳ þ. ʹ ճ׿.,,,,,,,
2537,ϰ ü OTLı ôµ ʹʹ վϴ.  ~~!!!,,,,,,,
2538,Գ׿,,,,,,,
2539,ġ ߴ  ־,,,,,,,
2540, ط,,,,,,,
2541,ְ.. ⿡ Դϴ! ,,,,,,,
2542,  ʿ  Ͻø ,,,,,,,
2543, ̳׿~ п ÿϷ翴䤻,,,,,,,
2544,ֱٺ߿ ޽..ǵְҿȭ..,,,,,,,
2545,԰ 峭ƴϳ׿~׿ þ ^^ վ,,,,,,,
2546,Դµ 㹫,,,,,,,
2547,ٰ ܽϴ . 鸸 ñ ,,,,,,,
2548,۾˹ OOO  ôµ  ̴ η 1 ,,,,,,,
2549,Ϻ񿡸 ˾ߤ,,,,,,,
2550,״  ʾҴµ..,,,,,,,
2551,ΰ ݹ߸Ӹ  ߾... ϱ ȴϸ    .,,,,,,,
2552,0  OO ,,,,,,,
2553,Ļϴ.. ..,,,,,,,
2554, 尨  ¸ ÿϰ ִ ȭ  ְ   ⵵ ʹ Ҿ~~־ϴ ߰,,,,,,,
2555,ߴ͸ŭ  ̱̱ϳ׿䰣 ϴ¿ȭ׿,,,,,,,
2556,ҽ  ǸŰ ʴ´.,,,,,,,
2557,ü ߴ  ̷ѹ Ʊ ¡¡  ٿ ð ִٸ ѹ °͵   ׿̶  ߿ Ѹ Ƴ´ٴ...,,,,,,,
2558,ųŸӿ ϳ׿,,,,,,,
2559,뾸  ̸Ф,,,,,,,
2560, ġ   㹫 ׳ ٸ.. »,,,,,,,
2561,̷ Ų ؼ... ߽ϴ.,,,,,,,
2562,վ,,,,,,,
2563, 㹫ϱѵ հ,,,,,,,
2564,Фн̱ ٤ ¥ .. Ѱ ϱ ..  Ű ..,,,,,,,
2565,  ϴ 帣Դϴ^^  ü ϰ ϴ~~~ ^^,,,,,,,
2566, ְ ٰ ϰ  ??? ߳. ׷ ؿ ¦ ׿  ~~~ũ~~,,,,,,,
2567, ġ ϳ ΰ 2   ȵ. ḻ 󰡴ؼ  ʾҴ.,,,,,,,
2568,...,,,,,,,
2569,  ״ ' ' ϴ ,,,,,,,
2570,.. .... ׷,,,,,,,
2571,Ѱḻ.   ߴµ ó...  ߾,,,,,,,
2572, ٵ ٰ߰  ...,,,,,,,
2573,Ļһߴµ  ,,,,,,,
2574,  ׸     ȭ Բ   ,,,,,,,
2575,ϱ  ڵ Ϻη ̰ҶѰ ƴѰ,,,,,,,
2576,尨 ӿÿϰ ȭ  f׿Դϴ ~~^^,,,,,,,
2577,̱!̱!  Ƹ !,,,,,,,
2578, ׸ ,,,,,,,
2579,  ְ  ,,,,,,,
2580,ûȸ ýϴ.   ҽϴ.  ȭ  ʰ,,,,,,,
2581,  ޱ⶧  ְ ýϴ  ó  尨 ĥ  ȭ,,,,,,,
2582,  ȭŭ ÿϰ ִ° ,,,,,,,
2583, 16       մϴ,,,,,,,
2584,  ſ  ׷ ũ Ʒ. ϰ ŷ¾ . ׷ 2 ٴ...,,,,,,,
2585, ô ȭ ְ .. Ϳ  ȭ ḻ ƴٰ ׷µ ¥ ħ.  οٴ     ߴµ ׷  Ͻð   Ф 1ð 30 ׳ ϴ..,,,,,,,
2586, ȭġ  ʰ ؼ Ծ,,,,,,,
2587, ȭ ִµ  ̷?,,,,,,,
2588,ϴ 尨 ѫ ԰ Ҵ   ϴ. ٸ Ÿ ִ  ʹ ¿ϰ Ļ  ҹñⰡ   ֹ ȭ ׸ ḻ  ȯ̾    ...,,,,,,,
2589,и 迡  ø ũ ϳۿ  ̰ ۿ µ ߰ ÷ȴ ??    ȯ̾ ...,,,,,,,
2590, 10 ȭ ȭε   10Ϸ Ȥ  10뿵ȭ   ѹ..  ȭ ֻ ڠ ڴٰ ,,,,,,,
2591,¥հԺô.. ¥ Ʈ.. 谡 Ҹ ߵ Ȳ ȯ̿ٴ°Ŵ.. οڴ ׾ ׸ ģḻ...,,,,,,,
2592,    Ҽ^^,,,,,,,
2593, ΰ ȯ̿ٴ   .. ,,,,,,,
2594, ѿ ⿡  ÿ? ƹ ִ ȭ  ٸ ߰ ִ ̶ ȭ û    ȭ ̻ ٴ尡 ̿  ¦ ϱ ׷...,,,,,,,
2595,ʹʹ հ  ¾!!!  ߴ  ־ ʹ հ f  ̺ ҵ..,,,,,,,
2596, ̱̱ ְ ýϴ. ¿      ִ° ˰  ٴ  ..,,,,,,,
2597,ʹݿ մٰ  ,,,,,,,
2598,尨   ְ  ȭ ƴ,,,,,,,
2599, ̾ ÿ,,,,,,,
2600,   Դµ.¥  . ٽѹ Ѵ.     .  Գ̴. ̰   ŭ û  . ũ ?  װ  νð̶  Ѵٰ? ƴϾ....,,,,,,,
2601,  δ..; ǿܷ   ȭ,,,,,,,
2602,  ¡¡Ÿ°   ȭ,,,,,,,
2603, ֱ ڹµ ϴ° ,,,,,,,
2604,뾲⿵ȭ ˹ٿѤ̷ ȭ ó Ѱ ƴ ̿ȭ  л  ִ¼  ƹ͵. ȭ ΰ ϴ ü 100̶µ ̵ ⿵ȭ   ...,,,,,,,
2605,ҹ̿  ʰ θ ʹ  ,,,,,,,
2606,ʹ ְ ־ϴ!!!尨 ְ,,,,,,,
2607,ٷ  ȭ߿ ְ,,,,,,,
2608, ϴ.Ծ.,,,,,,,
2609, .  ȭ Ŷ ϰ ôµ  ʽϴ. ȭġ ̵ ϴ. õմϴ.,,,,,,,
2610,   ︮ ȭ,,,,,,,
2611,47Ϳȭ̾,,,,,,,
2612,ȭ ⸸ ߴµ  .. ٰ ߰  ; ó(.... ФФ) ư   õԴϴ  ѵ ̳!!  ḻ żؼ Ҿ ,,,,,,,
2613,     ǰ ..̷  ȭ  ũ   ..¥ հ ߺó׿,,,,,,,
2614,"ֱ  ȭ߿ ԰ ְϴ.ȭ  "" ?"" ϸ ź߽ϴ.  ÿ ٴ  ̴ϴ.",,,,,,,
2615,Ե ¥ Ұ ź Ͷ߸°ſ Ҹ  ʹ ߴ ¥ ģ  η Ѵٴ ΰ°͵ ʹ ׷   ؼ Ϻ񿡸  ڵ װ 簡 ϱ  ͼ ...,,,,,,,
2616,̷ ȭ  ðų ϴ ̳ ߰л  ȭ  հ  𸣳 ḻ λ     ߱⶧  ̷ȭġ ׳  ȭ.. ̴ Ҹ...,,,,,,,
2617,Ըũ ̹鸸 ִ,,,,,,,
2618,̿ȭ ḻ  ,,,,,,,
2619,̺ ڰ  ó ٴ   ö  .   ô.,,,,,,,
2620,  ȵǴ° ٿؼ ö󰡸  Ȱɸ ؼ ö󰡸  ״´?,,,,,,,
2621,ȭ ¥  ° ¥,,,,,,,
2622,1. ذ 2.     ⸸ ϰ  ū ̴ ...3. ȯκе ʹ ؼ Ҹ 1  ڸ ö󰡴ٰ  ٸ ,,,,,,,
2623, ð ִ Ҹ  ؾߵȴ,,,,,,,
2624, ְ ôɷ ,,,,,,,
2625,¥ ʹ վµ  ǵ𹫾 ߵ?  Ѱ.. ʹ 㹫ؿ Ф,,,,,,,
2626,Ҹ¿ȭ׿  հߔfϴ,,,,,,,
2627, Ƹ  Ϲ  20,,,,,,,
2628,ó ģտ ߴ ,,,,,,,
2629,. ѳ,,,,,,,
2630, Ƣ  ־ٰ ϴµ... ʹ Ƣ  װŴ ȭ 丮    ǹ  ΰ  Ȯؼ Ҵ,,,,,,,
2631, ־  ..ڤ,,,,,,,
2632, ־   ֳ׿,,,,,,,
2633,   ϸ鼭 ýϴ. õ!,,,,,,,
2634,ȭְôµ Ʊ ģȭԴϴ ־!! ,,,,,,,
2635, ȭ鼭 ̾ _,,,,,,,
2636,ٴ  ￡  ȭ.   ־µ ȭ ɷ ʿ̾ ΰ .丮   ٰ  ǰ,,,,,,,
2637,ͺ  հ  ΰ? ͺ ξ մ,,,,,,,
2638, 㹫.. ȭŴϷ    Ʊ  ƴ  Ʊ!!,,,,,,,
2639,ʳ  OOOͳ  ɰϴ   峭ϳ Ϲ,,,,,,,
2640,ḻ . 켭   ۿ ,,,,,,,
2641,  ̻ ε ̳  ,,,,,,,
2642,ͽſȭ  ̷ ǻȰ Ͼ  ִ     ƿ   ϸ ȵǰھ,,,,,,,
2643,ָ Ʈ   ƿ~~ μ   Եǿ ,,,,,,,
2644,׷,,,,,,,
2645, ģؼ 2 㹫ϰ  ׳  ̶° ˷ִ ȭԴϴ^^,,,,,,,
2646, ȭ ȯϾ,,,,,,,
2647, ¥  ¥  Ȱ,,,,,,,
2648,. Ե ׿,,,,,,,
2649, ٰ̾  ö淡 Ƚϰ ٰ OOO ˾Ҵ ٰ̾ѳ  ö̳,,,,,,,
2650,  ϰ ôµ 嵵 ÿ ȭ ÿ,,,,,,,
2651,  ְ ȭ Դϴ~ ȸϴ!!,,,,,,,
2652,԰ Ƽ  ״!  ȭ ε ,,,,,,,
2653,ڸ  ȵ airµ   ¼ ¼..µ  öâ !!峭ϳ!   ΰ?47m ũ ϳ 1е ä ӹ  . Ⱑ  ...,,,,,,,
2654,,,,,,,,
2655,ܸ. ̳ʹ־. ̸־ 5帱,,,,,,,
2656,ٰŸ :  ,,,,,,,
2657,̰źٰ  ȯµ,,,,,,,
2658, ׷ ƴٱ淡 fϸ¥  㹫ϰ Ȥó ó,,,,,,,
2659,ΰ Ҷ ϴ ѺǸ Ͼߴµ..ϳ⸸ ȭƮϷ  ߽!ȭ..  ȭ  ٹı..¼¼ ƴϾٱ׳  ,,,,,,,
2660, ڰ  ôµ ʹ θߴ.,,,,,,,
2661,ٴ   ϴµ ȭ ̵ ϴ. Ĺݺ    ,,,,,,,
2662,̾°Թ,,,,,,,
2663,ο ȭ !! ḻ ణ ƽ Ф տ  㱸 þ,,,,,,,
2664,.. ʹ̾ϴٰƢ ϳ ȹʿ   鵵   ƴϰϰ Ǿµ ¥ ׷ Ǵ󱸿..հ źе  𸣰 Ͽư    Ʊ׿...,,,,,,,
2665, ׷ ³  پ  ½̳ư  ̷ο ḻ  ָϰ 㹫(?)ؼ  µ߿ ̺ʾҴ,,,,,,,
2666,Ͱǰ޴µ  羾 ͸̰ǹ 嵵  Ÿֿ̹ 丮 ߵ濵ȭ,,,,,,,
2667, 㹫ϴ. ̰ ... .,,,,,,,
2668,    ḻ..,,,,,,,
2669, ȭ 丮  뵵  ֺ  尨ִ    ϰ  ¥ з ׳  ٴϴ 尨  źе ,,,,,,,
2670,尨   ¦   ״...  ʾҴ.,,,,,,,
2671, ϴ 0 ,,,,,,,
2672,ḻ  ̿ ٵ麸,,,,,,,
2673, ȵǴ Ȳ  ڵ  Ҹ...,,,,,,,
2674,¥ ȭ ׳  Ѥѻ ȭ ,,,,,,,
2675, ƽ ȭ,,,,,,,
2676,³    .     浿  ԰ پ.,,,,,,,
2677,̵   Դϴٱ尨 ִ,,,,,,,
2678,  ̰ź 겨 ,,,,,,,
2679,,,,,,,,
2680, ɸµ   ش,,,,,,,
2681, ־  ð     ھְ    ʹ   ,,,,,,,
2682,ڰԽϴ!!!,,,,,,,
2683,  Ҹѹ ¥ ,,,,,,,
2684, Ż  47ͱ  ִ Ŭִ ȭ. ̰  ð ų׷  ° ξ ϰ .,,,,,,,
2685,ð ǳ ...,,,,,,,
2686, ǰ οµ.  ûϰ  Ȳ ⵵ .   ӱ. ȭ ø ۳⿡   . 47  Ͱ 󸶳 ̵ ȯ . װ  볪,,,,,,,
2687,̾  .. ׳ ð ׿~,,,,,,,
2688,Ե Ҵµ 丮 ݾ߾,,,,,,,
2689,    Ѱſ ְ  Ʊ,,,,,,,
2690,ǰ ٴ ־䳡  㹫ϳ׿..,,,,,,,
2691,.ٵ..ΰ޴´,,,,,,,
2692,ͼ û ߴµ ...̹ ڱ ϰ     ȳµ..尨 ,,,,,,,
2693,ٴ öũ ŷ ȭ ~,,,,,,,
2694,ð    ȭ׿.,,,,,,,
2695, Ҹġ  ȭ,,,,,,,
2696,    cgƼ ϴµ 丮 ¥  Ӵ ȭ  żް,,,,,,,
2697,47 2 ôµ..  2  ִµ.. ٵ   ȭ߿ 47 ø  볪.,,,,,,,
2698,߹ݿ  а  ,,,,,,,
2699,ѿ  ȭ.   ԰ Ҿ. 2 밡 ǿ,,,,,,,
2700,ΰ ʹ ϰɷ  ߴ ȭ,,,,,,,
2701,ƴ ̰  ǰ2?׸ 47 ٴپƷ   ׸ Һ ü ɸ ɷ  ߳,,,,,,,
2702,. ӾҴ. Ƽ  ´° ƴϱ.,,,,,,,
2703,̰ ٴ ڳ~!~~~!!!,,,,,,,
2704,¥  1 Ʊٴ  ۿ  . ׵ ô   ȭ߿    ȭ ¥̰ 10ִ ֵ  ˹ٳ ? ̰ .,,,,,,,
2705,ٰ ;      ,,,,,,,
2706,  ȭ  ñ....󸶳 ȭ ϸ OO  羾  ȭ1..,,,,,,,
2707, ̾ ȭ ε,,,,,,,
2708,ƹ  ̾ФФг,,,,,,,
2709,ȭ߿ Ͻý ̴,,,,,,,
2710, ׳ ö󰡸  ȴ粲!!!!   ״´粲!!!  츮   ̶ ܾ ֿ  ,,,,,,,
2711,Ф.... ݹ߸Ӹ¯,,,,,,,
2712,0  Ǿ ˹ٵ .,,,,,,,
2713, ũ ö󰡴° ̶°  ȭ  .  ̵  ? װ ..?,,,,,,,
2714,¥ ḻ ʹ 㹫ϰ  ʾ...,,,,,,,
2715,ߵ  ȯ. ٸ ٴ  κ.ź     κп Ҹ  .׸  뵵 ȯ  ñ,,,,,,,
2716,ó ߰,,,,,,,
2717,ϳ⿡ ȭ  弭  60  Դϴ^^ 47͔fµ. .   ȭ߿ ҽܿ  ε  ȭfϴ٤Ф  ³  ѳ뿡  ԤФ     ⸸  ı...,,,,,,,
2718, ȭ  ְ  ޺   ̵  ȭ ܶ ̰ ģ ḻ̶° ̷   ˾ҳ׿;,,,,,,,
2719,Ʊ׿뺸..,,,,,,,
2720,̷ȭ     ִٰ ̷  ,,,,,,,
2721,ḻ ʹ㹫ϰ  մϴ,,,,,,,
2722,  ḻ  Ŀ ƿ 忣   ,,,,,,,
2723,尨 ִµ ̴  ȭ     Ű   Ʊ ʾٵ ̷ ̶  Ʊ ȭ ǹ,,,,,,,
2724,  ȭԴϴ ,,,,,,,
2725,˼մϴ. ̰ ֱⰡ  Ʊ׿.  0  ¿  1 ־µ ӿ ̾߱ ϰ  ȯ̶ ̰ ..,,,,,,,
2726,ü ǹϰԸ ⿵ȭ ϳ ƱųŸӿ ϰôµ ųŸ Ŀ ϰ  ġ ˾Ҵٽ丮  ¥  ¥  ⿵ȭ Ҵ,,,,,,,
2727,ȭ  ̾.  2 ´. ۺ 󸶺   ... ̴ ǰ,,,,,,,
2728, ʹ . ˹ٸ 󸶳 Ǭž?? ũ  ٽ Ⱥ..     ƿ .. ߾ڸ shit the fuc..,,,,,,,
2729,  ˻  ߵ,,,,,,,
2730,1 ֽ е  ʺ մϴ..ƿ...,,,,,,,
2731,ȭ ﵵ  ̵ ȭ    ñ ̰ ,,,,,,,
2732,1ֱ⵵Ʊȭ ¥   ,,,,,,,
2733,ȭ ֺε ظϸ ۾ȳµ .... ̰  ƴѰͰ.. Zzz ??? ....Zzz..??? ̷... ɾ߷κôµ  ð... Ha...,,,,,,,
2734,  8000ߺ ȭ̷Ժģó̴ٰḻ 㹫ϰ 丮Ƣ׳ ,,,,,,,
2735,ȭ   ε  3 ¥ ȭ,,,,,,,
2736,վ,,,,,,,
2737,Ф ̿ ״,,,,,,,
2738, غȭ      Ǵ.. ȭ࿡  Ʊ,,,,,,,
2739, λ        ȭ ҵ 1 Կ.. ۺ  ȵ  Ⱥ°  ȭ,,,,,,,
2740,1.ģ ɲڸ ٴ ģ    2.  ÷÷ ڲ ò ϴ°3.Ҹ ´ٴ   ۺ ҹٶ ö󰡴 ε     4.۵ ...,,,,,,,
2741,Ʈ 500  ¿  ....,,,,,,,
2742, ̾  9µ  ѽ ΰ,,,,,,,
2743,Funʰ ...óͳ,,,,,,,
2744, ٸ ħϰ  ĺ ִ󱸿~!  մϴ!!,,,,,,,
2745,ȭ  Ҹµģ ìϳ׿,,,,,,,
2746,  ׷̴ϱ..,,,,,,,
2747, ¥...,,,,,,,
2748,ƴ ϰ ̰ մٰ?۾˹پƴϽ..?밡 Ŀ׷  ʹ οµ,,,,,,,
2749,ƴ ü ̷  ?   !!!ڸŰ ¥ 밨ϳ  ,,,,,,,
2750,ϱ  Ƴ  ִ  5 ؼ  ȭ.,,,,,,,
2751, ̿  ÷ּ,,,,,,,
2752,ϸ鼭    ϴ° ˾Ҿ. ̿ ص 󱸿. ׷ 47Ͷ...    þ.  ..,,,,,,,
2753,ġ  ̾..,,,,,,,
2754,ƴ   ȭƴѰ?? 󸶳  ٶ°,,,,,,,
2755,Ǹ  λ ġ ʹվ  Ͱ Ǵ ȭΰͰϴ,,,,,,,
2756, ư    ĥ  ,,,,,,,
2757, ִ ν    Ұ  ׿ ФѤ,,,,,,,
2758, 尨 ְ ¥.  2 ȭ...,,,,,,,
2759,̱ϳ׿ФФ ³ ϸôµ ḻ  㹫ϸ鼭 ѵ ձؿ䤾,,,,,,,
2760,  ...    Ҿ,,,,,,,
2761,ųŸӿ  ȭ,,,,,,,
2762,׷ ټ  ,,,,,,,
2763,   ȿ  Ǵ  ִ. ḻ  ؼ ϴ ̸   ƴ϶ ȫ  . ׷ Ư θŭ 游ߴ.,,,,,,,
2764, ȭ߿  վ!    Ҹƿ䤻,,,,,,,
2765, ȯϱ.      ϰڴ.,,,,,,,
2766,㿡 ϰôµ ḻ ʹ׿ ҽðִ ȭ,,,,,,,
2767,¥¥¥¥¥¥¥¥¥ ־.,,,,,,,
2768,丮    帳ϴ  ִ ص  Ҹ ,,,,,,,
2769, ȵ̰ ̵ ºκ ȭ  ä 90 ʿ  ƴ  ʹ ϴٴ    尨ְ   ̵ ȭ ԰ ,,,,,,,
2770,ʹ ʹ ġ ..  ȭԴϴ Կ    °  ޾Ҿ ..  ^^~,,,,,,,
2771,ձ վµ  ¥ ¡¡° ¥ .. ׸ ϴ  ڳ   κ̳;  ϵ ߸ ڸŰ  Ѱǵ..   ߴ .,,,,,,,
2772,õմϴ ѹ   ȭ,,,,,,,
2773,  ġ հ Ұ  ḻ Ҵ,,,,,,,
2774,  .... ȯƴѰ?  ḻƴѰjQuery22403788420997817603_1531979566611 ȣ鰩 .... ؿ ó ȯ ƴѰ??? ׷ ϸ ....,,,,,,,
2775,׷ .    ,,,,,,,
2776,ϱ    ,,,,,,,
2777,ó ٰ̾ȭ߹ݺηεʹ½!ҽϰº!ȭҽ!,,,,,,,
2778,1.ʿ Ϲ  10M ⵵ .(  )2.رƯδ Ʒ ؼ 50M ܴ. 47M ۺͰ ߵ̾  ȴ.3. Ұڸ ϴ....,,,,,,,
2779, 񿡼 ؼ ߺ ǵ𹫾,,,,,,,
2780,    ȭδ ѵ,,,,,,,
2781,   ̱Ԥ,,,,,,,
2782,   µ... հ þ...ڸŵ ǰ ׷ ḻ ʹ  ,,,,,,,
2783,׷ Ϲص  ¯ε ǵ𹫾 úô,,,,,,,
2784,̴ մµ °20 ʹ Ͱ  ֳ׿,,,,,,,
2785,   ѹ ȹ Ƽ Ұ ƴ϶ ̺  ü Դϴ.Ҹ 47Ϳ ȣϸ ߵ մϴ. Ҷ  ͵ ⿡ Ұ 78ۼƮ ־ ׷...,,,,,,,
2786,븸ŭ   ,,,,,,,
2787,ѳ ȭ..ýߴ.. ʹ 㹫ϰ  ٶ ḻ̶淡 jQuery22404043774476807116_1524969251771뺸 ..4ε  8̴!!,,,,,,,
2788,ȭ    дµ ʹ Ҹ̾ߤ̤ ٵ   ,,,,,,,
2789,  ˾..  ƴϴ.   ɱ? ƴϸ..,,,,,,,
2790,ǵ𹫾 ϴ   ϰ  ȥ   ٸ ״٤,,,,,,,
2791, ôµ  ״       ô..,,,,,,,
2792,µ ϸ鼭 ýϴ.  źź ,,,,,,,
2793,  ߸ ػ ̶  ó  ӿ ִ°ó  ϸ鼭  ־   Ҵ ֱ  ̶ Ѵ  ݺθ   ߹Ĺ ͽ۵Ǵ ...,,,,,,,
2794,Ҹ 鿡 ¾ ... ƽ,,,,,,,
2795,ḻ ʹ ־ ׸ ʹ ߴµ ʹ ־^~^,,,,,,,
2796,ҽȭ  Ⱥ̴..ḻ ƴٴ ¥ ƴ,,,,,,,
2797,Ʈ ⳪ ϰ ,,,,,,,
2798, 尨 .. װɷ .,,,,,,,
2799,ϴ. 10 ̻ .,,,,,,,
2800, ȭԴϴ. Ư  ٸе̶ ٸ ϴ κ    ȯ̰   ȣź Դϴٽȣź ì Ʈ...,,,,,,,
2801,ó   ,,,,,,,
2802,  ҸҴ.  ȭ. ٵ 簡 ׾  ￡  ȭ  ߴ.,,,,,,,
2803,հԺýϴ...̤̤ ٵ ׾ Ҵ   ...³   Ȳ ִ  ׿....,,,,,,,
2804, վ ٵ ƮҸ ü.. Ʈ  ˾Ҵµ ȶ ,,,,,,,
2805, ٰ   Ƽ . ҽ ϰ  ״ .. ׷ 糭ȭ ϰ  ԰ ִ.,,,,,,,
2806,ᱹ ȭ 𼭺Ͱ ȯ  ,,,,,,,
2807,ǥ   ȭ...  Ż ..,,,,,,,
2808, ȭ ³   п      ߵ    ȭ,,,,,,,
2809, Ŭ̱  ְ ÿ.,,,,,,,
2810,ճ׿  丮 .,,,,,,,
2811, ں    ־  ߵ ɱ ʹ ,,,,,,,
2812, ع ƴϿ ḻ ְ  ٵ 50%   ؼ ƽ.. ׷ٰ  ع  ḻ  ¾ װ,,,,,,,
2813,  Ⱦϴ ° η ؼ  1.,,,,,,,
2814, û  ¾ƺҾ.,,,,,,,
2815,  ö󰣰 ? ͵ ȯƴ?,,,,,,,
2816,ƯҰ  ̳ ¥ӻ  Ǹ ƴ ɸ 尨̳ Ĺ ḻ  ,,,,,,,
2817,ʹݿ ϵ ׸ 浿 û ,,,,,,,
2818, ȭ,,,,,,,
2819, ȭ.. ȭ,,,,,,,
2820,ƿ ....,,,,,,,
2821, ִٰ ؼ  κƮ   ϴ  ƴѰ غô. ,,,,,,,
2822,       Ҵ  ְ   ,,,,,,,
2823,ᱹ ׷ Ȱ.,,,,,,,
2824,  ߴµ.. ״     ,,,,,,,
2825,ȣȣ ߹ݺ  ؼ .. Դٰ ȭ  ˰ Ͷ ã ̵ ־µ ߴ  Ÿְ̹  ߳  ҿ̾ ȭ õ.߰,,,,,,,
2826,  ȭ!!  .,,,,,,,
2827,¥ ð 𸣰  ȭ... ¥  Фʰ!!,,,,,,,
2828, ״... Ұ  ˾Ҵ...,,,,,,,
2829, 볪  ¡¡Ÿ   ,,,,,,,
2830,ٴ ׷Ƽ...  ˾Ҵµ  ϰɸµ ³  ̱ ̰ б,,,,,,,
2831,   øٰ 2°     ȯ̶ ߴµ ȭ  ͺ信 2 ٳ׿ 뿡  °ſ ״ ״°,,,,,,,
2832, 尨ְԺ ǰ    ϴ,,,,,,,
2833,ٴٸ ϰ  ϰ  ϰ мҰ ִ Դ    ȭ.   ̾,,,,,,,
2834,  ȭġ ̴,,,,,,,
2835, ϳ׽ ư ô ϳ׽׳?,,,,,,,
2836,  ĺ     . ׷  ÿÿ   .,,,,,,,
2837,żϴ. ųŸӿ,,,,,,,
2838,ӿ  Կ  𸣰 ׳?,,,,,,,
2839,¯̴   0.5ŭ 㹫ؼ 9 ,,,,,,,
2840, ḻ ϸ Ҹ,,,,,,,
2841,ִ ϴ 10,,,,,,,
2842,̰ ȣλ  ϰ׷ ȣ,,,,,,,
2843,׷   ʾҴ ǰ.  ȭ ҿ ܺô е     ػϰ  ḻ ƴ ټ   °  ƽ.,,,,,,,
2844,ḻƴٱ淡  ϸôµ ΰ ƴܰſ? ýϴ,,,,,,,
2845,ư ƿ ƴϰ...,,,,,,,
2846,̰źٰ 10 Ҵ,,,,,,,
2847,¥..ð,,,,,,,
2848,׳   ϰ  ,,,,,,,
2849,ܼϰ ʹ ڰ  𸣰  ٲ...,,,,,,,
2850,...鼭  ü  ¥ شص ؾ߰ڴ,,,,,,,
2851, Դ  ųŸӿ,,,,,,,
2852,       ......,,,,,,,
2853, ξȹ.. ĥ氰 Ұ  ΰ ,,,,,,,
2854,    Ͽ ׷ ̾ ,,,,,,,
2855,ǵ  ̵....,,,,,,,
2856,   ϴ ,,,,,,,
2857,Ұ Կ    ڵ  ΰ,,,,,,,
2858,ó ƮҸ  ȯ̿.  Ʈ ٷ   .  Һ ϴ°  츮 ȿ..    غ,,,,,,,
2859,ΰ  ׾,,,,,,,
2860, Фбġ ȭ  尨 ƴ,,,,,,,
2861,ȭ  ..  ڿ Ͼ  ..  ̴   ־..,,,,,,,
2862, ذ ִ й ߰    ִ Ϸ Ҹ ̿ Ƽ Ǽ . ̵ ƴ϶    ٽ   ͵  .,,,,,,,
2863,    ȭ  f ùκ  ٰ  3 ȭ  ޾Ҵٰ  ƺ ߴϸ  ̻ؼ ׳ Ⱥ Ҿ ϴ ӸŸ    90 ߹ Ÿ...,,,,,,,
2864, ڵ ӿ 47ͱ  ؾϴ 𸣰ڳ׿Ф ڰ  ϴµ ׺κ ҸԴϴ!,,,,,,,
2865,׳ ׷...Ѱḻ̿..,,,,,,,
2866,..   ߽ϴ.. ׷ ѹ ؿ,,,,,,,
2867,ȯӿ  ߵ ο...,,,,,,,
2868, ϸ    ,,,,,,,
2869,Ͷ ڲ 񱳵Ǵ  ƽ~ ҿ ټ  ~  ɸ ߴ,,,,,,,
2870,븹ϰôµѱ׷ ~~,,,,,,,
2871,ϳ׿^^^^0000^^^^,,,,,,,
2872,Ÿ ̰ ũ  Dȥ 鼭 ̱ ޿ȭ Ѽ ٴ ʹݿ ũ 3   ڱ.. .. 밢,,,,,,,
2873,ȭ ſ ª  ḻ ö󰥶 ̾? ̷ ̾,,,,,,,
2874,׳ ð   ..  ߾Ф,,,,,,,
2875, ʹ ¥ մ,,,,,,,
2876,.ȭʹ  ¥ ƴ,,,,,,,
2877, ߵ ü迵ȭ..     ʾ  ׳  ٴ  ٴٴ ׳   ٴٴ ׳ غ ɾƼ Բ ٶ󺼶 Ű,,,,,,,
2878, Ұ .. ȭ   ƴ  ؼ͵   ,,,,,,,
2879,   ֽϴ.,,,,,,,
2880,丮 δ ׳ɻ̺,,,,,,,
2881,̴  ȭ ̶..ΰ.. ΰ Ȥ ΰ ģ   ִ Ƴ ſ ö   ߴٰ ÷ų   ϰ  ó ...,,,,,,,
2882,̵ ־   ־  ɽߴ ȭ,,,,,,,
2883, ¡̱ ̱ ,,,,,,,
2884,׳  ׷  ӸĿ,,,,,,,
2885, ѵ հѵ װԵ߶  Ҽ ȭ ҷ羾    ̰  Ѱ հ ϴ,,,,,,,
2886,ųŸӿ ̻ ϵ ƴϴ,,,,,,,
2887,׳ 5̿ ȿ    ׷ ߻ٵ ٺ  ̷ȭ   ϴ   ø ǿ,,,,,,,
2888, 㹫...  ʹ ߴ,,,,,,,
2889,߿Ѱ ε...ḻ ƴ  ü     氡Ѹ Ԥ,,,,,,,
2890,ȭ   10    尨  ִ ȭΰ  µ    '  ( The Shallows) ' ϴ°  Ⱥ 𸣰,,,,,,,
2891, Ҿ ׷ 丮 ѵ,,,,,,,
2892,....ȭ   ׷...ƽ...,,,,,,,
2893, 㹫 ϴٰ ϴµ   Ҹ Ƴ׿...   ° ƴ϶  ҵ  ԵǼ    ȣ      ٴ  ϴµ   ƾ...,,,,,,,
2894, Ǵ   ȯ. ֳĸ..Ҹ غϰ .. -> 47Ϳ   鸮 ʾ    ٰ  鸮  ϱ ..  ...,,,,,,,
2895, ٸ 尨 ḻ,,,,,,,
2896,  ǰ ־,,,,,,,
2897,Ծ õؿ ѹ뺸,,,,,,,
2898,Ҹ    ,,,,,,,
2899, ִٴ° 𸣰  ׷  Ҹ Ҵ..׷ ḻ  ƽ κ ʾ ־..ȯ ɸ   ְ ٷ  ٸ ȭ  ٷ Ͼ   . ƴϸ ...,,,,,,,
2900,  ȭ??? ¦??,,,,,,,
2901,ḻ ¥ !,,,,,,,
2902,̴ ¥ ,,,,,,,
2903, 㹫߱ ߴµ ġ ȭ εεŸٰ  ٳ   ,,,,,,,
2904,Ȯ մ ª  ḻ,,,,,,,
2905,    ,,,,,,,
2906,ؿ¹,,,,,,,
2907,ɤ  ḻ Ӹ Ұǰپ˾ ̾,,,,,,,
2908,հ ó׿~~~~,,,,,,,
2909,׳     ȭ Դϴ,,,,,,,
2910,ȭ  ű⼭ ű  ż ־...,,,,,,,
2911,  ׷ ־. ,,,,,,,
2912,հ þ  ,,,,,,,
2913,Ѹŭ ƴ  ־. õҸŭ ƴ,,,,,,,
2914, վ! Ե ! ſ   Ƿؿ ,,,,,,,
2915,ȴٴµ ڲ Ű?  ׸ 縦 Ѵٴ    ɷ ׸  縦 ϳ?  ߱ ̳?,,,,,,,
2916,尨 ġ  ȭ,,,,,,,
2917,ä   迭 մ ȭ ,,,,,,,
2918,ȭ³ ӿ ִ´..,,,,,,,
2919,츮 س¾! Ԥ?,,,,,,,
2920,...ִ ׳ ö󰡸  ʾ.,,,,,,,
2921,  ÿϰ ճ,,,,,,,
2922,   հ Ծ  ƿ,,,,,,,
2923,    ȭ   ȭ ƴϱ ٶ.,,,,,,,
2924,Եó׸ Ȼ꿡 Ҷ ָӴϵ ü ڸ ϱ ǹ óøô.. ڸ ٰ óøô ָӴ..޶ϱ  ȵŴµ?   óø ڸ ٷ ó  Ӹ  ...,,,,,,,
2925, ߴ ׷?,,,,,,,
2926,׳ ...,,,,,,,
2927,  Ѱ ̲µ  ,,,,,,,
2928,ȭ ̵Ǽ Ѥ    Ѥ,,,,,,,
2929, ȭ   ҽϴ.    ̼.   ȭ ŬŸ,,,,,,,
2930,׳ ؿ....,,,,,,,
2931,Ƣ  .. ٵ ̴..,,,,,,,
2932,ھװ ģ Ҵ ׾𸣰ڰ ִµ 㹫(?) ׿  ,,,,,,,
2933, ð   ,,,,,,,
2934,..   ٴٸ   ȭ ߿    .  ٴ ..  ḻ ,,,,,,,
2935, ȭ ֱ   ȴ.,,,,,,,
2936, αٵα!!  !,,,,,,,
2937,ߵ ȯ Ųٴ    ʹ ְ  ִٴ  հ  ƿ հ  ϴ.,,,,,,,
2938,  ϰ ٰ Ƽ,,,,,,,
2939,ȭ ³ ѻȲ  ǥ 󱸿!!ʹ ؼ  ȣ ʷҼ ϼ  ,,,,,,,
2940,ū     Ȱ Գ׿. ٴ  ׷Ƽ? ḻ   ̻̾ϴ. ѵ ̺ ϰھ.Ф,,,,,,,
2941,ްö   ȭΰͰƿ~ ؼ ٺ  𸣰ٴ󱸿~,,,,,,,
2942,³  ׷ ߾~,,,,,,,
2943,԰ 峭 ƴϿ ..    ȭ,,,,,,,
2944,ī  پ    Ҿ  ־ϴ ^O^,,,,,,,
2945, ̱ϰ ¥ ~̴ !Ⱑ ɻġ,,,,,,,
2946,   ׷ġ,,,,,,,
2947,... ޴µ Գ Ǻ,,,,,,,
2948,ģ´۾ûģƴ϶ڸԴϴ,,,,,,,
2949,ȭ   ̶ ̹  ȭ  ôµ  ͺ Ҵ   ű .. ó    ϰ  ȭƸ Ƽ ѻ߸԰  㿡  ̳ ̸鼭   ...,,,,,,,
2950,ȭ  尨־µ ḻ 㹫ϱ䵵ϰδ ׳ ߾~,,,,,,,
2951, ߹ ȭԴϴ!û ḻ ٸ ϱ  .,,,,,,,
2952,ذ  ִ Դ ̺  ȭ   !!   ϴ  ȭ !!,,,,,,,
2953,ųŸӿ. ḻ Ļϰ  ʿϰ ÿ.,,,,,,,
2954,ϰôµ ճ׿,,,,,,,
2955,ȯ󿡼...κ...ߺ.ϴ٤.,,,,,,,
2956, 'غ Ű ' !,,,,,,,
2957,ḻ  㹫 ׷ Ի     ..,,,,,,,
2958,ȭ ڸ޵𺸴   ٴ... 帣 ȭ.,,,,,,,
2959,϶ ȯ϶,,,,,,,
2960, ϸ ǽ    ,,,,,,,
2961,ġ ȭԴϴ~~ݱ  ȭ߿   ְ þ~~~,,,,,,,
2962,   ȯ  ׳  °  ,,,,,,,
2963,Ģ    ϱ   .,,,,,,,
2964,볪 ̳ ̳ հ   ־,,,,,,,
2965,;µ  ߵ ȯ̰ ϰ  ִٰ ױ Ӹ ϰԵ  ʹ   Ŵϴ  ȭ Դϴ,,,,,,,
2966,ִ .... 鼭 ,,,,,,,
2967,ȭ    ð  üũϸ鼭   ԰ ϴ. ,,,,,,,
2968,ذ ִ ν ³ ȣ ų   ȭٵ    ؼ  հԺþ,,,,,,,
2969,ȯ̰  ִ Ưѿȭ,,,,,,,
2970, ȭ  ̰   ε ٷ ĥ  Ͷ 羾  ׷ ߹ݺα    ־ ٵ ¥ ḻ  ¿   ¥ ҵ  ؾ   ...,,,,,,,
2971,  ϰ ð B ȭ  ϸ ôµ ¥ ð   ...,,,,,,,
2972, ϴ  ƺ ,,,,,,,
2973,̰  ڱ ǰΰſjQuery22409698178420888_1531185918510  ǰΰ,,,,,,,
2974,۹ ý  ʹ ϰ ƹư ״ õ̳ ٽú ȭ ƴ,,,,,,,
2975, ¥ ׿ ġϳ,,,,,,,
2976,  ....̷   ḻ ,,,,,,,
2977, ϰ Ļϴ...,,,,,,,
2978,....,,,,,,,
2979,̰ ḻ  8ش,,,,,,,
2980,ȭfµ..ݿٽúѹ٤,,,,,,,
2981,尨 ־ ̾.  ȯϱ ¥ϱ?,,,,,,,
2982,ȭ   ...,,,,,,,
2983,ڱ θ鶫 ϰɸ..Ѥ,,,,,,,
2984,  㹫 վ,,,,,,,
2985,OO.  ð..,,,,,,,
2986,  ׿..  ΰ ԰ ְ ȭ׿.,,,,,,,
2987,....~,,,,,,,
2988,,,,,,,,
2989, .   1 Գ?,,,,,,,
2990,մµ?  ? ȭ  հԺ  㹫ϰ .. ȭǵ ƹ׷   Ұֳϸ鼭 ôµ  ȯ ɷ ȥ °ź Ȯ ذ...,,,,,,,
2991,//....100ְʹ,,,,,,,
2992, Ծƴ 尨~!ª Ÿ  ˲ä ߺ  Ǹѿȭ!!,,,,,,,
2993,Ұ ̷ ϴϴ,,,,,,,
2994, ̶   ϴ  鿡 ȣ? ż,,,,,,,
2995,Ʈ ᱹ ? ?,,,,,,,
2996,. Ϸ ǵ    ... ,,,,,,,
2997,3  ȭԴ..,,,,,,,
2998,C ȭ׿ ߿ OCN 濵ٶ ,,,,,,,
2999,̰  ̳ ȭʿ,,,,,,,
3000,Ͱ ξ ,,,,,,,
3001,尨 ̺ ִ±׷ȭ ׳ɱ׷,,,,,,,
3002,ͺٴ ѼƷ~  Ծ ׷ ؿ,,,,,,,
3003, xx  ҰŸ ȭ  ,,,,,,,
3004,̹  ó   ųŸӿ͸   ־   ϰ ְ ⿡ ״ õ,,,,,,,
3005,̳ 尨 ٴ    ״  ˾Ҵ,,,,,,,
3006,׳ ׷ ҽȭ,,,,,,,
3007,ũ ߿޾Ѵµ Ӱ  ͼҸ 鸮 ں ȯ̾  ó?,,,,,,,
3008,Ծ!!!ߺýϴ,,,,,,,
3009,.......ߴǹ.. .,,,,,,,
3010, ֱ⿡ ϰ  ƽ ȭ,,,,,,,
3011,ְ ȭ 2017  ̰߰ ޱ   ѹα  47m ŵ!,,,,,,,
3012,47  վ!!,,,,,,,
3013,Ұ̿...,,,,,,,
3014, 1,,,,,,,
3015,ξ߾ʷߤ,,,,,,,
3016,ġ ؿ.,,,,,,,
3017,̿~~~~ Ƴ մ°!,,,,,,,
3018,   ҽȭ,,,,,,,
3019,վ  ָѿȭ麸 尨ְ,,,,,,,
3020,  ȭ  ̱İ,,,,,,,
3021,..׷߳׿,,,,,,,
3022,̳ ԰ ýϴ óų    ͽϴ,,,,,,,
3023,¥ ִ ȭ亸³ 尨 ,,,,,,,
3024,,,,,,,,
3025,ƿ ḻ㹫ؿ ,,,,,,,
3026,볪Ԕfȿ^^ ̻󿳴ٴ!!!,,,,,,,
3027,³  ߾Ф ʰ վ,,,,,,,
3028, հ  ϰ ôµ  Ǹ̾..̿ȭ ḻ !.. ¥ ģŰ ¯,,,,,,,
3029,ذִܻ ˰ؿȭ..! 鼭  ,,,,,,,
3030, 6  ߴµ ⵵  վ,,,,,,,
3031,ְ ȭԴϴ  ,,,,,,,
3032,̷ 忡   忡 ũ ٴټӳ° ϱ ¥  ٴټӿ ִ . Ҹ ,,,,,,,
3033,޴  ԰Ժýϴ,,,,,,,
3034,ߵ   Ƽ 򸮱  尨 Ե    Ǹߴ.,,,,,,,
3035,  Դµ ׳ ׷...,,,,,,,
3036,ʹ  㹫 ,,,,,,,
3037,47 ȭ ,,,,,,,
3038,   ϴ ڵ... ׷鼭   ...,,,,,,,
3039,ڴٰ  Ĺݺθ   ˴ϴ..,,,,,,,
3040, ḻ̶   ż ʰ ũȭ  Ŭθ ... Ư Ű ڸ ¡¡Ÿ û  ,,,,,,,
3041,ʹ . ǳ ....,,,,,,,
3042,  ð ݹ氩ϴ,,,,,,,
3043,̾ϴ ,,,,,,,
3044, ¥   ..,,,,,,,
3045,ߴͺ ̺.... 羾  ̸ ȭ ٰżű,,,,,,,
3046,ܴ ȭ ѤѤѤѳϱ  ؾ ѤѤ,,,,,,,
3047,ȭ  ܴ ....,,,,,,,
3048,͸ հ ôٸ 47͵ հ   ǰſ뤻,,,,,,,
3049,   αٵαϰ ϴ  Ÿ  ŴФ̷ȭ ʹ ,,,,,,,
3050, ̰ ?ؼ   ,,,,,,,
3051,  ΰ θ̶  ڷν    ,,,,,,,
3052,̴... ¥  ̾  Ҹ в,,,,,,,
3053,⸸ ,,,,,,,
3054, ܴ ˾ƶ. 47m  ȵǴ ,,,,,,,
3055, 30г  ߴµ  ̵Ǵ ,,,,,,,
3056, ȿ  󳪱  ȵ ΰ   ũԸ.ȿ..,,,,,,,
3057,̰  縦  ǰ Ⱦ. ḻ ġ   ̴  ̿,,,,,,,
3058,̹  Ӿҳ׿  Ʋ  vod  ,,,,,,,
3059, ´...,,,,,,,
3060,  Ծ㹫,,,,,,,
3061, Ե Ҿ.,,,,,,,
3062,ḻƴϿ ٵ 㹫,,,,,,,
3063,ٵ ػ 3  ӿ ġū  3:3  ̱  ?? ּ 6 ;ߵǴ° ƴѰ,,,,,,,
3064, Ź̳ ξ ְ վ.ũ ö󰡴° ó   ȭ.       ̾ Ե ֻε ٵ ȭ   ° ??,,,,,,,
3065, ͷ ٿ ޾Ƽ  ϰڳ׿...,,,,,,,
3066, ̸ ,,,,,,,
3067, ̰ ߵ,,,,,,,
3068, ġ׿   ġ !!,,,,,,,
3069,մϴ,,,,,,,
3070,  ųŸӿ 123456788,,,,,,,
3071, վ. ¦ ,,,,,,,
3072,̸ ó׿~ մ ȭ þ~,,,,,,,
3073,  ´  ġ ȭ ΰ ڿ~~  ,,,,,,,
3074,,,,,,,,
3075,..ʹݿ ¦? ߰  տ  ǰ..... ƴѹ־  ְ մ¿ȭϴ,,,,,,,
3076,ʹ ª ణ ƽ ߰߰  ϴٰ ,,,,,,,
3077,ֱ⸸ϴ ־  ,,,,,,,
3078,  ׸    ϴ.,,,,,,,
3079,ḻ ϰ,,,,,,,
3080,ֽϴ  ȭó  ںϰ  ų ׷ Ͻø ǸϽǰ̴ϴ 47 Ʒ  ΰ ɸй̳ ̷ſ   νð ǰ̴ϴ ԰ Գ׿,,,,,,,
3081,𼭺Ͱ ̰ 𼭺Ͱ ¥ΰ?,,,,,,,
3082,OO¥ λ־ ȭͿ ḻȴٴ°ź ôµ ̰Ӹκ κ װŸƱ,,,,,,,
3083,εε ȭϴ !!!!,,,,,,,
3084,  ˰ ôµ    .尨    ⵵ 絥..Ŀäο ߴ Ҽ  鸸 ..,,,,,,,
3085,ٴ ӿ ̷ ȭ ο   ̴µ ʹ  ķ ī޶   μ̰,,,,,,,
3086,  尨 Ͽ,,,,,,,
3087,¥ ȭ 忡 ִ  ϳ  ̰ ߴ ȭ,,,,,,,
3088, ̾,,,,,,,
3089,ȭ .  ̸   ߱淡 ĵ ߴ.   ֵ鸰??,,,,,,,
3090,޵ .. վ!,,,,,,,
3091,ʹ   3 ȭ.,,,,,,,
3092,  Դµ 丮 . ȹ ǵ   վ,,,,,,,
3093,  Դµ ¥ վ!  Ͽ  ׳  ϰ ϴ°Ű ϸ鼭  ϳ  ߴµ ¥ վ!Ϳ  ״ ģ ḻ Ͻô е !  ȭ  ...,,,,,,,
3094,ܱ糭ȭ ٽžȺ.. ߴµ ߾ȳ. ׸ ǰ ջյǴµ װġ ٰ?? ׸  ѹε° ̵ǳ.  ʹ.  ݸũƲ 尨̰ ƹ͵...,,,,,,,
3095,̰߸ε ۺθ.. İۺθ常,,,,,,,
3096, ȯε.غ 47 Ʒ ִ»¿ ̵ɸ. κ ..,,,,,,,
3097,Ǫ..̵͵ ȭ?,,,,,,,
3098,οȭ  ,,,,,,,
3099, ḻ,,,,,,,
3100,   ... մ ˰ ʹ ѵ,,,,,,,
3101,ó ־  ,,,,,,,
3102,     㹫ϰ    ۻ     ҽ ȭ..ϴ.,,,,,,,
3103, ̴  ....,,,,,,,
3104,ųŸӿ̷ ô ð   Ƹ ȭ,,,,,,,
3105,2017  ~ϰ   ! ߽ڰ ʹ ;  ũ ö   嵵  ܾ,,,,,,,
3106,  羾  ȭε װ ξ 尨ְ Եȴ  ȭ 羾 ̱    羾          ȭ Ͼ մ,,,,,,,
3107, 峭ϳ   ̰   κ ã  ȭ,,,,,,,
3108, ϸ𺸴 ȣ̴.  ױƴϸ ̿ܿ ǵ ʴ° ε عذ͵ Ծ,,,,,,,
3109,׳ 80 ³   ¥ Ͱ. ̰   ū ̵ ̴.,,,,,,,
3110,OO 3⿵ȭ.  ġ ʴ. ̶淡 ޴    .,,,,,,,
3111, ͰҴµ  ̾ ߵ ʹ Ѿ ׸  ʹ Ҿ,,,,,,,
3112,   վ µ 47m  Ǹ οڰ Ѵٴ°   ȉ  ɷȴµ   ȵǴ° ,,,,,,,
3113,̾,,,,,,,
3114,ÿȭ..ְߺýϴ,,,,,,,
3115,¥  !! ȥ  ,,,,,,,
3116,ִµ ڷΰ ׿,,,,,,,
3117,ųŸӿ뿵ȭߴپͶ 񱳸俵̵̱ʾƿ¦ӿȭ10дʰԵƱʾƿȭ¾Ʊ̸ɾƽâҸ׷Ű~,,,,,,,
3118,1 Ʊ ¥ ,,,,,,,
3119,OO  ̶   OO  ;,,,,,,,
3120,尨  ,,,,,,,
3121,ؼ   ִµ  ȭ     ϰ   뼭    ʹ  丮 ʹ ϰ ̾  ʹ 㹫ϰ,,,,,,,
3122,ȭ  10 ȭ    1 ֱ Ʊ,,,,,,,
3123,̵  .. .....̰͵ ȭ..,,,,,,,
3124,47ͳ x  ,,,,,,,
3125, ̵  .,,,,,,,
3126,ȭ  ôµ ٽ ȭ򺸰 Ⱥ ȭ ǰ ȭ,,,,,,,
3127, Ǹ̳׿.... Ʊ׿..,,,,,,,
3128,1 Ʊ ȭ Ǵ,,,,,,,
3129,,,,,,,,
3130, 丮  Űٰ ,,,,,,,
3131, 並  ȭ ߴµ,,,,,,,
3132,̰ ̶??  ʹ Ǵ ̶ ̶   ..  ġ ʰ ȵǴ° ʹ Ұ  ̸  غҰ. ־ ȭ,,,,,,,
3133, ΰ 巯  ¾س  ϳ,,,,,,,
3134,ʹʹ 丮 ϰ ḻ ̻ϰ ߺ   Ʊ    𸣰..,,,,,,,
3135,̿ȭḻ ƴ ׷ ģžƴϸ  ̾ʴ,,,,,,,
3136,  ֱ.. Ǽ մϴ.. ᱹ   ƴ ,,,,,,,
3137,̷ ̾ ȭ÷,,,,,,,
3138, ȭ  Ʊ,,,,,,,
3139,¥ մٰ ø ȭ ..  ̴ ְ   ȭ  ƴϰ 丮    ̱ھֵ  ȭ,,,,,,,
3140,غȭO վ ιФ,,,,,,,
3141,׳  ȭ ȯȭ,,,,,,,
3142,ٳ   ȭ߿  ̾ģ ȭ ڸ ,,,,,,,
3143, ִ» ƴϸ  ϸ,,,,,,,
3144, Ÿ ణ  ѷ,,,,,,,
3145, ۾˹ٿ ̽ð ¥ ̾ϱ ſ䤾е ð  åԿ ; 󺸼䤻,,,,,,,
3146, Ʊ  ȣ 鼭  ƴ  Ƣ  ׳ ٴ ̾߱ ϸ ,,,,,,,
3147,..  ξȳ   ... ̾   ʹ ¥ Ƽ .. 丮   ḻ ʰ ȭ ߿  Ҹ ̰ ¥ ο,,,,,,,
3148,ѽθ ѹ ֱ ߰͸,,,,,,,
3149,  ׷ ֲٰ Ǵµ..,,,,,,,
3150,ųŸӿδ ϴ,,,,,,,
3151,   ƽ,,,,,,,
3152,....  ̷ ȭ..,,,,,,,
3153,   Ÿ ؾϳ..,,,,,,,
3154,ֱٿ ްε 鼭  ȭۿ  ȳ  ʹ 񱳉ŵ..,,,,,,,
3155,  ȳµ ٸ ȭ ξ ,,,,,,,
3156,غȭ  ̱޴.  㹫ϴٴ³ ?   Ҹ̾µ  Ͽ 鶫 뷯 ȭ ⵵  ʳ 䳲  OO 亸 Ⱥ޳ Ѥ,,,,,,,
3157,  ȳ. ȭ,,,,,,,
3158,ϴ  ,,,,,,,
3159, 忡 ְ  ̸,,,,,,,
3160,۳  忡 ôµ    ÿϰ ó׿.,,,,,,,
3161,  ȭ߿  λ ȭ  Ե ̿....bb,,,,,,,
3162,ްε 10 ǰ մ ȭԴϴ. ްε ͼ ̿ȭ   ϴ.,,,,,,,
3163,  κ ѰͰ 丮 ⵵ ʹ° ϳ  ¥  Ϲ ̴.,,,,,,,
3164,վ...!!!   ϴ,,,,,,,
3165,û ̾ ð Ʊ.,,,,,,,
3166,ѿ ⿡ ջ ȭ.,,,,,,,
3167,׷Ƽ    ȭ,,,,,,,
3168,ٴٿ ൿ ϰ ؾ Ѵ    ģ,,,,,,,
3169,̷ ƽ  ȭ,,,,,,,
3170, ȭ  ֳ ϰôٰ ḻ ~ϰ,,,,,,,
3171,쿬 ôµ Ե ƿ   ,,,,,,,
3172,վ亼մϴ մϴ,,,,,,,
3173,̷ ȭ 10 󿵽ð ʹݿ  OO ϵ..  Ѱ ° ʹ ..,,,,,,,
3174,ְ  ȭ..԰ 尨  ְ,,,,,,,
3175,Ұ  ,,,,,,,
3176,¥ ̴ 巴,,,,,,,
3177,ϰ  ϴ.   ִ ḻ Ѱ!,,,,,,,
3178,8.5  ؼ 10 ݴϴ. ̰ 忡 ٴϤФ,,,,,,,
3179,  Ƽ fµ ̱ϰ ð 𸣰 ճ׿,,,,,,,
3180, ʾ~~!   ʹ ݾƤ,,,,,,,
3181,ؾ籸 εʹ 鼭 Ÿ   Ѱɼ,,,,,,,
3182,ġ´ ִ´ٰ ִ « ƴ.,,,,,,,
3183,尨  ̴° װ ..忡fȭ.,,,,,,,
3184,OOO 1 ģ ż ڶϴ ȭ ¥ ..,,,,,,,
3185,̿ȭ Ҵ ƴ,,,,,,,
3186,  ȭ .,,,,,,,
3187, ̰  ٴϤ,,,,,,,
3188, ϰɸ    ȿ ٸϱ װ ĳͼ ٸ  װϳ,,,,,,,
3189,  ̴,,,,,,,
3190,IpƼ 3õ ôµ   Ʊ    °  ϰ ôµ ٽǸ   ׷Ƽ,,,,,,,
3191,¥  ڳ׿,,,,,,,
3192,  ..,,,,,,,
3193, ٸ  ,,,,,,,
3194,1. ۻ  ƾ.  2. ؾȰ ۿ ߾. 3. 󸶳 Ұ̸ ũ 迡 иǰ ̾ ׷  . 4.  = ڹ  ,,,,,,,
3195,  ¥ .,,,,,,,
3196, 6 Ҽϰ ȭ  7.,,,,,,,
3197,׳ ȭ~̻ ϵ ƴ!!,,,,,,,
3198,  ¥....ŸŸŸ..,,,,,,,
3199,ÿ ߽ ʹ!,,,,,,,
3200,³ . ųŸӿ   ȭε!,,,,,,,
3201,尨 ־ 丮 ƽ,,,,,,,
3202,׳  ׷..û   ġ ̷ ʾҰ Ҹŭ ۰͵ ...,,,,,,,
3203,ʶԲҴ.,,,,,,,
3204,԰  鼭 Ҹ  ,,,,,,,
3205,¿丶   ذȰ ,,,,,,,
3206,80. ׷   ʰ   ְ .   ,,,,,,,
3207,Ϸϸ  Űµ½ż޴  ѹ ѿȭ,,,,,,,
3208,ε ̴ϱ 1 ؼ 6. ѱ 󰡴 ̴   ̻ϰ  ;; ߰ ȣ  ҽ ϴ  /   ִ  ˹ٵ?,,,,,,,
3209,׳ ¦¦ Ű ȭ?  㹫ϱߴµ 泲̶  Ҿ,,,,,,,
3210,ḻ ϱ ֳ׿,,,,,,,
3211,  ۳....,,,,,,,
3212,,,,,,,,
3213,ؾ  հȿ Ư   ʹ   ԵǴ,,,,,,,
3214, 鼭  ,,,,,,,
3215, 尨 ־,,,,,,,
3216,¥  1... 鵵 ȯ̰  ȿ԰ ´ ɷ....,,,,,,,
3217,Ƹٿ ¥ ְ  ٴټ.. ̶°. ʹ .ͽſȭ..ɸ йĿ  ḻ̶ؼ..ϴ  1  ̹ ɷ,,,,,,,
3218,ܷ ? ̾ٴ ΰ  ,,,,,,,
3219,  ϰ ٴ尡 ϴ Դϴ. ?ʹѽ丮  ׳ ڱⰡ ҿ Ѱ Ѵٰų ڱ Ȯ Ƣͼ ¦Ƽϴ ȭϸ ~ 丮  ž. ̰źϷ ...,,,,,,,
3220, ó ׳ ٷ ö ƹ  P  ִ ȭ,,,,,,,
3221,ڡڡڡڸۡڡڡڡ,,,,,,,
3222,׷Ƽ   ȭ,,,,,,,
3223, ٸ ḻ Ҹ ...  ׸ Ƚϴ. Ƽʼ,,,,,,,
3224,ű  Ҹ  üξϴµ ִ 󱼸  ߴ. ȭ    ̻ߴ. Ͱ ӿ  е   Ҹ  ȭ?,,,,,,,
3225,ȭµ Ŵٿȭ鼭 ̾Ʊٴ   ̰𸣰ڴپϰɸ ̷» ѹ  ٲ  ŵ̸ ̰ź ߸ִ  Ѥ,,,,,,,
3226, Ѱͺٴ ξ Ʊٰ Ԥ,,,,,,,
3227,ٰ ϵ ò  Ѥ Ҹ׼ ٴӿ ڲ Ҹ ׷  پڳ      ؿ  ȥ   Ǽ ϴ°  ʹ òԵ 1...,,,,,,,
3228,  1:1 ̱.. Ȳ..,,,,,,,
3229,ȭ鼭  Ѱ ſ ƴҵ.  ٴӿ  ķδ  ߴ.,,,,,,,
3230,    ,,,,,,,
3231,ߴ...  ϰ...    ϰ ȭ   ÷̴...,,,,,,,
3232, Ϸٰ ,,,,,,,
3233, ̾ ؿ,,,,,,,
3234, ٴ  47    ǳ?,,,,,,,
3235,47 Ʒ      . и   Ȳ  ƴ .,,,,,,,
3236, ð ȭ,,,,,,,
3237,1 Ʊ.߾ ȭ,,,,,,,
3238,¯̿ ׳    óʸ,,,,,,,
3239,ḻ:ȯ  ȭ,,,,,,,
3240,հԺþ~   Ͱ׿  Ҿ,,,,,,,
3241,  ž Դϴ ٰ ߻ ḻ 㹫ϰ    ״  ˾ҽϴ Ʈ ߶Ծ,,,,,,,
3242,    ðƱ,,,,,,,
3243,¥ ̰  ˹ٵ ƴϰ ¥ ̰ .. 󿵰 پ˰ڴ..ȭ ׳  ٰ ϴµ ̿ȭ ʹ ð F  𿡼  . ¥... 3 𸣰ڴ~ ...,,,,,,,
3244, ־ ȭ.   ,,,,,,,
3245,ûϰµ 㹫.. ׳ ȿ  ..ũ±ٵ  Ϸϴ  ,,,,,,,
3246,   ɸ  ˾ҳ     ϸ鼭 ѱ ϳ ?,,,,,,,
3247, ܼ 丮  ʰ  ñϰ ϴ  ٴ    ȶ   üϰ Ѵ  ,,,,,,,
3248, Ŭ  ٰ ¥  ״ ˾ҳ.ȭ  ũ ö󰡴ϱ ȭ ִ     Żϰ ,,,,,,,
3249,̿ȭ  ¥ ḻ ƴ,,,,,,,
3250,   ðܳ  ƴ.,,,,,,,
3251,¥ ̾ ų ȭ ٸµ ̰ ȭ ƴ϶ ׳     ٷ鿵ȭ  1    Tayler Can you hear me~ ̵Ҹ ش~  ̱ϴٴ°~...,,,,,,,
3252,   θ... лٻ ̷ ȭ ó,,,,,,,
3253,¥ Ǹ  㹫ϰ ׳  ڰ ߵǼ ġϱ ( ȭ ḻ ƴ)̷ ׷   ̰ ְ  Ʊ ¥   ̰͵ ȭ,,,,,,,
3254,ҵ ٸ鼭 ò  ,,,,,,,
3255,ȭ ̶  ǸҸ ȭ. ȭ Ҹ ġ . ḻ ƴ????  ḻ ϴ.... ¥  ״γ´....  ϰźе  ֳ2 ñ õ,,,,,,,
3256,̿ȭ  2 ,,,,,,,
3257,̰͵ ȭ ؼ ó     Ʊ,,,,,,,
3258, ؾߵǳİ,,,,,,,
3259,¦¦ !!    ʾ ð 𸣰 ó׿䤾     ְ  ʾҽϴ,,,,,,,
3260,¥̰ 10 ִ ֵ Ӹ ;; ڱڽŰǽο  ߵ ȯ ɷ  .,,,,,,,
3261, ȭ   ϴ Ҵ  47ʹ ׷  ʰ ݹ  ü ִٴ ߴ̹ غ   ƴ ǰ ׷   ǳ ٴ   ǵ   ˿ ...,,,,,,,
3262,ĸ ũ¿ȭ ٺôµ ̰¥  ȵǴ¿ȭ....,,,,,,,
3263,ѽ ųŸӵ ȵǴ ߾Ͽȭ,,,,,,,
3264,Ƽ ôµ ԰ ״٤忡  ϵ ̰ ḻ̶°͵ ,,,,,,,
3265,Դϴ.  ,,,,,,,
3266, 1    鿡 ٸ 1 CGϴ ־е    Ѻ   ְʹ,,,,,,,
3267,̰ ճ? ġ  ϳ  ׳ װڳ. ¥   ļ .   鼭 Ϸ  ȥ Ŀ װ. ḻ ? ḻ̳?  ߽    ...,,,,,,,
3268,   Ʊ,,,,,,,
3269,ϰɸ  ģ ϴ ģ ߰߰ 󸶳 ð  Ȯ߰  ٸȭ.,,,,,,,
3270,¥ 峻  κ ..ʹ ̾µ    ׿...,,,,,,,
3271, ~~ ȭ ḻ ƴٿ ģԸ½ϴ!,,,,,,,
3272, ҹ  浿 ȭ¥   ̺ غ ̿ȭų8 Ǹ 47Ϳ 30?̺ٸ𸥴ٴ ھִ ɾ  ųα... ѵ ̶ 󸶸ٴ° Ÿ...,,,,,,,
3273,ðٸ¥ðϰ,,,,,,,
3274,̸Ƽ ôµ.Ǹ. ḻ̳̾ Ʊ. õְ,,,,,,,
3275,ʹ ƴ ׳ ,,,,,,,
3276,  ȭ հ 3ȿ .    ˹ٵΰ. ְ ð 𸣰 f ¯,,,,,,,
3277,¥    ̾. ɸũ  ׳.  ʹ ʹ 㹫..,,,,,,,
3278,¥  1 Ʊ̿ȭ  λ ־ ȭ۵ ̻  ̻,,,,,,,
3279,ḻ Ȳ巴 47  ̾ϴ  ȸմϴ,,,,,,,
3280,ũ   ų »̶ Ծȵ.,,,,,,,
3281,    ,,,,,,,
3282,ٴٿ ôؼ ȭ İ   2̼ ϰ..  ȭ İ ؼ ڱ  θ¿ȭ Ⱦ..  ÷ ڰ ߿ ˴  ǰ ٴٿ ׸  鼭  װ ö...,,,,,,,
3283,̷ ̾ ϰ ¥ ȭ ʿ..Ʈ  ȭ,,,,,,,
3284,¥ ϳξ׿ ̾Ʊ,,,,,,,
3285,¥ OOO⿵ȭ 1ֱ⵵Ʊ ḻ ¥ 㹫ϰ ȭƼ ٴڿ  ^^źе ø ȭ ,,,,,,,
3286,...ðƱƱ ð...,,,,,,,
3287,   ̳߰,,,,,,,
3288,   ø  ߵΰ ġ ~  ;;   ϴµ ȭ OO,,,,,,,
3289,¥ 1 ȭ...  ;;³  ؼ ״ ȭ ۺ  ӿ...  Ȳ Ⱦ˷ְ  ̷ ȭ  ó̾    ۺϱ  ԰  ȭ,,,,,,,
3290, ʹ ..,,,,,,,
3291,    Ʊ ȭ 1ð 40ε  1ð 30   1    ý  ȯҹް   ̵   뵵   ¥    ȭ ÷...,,,,,,,
3292,õ մϴ. ׷Ƽ,,,,,,,
3293,߰  ȳ׿.2017 ־  zero Դϴ,,,,,,,
3294,  ټ.    ȭ  ȭ ߽ó ƹ ġ,,,,,,,
3295,νڵ̼ ӿ ϴٳ,,,,,,,
3296, ,,,,,,,
3297, ʴ,,,,,,,
3298, ٰ ϰɸ,,,,,,,
3299,ٴٿ   ׿..... ùѰ ..  ׾ ƽ׿..,,,,,,,
3300,     ߵ Դ.     Ұ!!,,,,,,,
3301, OO ٽô  ȭȺ,,,,,,,
3302,     ʰ ΰ鸸 дп  ϴ ȭ,,,,,,,
3303,  ̺  ϰ  ȭ .  ٴ  ü Ƹٿ+ ϴµ,,,,,,,
3304, ǿ ,,,,,,,
3305,߰߰  鵵 ְ 尨 ְ ѵ...  ḻ̶ ,,,,,,,
3306, ޾䤻,,,,,,,
3307,ֳ׿--,,,,,,,
3308,B ȭ ˾ ª  ʾƼ Ҵ.ذ ִ  ٴ ٴ Ⱥ̴  ٴٰ  .,,,,,,,
3309, ȭ ٿ ȭ ¥.. ,,,,,,,
3310,   ߴµ ḻ ״... ׸ ߰߰ 簡 ķ  ٴ  ī޶ ߴ   μż ¥... ο  µ ڱ    ׷; ġ,,,,,,,
3311,ϰ  ϴ.   ִ ḻ Ѱ!,,,,,,,
3312,׳   尨 ׷  ʾƿ,,,,,,,
3313, ߰ڴ. 系 ¥ ɷϳ.   Ѱž?,,,,,,,
3314,վ. ٵ ׷ ٰų հų ׷ ʾҾ,,,,,,,
3315,̹  ƹ ȭ Ǽ  ȵƳ׿  ̺ ݴ   ߾ ϴ ƽ,,,,,,,
3316,  ȭ  10̶°   űϳ,,,,,,,
3317,¥  Ѹ.... ϴ.,,,,,,,
3318,ֵ ϰɸ  ־,,,,,,,
3319, ̱ȭ.  ׷Ƽ.,,,,,,,
3320, 47ͱ  µ   ƴѵ ƿ  ֳ? ʹ ׳  Ǿ ֱ. ӹ ĸ¾Ƽ 켱 ûְ  ´.,,,,,,,
3321,ƾ! !  ּ! !  ̰  ð Ʊ.....,,,,,,,
3322,ΰ ...Ǽ.........,,,,,,,
3323,߸ؼ ȭ  ¾ ȯ ϳ׿,,,,,,,
3324,̿ȭǰḻ ¥ ģ...,,,,,,,
3325,ѱڿ  ִٰ ¥ ,,,,,,,
3326,ҽ  Ƕ ȭ ϰ ôٸ û ȸմϴ...,,,,,,,
3327,  ȭε..  ʹ ƽ....  ̷ ⿵ȭ.. ϴٰ  5  not bad~,,,,,,,
3328,̾ϴ 尨 ǰϴ,,,,,,,
3329,  볳ϴ,,,,,,,
3330,̷ϴµ ʹߴ¥,,,,,,,
3331,Ѥ˴ٍ,,,,,,,
3332,1Ʊ ̰źð ׷Ƽ ٽú,,,,,,,
3333, ٵ ڰ  ħ..,,,,,,,
3334,̷ȭְκȵ˴ϴ,,,,,,,
3335, ̰ ֺ;  ̴Ǻ,,,,,,,
3336,ϰɸ ȭ (10  ¥),,,,,,,
3337,ھֵ      ϱ  ¥ .  ϴٸ鼭   .,,,,,,,
3338,̺ Ƽκ õ ׳  ȭ ü  ۻ ޴ٰ  °ź γ ٴڳ  ٰ äεȴ  ȭ 1.  ѿȭ ˰Ű,,,,,,,
3339,̷ƿ...  b ȭ  ̰ ʹ ..,,,,,,,
3340,̷OOO. Ф ٵ ,,,,,,,
3341, ݰ Ʊ.  . ݱ ȭ  Ʊ  ̹ ó̴. ̿ȭ Ͽ  شٸ...<10  >԰ 1 尨 1  5 1 ÿ,,,,,,,
3342, ظϸ ȳµ ̰ 10ִ ֵ ˹ٳ??...ٳ..,,,,,,,
3343,..̹ ٰŸġ ... ϰԳ ȭǥ Ʊ ðƱ..Ѥ,,,,,,,
3344,Ե  ȸ  ģ   ְ  Խϴ  ,,,,,,,
3345,ڸ  Ÿ ̾ ,,,,,,,
3346,Ǵٽ ߳鿡 Ӿ  ʰ,,,,,,,
3347,  𸣰  °ž,,,,,,,
3348,̰   ͸  ͸  ŋ ٸ ̰ ƹ͵ ƴϴ.,,,,,,,
3349,̷ ⸦ ȭ  ¥ ó .ξ  ̷Ⱑ0 ٴ°  ȭ,,,,,,,
3350,̳㹫ؿ,,,,,,,
3351,̰ ȭ?  ȭ鷯,,,,,,,
3352,ȭ...  ٵ ߰    ..,,,,,,,
3353,Ѵٰ  Ʈ x. ,,,,,,,
3354,ο ȯ ̱  ٵ  47 2 øε ̾ ʴ ̹̾߱Ƿ  1    1  õ  帲  ȿ  Ǿ  ʹݺ  ׷ 尨 ...,,,,,,,
3355,Ⱥ OO ׿,,,,,,,
3356,ΰ 2ch  ̾߱߿ ϳ ̾߱帧 ʹ ϴ.  ȭ  ƴϴϱ  Ҽִ  ƴ϶  ʹ  ̶...,,,,,,,
3357,  Ұ ,,,,,,,
3358,Ʈ  Ȱž??? ḻ  ̷,,,,,,,
3359,ۺ 鸸 Ű ȭ̰ź մٰϴ³ ƱѸ ϳϳ ٽúͶ,,,,,,,
3360,  ߴٰ    ..㹫,,,,,,,
3361, 6 ¥ȭ ߵ ʹ    Ʈ ڱ Ŵ¼ ٷ ġä...ȭ 4ְ ׷ Ұ Ѻκп ̸ 5ְ  ̶ 1 ༭ 6!!  ...,,,,,,,
3362, ȭ µ Ҹ ϰ 鸰....;;;ӿ °..,,,,,,,
3363,̴  ̷ ȭ հ   ׺ ,,,,,,,
3364,ٵ  ʹ մµ  ?,,,,,,,
3365, ð 鼭 ļ ī常 ۸,,,,,,,
3366, ƽ. ʹ ,,,,,,,
3367, ٵ  ؾ籸밡 Ϸ °ͺ ׳  ´ٸ   ٵ... ḻϼ ,,,,,,,
3368,ḻ ߵ ȯ ,,,,,,,
3369,Ѽ ѴȾҳ׿پ˾Ҵ Ʈ     ȯ....Ʈ ᱹ  ؼ ׾.. Ʈ ã鼭  ʹ ȭ ԰ ְḻ ĤФ ...,,,,,,,
3370,ʹ ѵ...   ȳ ׳  ε Ф ,,,,,,,
3371,ٳ̴ ˹ٵ ,,,,,,,
3372,̰ վ..? ḻ ɷε??  ϴµ..,,,,,,,
3373,ð  귯  ʹٸ  ȭ ø˴ϴ. ȣȣ  ̾ ȭϱ ϰ Ÿøǰ,,,,,,,
3374,´ ̾ Ⱥ,,,,,,,
3375,̾١ ص̺ܿ,,,,,,,
3376, ¥   ɰϰ,,,,,,,
3377,ƴ ü   ִٴ ų ȭ ߻ ó̳,,,,,,,
3378,ḻ ʹ ̾.. Ұ ؼ  ȯ̶..,,,,,,,
3379,̰͵ ȭ   0 ȵǳ,,,,,,,
3380,ȭ 鼭 Ʈ  ʹ ׿㹫 ḻ~~~~~~~~,,,,,,,
3381,̵ ȭ ȭ̸鿹󰡴ѻ,,,,,,,
3382,    ,,,,,,,
3383,̷  ȭ ׸,,,,,,,
3384,¥   ٳѤ,,,,,,,
3385, 10  ϳ    ,,,,,,,
3386, ϰɸ ȭ.. ³ 100 Դ±,,,,,,,
3387,   ʺ,,,,,,,
3388,..αϰԸ ̰Եü  ȭ? ̰ ٴ  ü ȭ ϴ°ǰ.. ˹پƴ?  ޱغµ  ԰ ã   ġ 뱸 źź;;;;  ...,,,,,,,
3389,  ȭ߿ 2°̾ϴ.  ǰԴϴ. ڱ ǰ߰ ٸٰ ° ̳׿.   ڱⰡ  ° ° ´ٴ  ô е ׿,,,,,,,
3390, ſ Ƶ  ְ ⿣,,,,,,,
3391,۷  ٷµ,,,,,,,
3392, 2 ġ Ѵ  ȭ ~~~ ̵ܱ ѱ̵  OOO,,,,,,,
3393,ѤѴ۾˹? ϰµ  Ǹ ٳ뤻,,,,,,,
3394,  ̷  óõ . . .,,,,,,,
3395,̵,,,,,,,
3396,  ƹ ǹ    .,,,,,,,
3397,ȭ߿  ̾ . ¦  뿡  ϱ⺸ٴ Ҷ ϴ  Ŀ հ ߰߰  ¦   ְ ׷ ḻκ ̿ȭ  վ,,,,,,,
3398,̾ѵ ̾ƴϰ   Ұ Ⱥ ֱ⶧ ݴ̺Ҷ ׻  ׸ 뿡 100 Ҹ ٴϴµ װ ̶,,,,,,,
3399,ƿ  ̼ ±±  Ż糳~ ~ Ŭ̳ Ʈ  ֵϰ  ȵ,,,,,,,
3400,̰ OO ȯ  7̳ ޳ ģ ̵濡   µ  ڰ ȿ  ظŴٰ ٰ ٽ ظŴٰ   㹫ϰ ̰  ôٴ° Ӿ˹Ǭ ...,,,,,,,
3401,ȭ߿  ..,,,,,,,
3402, ,,,,,,,
3403,  ̼ ϳ װ ϳ Ǭ Ǵ¿ȭ...뵵  ò⸸  ȭ...,,,,,,,
3404, ΰ ̸  θ,,,,,,,
3405, е ̺ Դϴ. ⺻  ĵ ξϰ   ȭ Ÿȭ ׿.. ٶ 47Ϳ ũϳ 1ð ߹;; ξ.. 鼭 ȭf׿....,,,,,,,
3406,ҽ 2017...,,,,,,,
3407,   ϸ   ̳.... ḻ  㹫ϳ...ݱ  ȭ߿  ̾µ... ȭ   ׳     ۿ µ...,,,,,,,
3408,ذִºе ſ   ȳ,,,,,,,
3409,ḻ  ˾,,,,,,,
3410, 2 ҾƳϱ  ߾ϰ  °ſ ϰɸ  ̰ ȯ ָ.   ,,,,,,,
