,content,,,,,,,,
1,초반부 신앙심 없는 목사의 돈벌이용 쇼맨십이 넬을 만난 후부터 진실한 퇴마의식으로 변화되는 과정은 다소 신선,,,,,,,,
2,2편보고나니까 1편이 갑자기 엄청 훌륭하게 보이는 이 느낌은 뭘까 ㅋㅋ,,,,,,,,
3,여주인공의 현란한 빙의 연기에 깊게 빠져들었습니다. 그러나 추리의 여지가 있는 반전도 아닌 요상망측한 끝맺음은 정말 아쉬웠습니다. 반전 직전까지 정말 기대했었는데...,,,,,,,,
4,전문가 평점 개무서워,,,,,,,,
5,전 되게 재미있게 봤습니다. 정말 잘 만든 영화 같아요.,,,,,,,,
6,이정도면 수작이다...,,,,,,,,
7,마지막 반전이 상상도 못 할 정도로 참신함,,,,,,,,
8,생각보다 재밌었음 여자애의 연기에 박수를,,,,,,,,
9,솔직히 공포보다는 반전과 신선함에 점수 주고싶음 대충본사람은 이해못하는게 당연,,,,,,,,
10,이런 형식은 처음 보는데  진짜인 줄 알고 봤더니 재미있네요. 끝까지 보게되요.,,,,,,,,
11,군대에서 별 기대감 없이 본 영화였는데,,,,,,,,
12,구리다.. 6.4점 정도........,,,,,,,,
13,라스트라서 천만다행입니다......,,,,,,,,
14,이거 완전 재밌게 봤던 기억이... 특히 마지막 장면은 아직도 뇌리에 선명함,,,,,,,,
15,초반부터 뿌렸던 떡밥도 깔끔하게 다 회수했고 전개며 연출이며 흥미진진하게 잘끌다가 마지막에 반전까지주고 이정도면 웰메이드지 재밌게봄 만족,,,,,,,,
16,후반부 긴장감 엄청 났는데 평점 왜 이리 낮나요 사탄의 존재로 신의 존재를 받아들이게 됐다는 중심 이야기가 인상 깊네요 넬 등 등장인물의 연기도 좋았고 페이크다큐 형식도 좋은 선택이었다고 보여요 결말도 정말 좋았습니...,,,,,,,,
17,허리 유연함,,,,,,,,
18,첨에는 진지하게 볼만하더니 마지막에 완전 황당무계함으로. 안무서움.,,,,,,,,
19,5점은 줄수있겠다.  무언가 그래도 영화에 넣을려고 노력한 흔적은 보이니까,,,,,,,,
20,케일럽이 잘생겨서 별점준거다 OO...,,,,,,,,
21,뒤로갈수록 납득이 안되는 영화,,,,,,,,
22,악마의씨 + 블레어윗치 짬뽕....,,,,,,,,
23,엑소시스트+블레어위치.,,,,,,,,
24,결말이 허무하고 카메라가 흔들리고 또 영화가 시끄러워,,,,,,,,
25,완벽한 공포....,,,,,,,,
26,이런 쓰레기 영화,,,,,,,,
27,제일 무서운건 악마도 뭣도 아닌 사람 .저예산틱한 화면이 단점.,,,,,,,,
28,시리즈의 라스트였어야 했다.,,,,,,,,
29,살다살다 평론가가 속 시원하게 말해주는건 처음이네,,,,,,,,
30,Btv에서 봤는데 돈 아깝다,,,,,,,,
31,개 좆 병맛 페이크물들,,,,,,,,
32,이게 last가 됐어야 했는데,,,,,,,,
33,연기봐라 엑소시즘을 연기하는 목사를 연기하는 클라스ㄷㄷ,,,,,,,,
34,엑소시즘과 파운드푸티지 장르의 결합을 나름 영리하게 접근한거 같다. 다만 현실성을 살리다보니 엑소시즘 영화에서 막상 엑소시즘이 묘사되는 장면이 짧은게 아쉽다. 결말에 대해 호불호 나뉘는듯 싶지만 개인적으로는 좋았다....,,,,,,,,
35,페이크 다큐라는걸 알지만 소녀의 빙의 연기와 실제같은 전개가 몰입도를 높여준다,,,,,,,,
36,엑소시즘이란 소재의 고리타분함을 재기있는 캐릭터와 장르적 기법으로 해소했다. 다만 마무리까지 끌고가는 힘이 다소 벅차보이는게 흠.,,,,,,,,
37,나름 재미잇엇지만 끝부분에 좀 황당햇다.처음에는 조금지루햇다결론은 처음과 결말부분 아니면 볼만햇다,,,,,,,,
38,인간의 욕심은 끝이없고 똑같은 실수를 반복한다. 결말보고 이거밖에 생각 안나더라. 또 급결말이라 똥싸고 떵안닦은기분. 전체적으로는 신선한데 결말만 똥임,,,,,,,,
39,엑소시즘 뜨느까 다 따라하네,,,,,,,,
40,그냥 궁금해서 한 번 봐 주는 정도 그 이상은 기대하지 말자 중간에 몇 번 중단하려는 유혹을 이겨야,,,,,,,,
41,마무리가 너무 순식간에 벌어져서 아쉬운 느낌이들지만 나름 짜임새 있는 구성이어서 잘봤다고 생각합니다아이리스? 이쁘던데…도끼질로 죽다니 이런 ㅠ,,,,,,,,
42,근데 이거 블레어 위치보단 재미있었음. 블레어 위치 재미있다는 사람 먼가여.... 걔들 떠드는 거랑 욕하는거 길찾고 그런거 밖에 안나옴. 차라리 이영화가 그나마 나아여 ㅋㅋ,,,,,,,,
43,기자/평론가 평점 4.44 지린다.. ;;,,,,,,,,
44,넬의 연기력은 좋았던것 같다. 하지만,,,,,,,,
45,나름 스릴있게 전개 되지만 공포부분이 많이 부족함,,,,,,,,
46,전개가 좀 신선 다큐같음,,,,,,,,
47,잔인한걸 많이봐서 그런가 아무렇지도 않네... 내가 비정상인가,,,,,,,,
48,너무나 비용을 아|끼려하지 않앗나....셍각이든다..,,,,,,,,
49,옛다! 6점  다큐가 싫다,,,,,,,,
50,개인적으로 블레어윗치 반도 안됨. 이거 뭐 반전도 기대 이하였음..  2를 기대해 볼께요..,,,,,,,,
51,ctrl + c,,,,,,,,
52,좋은 평을 들어서 보긴 봤는데.,,,,,,,,
53,몇배속으로 빨리돌려보지 않으면 나름 볼만하다,,,,,,,,
54,목사 너무 답답함 뭔 오지랖으로 그러는지... 보는내내 너무 답답해서 속터지는줄. 결말도 황당. 고양이 죽일때가 제일 무서웠네ㅋㅋ,,,,,,,,
55,페이크다큐 정말좋아하는데,,,,,,,,
56,진짜 기대하고 봤었는데 완전 실망이었음,,,,,,,,
57,음?! 뭔가 부족한 느낌..식상할거라 예상해서 그냥저냥 봤는데 공포감이나 긴장감이 너무 없어서 아쉽네.그점이라도 연출을 잘했음 식상하더라도 봐줄만 했을텐데ㅠㅠ마지막 반전 때문에 그나마 평점올림.,,,,,,,,
58,결말도 흥미롭고 긴장감 유발도 적당하다..,,,,,,,,
59,솔직히 지루했음,,,,,,,,
60,평점이 너무 아까움,,,,,,,,
61,주님을 믿는다면 사탄도 믿어야한다. 이말로 그럴듯하게 꾸며냈다.,,,,,,,,
62,그럴듯해서 봐줄랬는데 마지막 결말 보니 그냥 그럴듯하게 꾸며낸 영화네.,,,,,,,,
63,내가본b나 c급 영화만큼 재미없다 초반엔 졸앗고 후반에 재밋어지려던 장면도 허접한 악마가망침,,,,,,,,
64,자막제작자가 써놨듯이 막장임.,,,,,,,,
65,긴장감은 있지만 재미는 엄따...글구 난 이렇게 카메라 흔들면서 찍는거 싫어함,,,,,,,,
66,이제 시작이라고 생각할때쯤이 마지막이였다니... 어이가 없는건지 쩔어줬던건지..,,,,,,,,
67,그다지...,,,,,,,,
68,엑소시스트로 시작해 오멘으로 끝나는 주제의 일관성이 없는 3류영화..,,,,,,,,
69,엑소시즘 사후세계의 소스들이 얼마나 많은데 소스 활용을 개같이 했네,,,,,,,,
70,라스트 엑소시즘(X) 워스트 엑소시즘(O),,,,,,,,
71,공포영화치곤 조금 지루하네요..,,,,,,,,
72,페이크다큐치곤 평작정도? 수작도 망작도 아닌...,,,,,,,,
73,성의없는 결말만 조금 고쳤어도 어땠을까,,,,,,,,
74,왜 1위를 석권했는지 모르는 영화다;,,,,,,,,
75,은근하기는 하나...그게 전부임...,,,,,,,,
76,진짜오랫만에본 어설픈쓰래기 영화다!!!,,,,,,,,
77,은근히 공포감이 오는듯. 그다지 추천은쫌;,,,,,,,,
78,다큐마냥 실화보는것처럼 재밌게보긴했는데 마무리가영..그래서뭐어쨋단거지,,,,,,,,
79,초중반까지의 진행은 페이크 기법의 장점을 보여주지만 마무리가 엉성하다,,,,,,,,
80,영화의 내용이 상당히 무섭다,,,,,,,,
81,그냥 영화의 결말로는 충격적인데,,,,,,,,
82,솔찍히 이건 아니잖아 응?,,,,,,,,
83,내가 본 페이크 다큐중에 젤 후잡하다..최악...,,,,,,,,
84,ㅅㅂ 이것도 영화라고............,,,,,,,,
85,결말이 애매모호한것 빼곤 괜찮다,,,,,,,,
86,파라노말 액티비티의 흥행을노렷나..ㅡㅡ실망인데;;,,,,,,,,
87,반전은 봐줄만 하다. 하지만 페이크다큐라서 시종일관 더 않무서웠던 영화.,,,,,,,,
88,기대하고봤더니 실망이 크네요 ;,,,,,,,,
89,나름 신선한 스토리를 잘 풀어가나 종반에 와서 관객의 뒤통수를 어이없게 후려친다,,,,,,,,
90,다큐형식이라서 공포감이 더욱 큰 듯하다,,,,,,,,
91,이딴공포영화도있나 그돈으로 밥먹을껄,,,,,,,,
92,존나 재미없어 포스터만 볼만함,,,,,,,,
93,이깐게 공포물이여?   ㅎ,,,,,,,,
94,신은 믿지만 악마를 믿지 않는 목사의 어리석음을 한없이 꾸짖고 있다.,,,,,,,,
95,초중반까진 흥미롭게 잘 그리다가 중후반부턴 그냥..머.. 허무하게 마무리하네,,,,,,,,
96,고양이가 귀여워서 세개,,,,,,,,
97,난 이런쪽에 흥미를 가지고 있어서 그런지 재밌게 봤음 굿굿,,,,,,,,
98,도대체 이게 뭐가 긴장감이있고 뭐가 충격이라는거여...,,,,,,,,
99,재밌게봤어요. 영화관에서 돈주고봐서 그런가,,,,,,,,
100,동종업계 최악의 영화 폐가를 능가할 뻔 했는데 아쉽군,,,,,,,,
101,몰입도 괜찮고 영화 나쁘지 않음,,,,,,,,
102,박쥐마냥 기독교와 무신론을 가지고 노는 영화,,,,,,,,
103,정말 기대 이하임..보면 완전후회할지도...,,,,,,,,
104,뭥미?,,,,,,,,
105,페이크성 다큐도 용서가 안되는데 무서운 공포도 없고 에밀리 로즈를 대신할 수 없다,,,,,,,,
106,보는내내 긴장하면서 봤는데..그래서 목사는 악마랑 싸우러갔다가 어뜨케 됐다고.....,,,,,,,,
107,예고편이 다엿어...........,,,,,,,,
108,이걸 스릴러라고..... 아오,,,,,,,,
109,이것도 영화라고 만들었구나...,,,,,,,,
110,뭐 이런 막장영화를 봤나,,,,,,,,
111,ㅡㅡ이씨 영화관에서봤으면돈아까웠을영화ㅏㅏㅏㅏ,,,,,,,,
112,고사보다 100배 괜찮은...,,,,,,,,
113,더도 말고 덜도 말고,,,,,,,,
114,아놔 이런쓰레기를봤나 결말도 그렇고 보는내내지루하고 이런x,,,,,,,,
115,다들 매너는 굿이네,,,,,,,,
116,이런 카메라 기법 너무 짜증. 광고의 10%도 못믿치니는 영화.,,,,,,,,
117,악마와 사이비 어느게진실일까,,,,,,,,
118,공포치곤괜찮았다. 지루하지않고 봤으니머..예상못한 반전 ㅋ,,,,,,,,
119,맨마지막에 어두워서 뭐가 어떻게 끝낫는지를 모르겟네,,,,,,,,
120,이건 뭐 예능에서 하는 쓰레기 공포특집보다 못하네...,,,,,,,,
121,??왜 재미없다는거?? 파라노말하고 비슷한 공포를 느낀듯 ㅋ,,,,,,,,
122,페이크 다큐,,,,,,,,
123,막장이 대세라더만...잘나가다가 왜...,,,,,,,,
124,도대체 평점이 이영화왜이렇게 높은거지? 도대체 시간아까워죽겠다 다운받아본내돈도.,,,,,,,,
125,친구가끝까지졸라서보러갔는데욕이절로나오드라;;진짜돈아까움ㅡㅡ,,,,,,,,
126,페이스다큐가뭐냐 ㅋㅋㅋㅋㅋㅋㅋㅋㅋㅋㅋㅋㅋ페이크다큐지 진짜무식한티낸다,,,,,,,,
127,페이스다큐인줄 몰랐다..그냥 영화인줄만.볼만은했다 초반에지루하다 좀 볼만하니까끝,,,,,,,,
128,다들 알바인건가 다같이 1점주네 ㅡㅡ; 지금평점이 딱괜찮은거같다.,,,,,,,,
129,장난치냐 ~~~~~~~~~~,,,,,,,,
130,1973년도 39년전의 영화가 딱 1000배 더 재미있습니다. 농담아니고 과장안했습니다.,,,,,,,,
131,역시 엑소시스트 1이 최고.,,,,,,,,
132,케이블 티비 엑소시스트나 보세요..ㅋㅋㅋㅋㅋㅋㅋㅋㅋㅋ,,,,,,,,
133,악마보다 더 무서운 '알바',,,,,,,,
134,아 이건뭐지,,,,,,,,
135,뭔가 많이 아쉽군요..,,,,,,,,
136,엑소시즘 이란 단어가 좀 아까움... B급??,,,,,,,,
137,소재는평범 소리로 깜짝놀래트리기,,,,,,,,
138,아...진짜 열받어.......시간 아까워서...,,,,,,,,
139,영화면 영화?다큐면 다큐?다큐인것처럼 가지고 노니,,,,,,,,
140,정말 포스터가 전부인 이런 영화 첨봄..발가락으로 만들어도 이것보단 잘 만들겠다,,,,,,,,
141,마무리는 클리셰로,,,,,,,,
142,이런 3류 영화 같으니라구...기대해서도 궁금해서도 보면 무조건 후회할 영화,,,,,,,,
143,아..진짜 알바가 있긴 있구나...볼 사람은 봐라 ㅋㅋㅋㅋㅋㅋㅋㅋㅋ,,,,,,,,
144,한마디만 하죠 최악중에 최악임 이건평점 다내려버길수도없고 ㅠ,,,,,,,,
145,내인생 최악의 영화^0^ 내인생 86분을 환불해주세요^0^ 아놔,,,,,,,,
146,엑소시즘 아류작 포함 최악,,,,,,,,
147,뭔놈의 알바들이 이리도 많노...엑소시즘이라는 대작에 먹칠을 해놔도 유분수지...,,,,,,,,
148,흥미진진했다. 결말을 예측할 수 없었던 영화.,,,,,,,,
149,장르가 공포잖아. 근데 왜 안무서운건데... 왠만한 스릴러만도 못해. 많이 모자라.,,,,,,,,
150,난생처음별두개미만으로주긴첨이다ㅅㅂ쓰레기영화.레알...평점뭥미ㅡㅡ,,,,,,,,
151,즐기기용 공포영화가 아니다. 생각좀 하면서 보자..보는 내내 흥미롭게 잘봤다.,,,,,,,,
152,OO 욕 밖에 안나오네. 엑소시즘오브에밀리로즈영화의 발톱도 못미치는 영화,,,,,,,,
153,존나 개 똥꼬같은 영화네,,,,,,,,
154,영화참 진짜 저렴하게 만드네.......절대보지마시길 재미하나도없네 ㅅㅂ,,,,,,,,
155,결말빼곤 다좋았는데....,,,,,,,,
156,재미 없음...,,,,,,,,
157,난 4개 결말과 모티브는 좋았지만 왠지 너무 지루했다,,,,,,,,
158,평이 극과 극이구나. ^ ^ 복선이 깔린 와중에 엔딩이 압권이었다.,,,,,,,,
159,긴장감 조성은 좋지만 뭔가 결말은 황당한듯,,,,,,,,
160,별 특색도 없고..많~이 밋밋..,,,,,,,,
161,아이고 이게 뭐여 마지막이. 그래도 놀래키긴 하네,,,,,,,,
162,너무 블레어 위치를 의식해서 결말마져 비슷하게 가버린게 흠이지만 1점이라니?,,,,,,,,
163,첨으로 평점 씁니다. 파라노말액티비티 어설프게 따라했네요. 별 한개도 아깝습니다.,,,,,,,,
164,쵝오입니다. 꼭꼭꼭 봐주세요. 특히 연인과 함께 -_-a,,,,,,,,
165,참,,,,,,,,
166,1점주는 알바가 있긴 있구나.. 저렇게 한꺼번에 티나게 줄수가 -_-,,,,,,,,
167,몇페이지 뒤까지 한꺼번에 다 1점이고,,,,,,,,
168,나도 후기 안남기는데 ㅡㅡ 뭐이딴게 잇음 기대 이하임 이하!!!! 이게 영화냐,,,,,,,,
169,정말 첨남김... 평점남겨야 겠다고 결심하게 만든 영화...,,,,,,,,
170,왠만하면 후기 안남기는데,,,,,,,,
171,1.여자소녀가 너무평범하게생겼음. 2.엑소시스트나 블레어위치에서 다써먹은소재,,,,,,,,
172,참...OO스럽다..ㅋㅋ,,,,,,,,
173,체조선수냐? 뒤로 잘 제껴지면 무서운거냐? 완전 쓰레기임,,,,,,,,
174,반개도 아깝다.,,,,,,,,
175,1개도 아깝다. 반개는..생각좀 해보고...,,,,,,,,
176,평점...이 이케 높은 이유가.....? 완존 대 실망....ㅜ.ㅜ,,,,,,,,
177,무슨 내용인지 잘 모르겠넴..;;,,,,,,,,
178,엑소시즘 소재로 독특하기도 하고 재미도 있고 반전도 있음,,,,,,,,
179,평점 정말 개사기...완전 지루;;,,,,,,,,
180,평점이 정말 개뻥이네 별 반개도 아깝,,,,,,,,
181,진심 재미없음,,,,,,,,
182,우윀,,,,,,,,
183,10점준늠들 참 ㅋㅋㅋ 막장의 끝을 보여주네요~,,,,,,,,
184,충격적인진실..정말손에땀을쥐고봤네요,,,,,,,,
185,영점주고 싶은대 영점이 없네 어떻게 박스오피스 1위를 했는지 알수가 없네,,,,,,,,
186,아 내친구 말대로 테두리도 아깝다 ㅋㅋㅋㅋㅋㅋㅋㅋㅋㅋㅋㅋㅋㅋㅋㅋㅋ,,,,,,,,
187,뭐....별루..ㅋㅋ,,,,,,,,
188,이거보는순간 한손엔 칼이 다른손에 이거추천한동생죽였습 보지마쇼,,,,,,,,
189,씨발 빵점은 없는거냐?,,,,,,,,
190,이젠 페이크다큐도 별로...오히려더무섭게하려하는것같은데그닥.. 그냥킬링타임..,,,,,,,,
191,진짜 답 안나오는 영화다,,,,,,,,
192,10점 평가준 아디 클릭. 딱 이영화 하나 평가 대부분. 그런 평점은 몰아서 나옴,,,,,,,,
193,쓰레기임 레알 보지마셈 OOO기임ㅋㅋㅋㅋㅋㅋㅋㅋㅋㅋㅋㅋㅋㅋㅋㅋㅋㅋㅋㅋ,,,,,,,,
194,영구 없~~다 (띠디리디디디~),,,,,,,,
195,야근데 무슨 영화가 40분이냐?,,,,,,,,
196,다 알바냐ㅋㅋㅋㅋㅋ 병맛진짜 ㅋㅋㅋㅋㅋㅋㅋㅋㅋㅋ,,,,,,,,
197,절라 재미 없음... 10점 주는 사람들.. 다 동태 눈깔임??,,,,,,,,
198,의외로 볼만하네요 특히 마지막 장면은 약간 충격이었음,,,,,,,,
199,공포영화 무서워하는편인데 정말 안무섭고 니맛도 내맛도 아니에요,,,,,,,,
200,공포영화 보통 시시한데 이건 내용이 알차고 긴장감돌고 좋았아요,,,,,,,,
201,진짜 기대안하고 봤는데 진짜 깜놀,,,,,,,,
202,진짜 재미있어요 -ㅁ- 녹아듭니다 ~,,,,,,,,
203,짜임새있는 구성이 진짜 맘에 들었다. 연기력은 당연한거고,,,,,,,,
204,머~ 나름 유쾌하게 잘 소화하셨음 ~ ㅋ -ㅋ,,,,,,,,
205,저는 정말 무섭고 재밌게 봤어요,,,,,,,,
206,진짜 막장중의 막장;,,,,,,,,
207,허리꺽을때 내 심장도 멎을뻔…,,,,,,,,
208,OOO,,,,,,,,
209,영화보다가 졸다가 결말보구 어이없어서 담배만 피웠다...,,,,,,,,
210,내용을 잘떠올려보니 허접한 영화가 아니였어,,,,,,,,
211,짱,,,,,,,,
212,야간에 친구랑 둘이서 봤는데 OO 내인생 최악의 영화였음. 왤케 평점 높냐,,,,,,,,
213,진짜 계속 보면서 흥미진진했어요,,,,,,,,
214,긴박한 상황과 반전이 기가막힌다.,,,,,,,,
215,잠시도 긴장감을 늦출수없다.,,,,,,,,
216,왠간한 잔인한거.. 귀신등등 무섭게 본적없던 내가 주변을 둘러보며 봤던영화,,,,,,,,
217,대박 재밌음 이런건 극장에서 봐야지.,,,,,,,,
218,진짜 기대안하고 봤는데 진짜 깜놀,,,,,,,,
219,공감,,,,,,,,
220,이딴 영화에 알바푸냐 할말이 없네 돈아깝다 그냥 하는 소리 아니니 후회들 마시길,,,,,,,,
221,ㄷㄷㄷ... 말이 안나오는 숨막히는 공포,,,,,,,,
222,끝부분이 정말 좋았다. 첨엔 좀 지루한감이 없지않아 있었지만.,,,,,,,,
223,극장에 혼자가서 보삼. 긴장감 쩔고 마지막에 뒈짐 ㅋ,,,,,,,,
224,분위기 조성을 잘 살린 영화.,,,,,,,,
225,여배우 연기하다 실신했을듯,,,,,,,,
226,알수없는 공포의 리얼.,,,,,,,,
227,결말이 허무한줄알았으나 곱씹어 생각해보니 음...좋은 작품인거같애,,,,,,,,
228,혼자봤는데 장난 아님,,,,,,,,
229,그저그런 영화일거라는 내편견을 깨는 영화,,,,,,,,
230,정말 재밌게 봤다 무섭기도 무섭지만 리얼한 상황전개가 나를 미치게했다…,,,,,,,,
231,이런류의 공포물은 첨이었다. 좋은 스토리가 인상적이었다.,,,,,,,,
232,글쎄...이건 아닌듯...다큐 형식은 좋긴 했지만..,,,,,,,,
233,신부완전 개사기꾼이다 어이가없어서 웃음만 나오더라 ㅋㅋㅋㅋㅋㅋㅋㅋ,,,,,,,,
234,무섭다기보다는 좀짜증난다..,,,,,,,,
235,반전..ㅎㄷㄷㄷ,,,,,,,,
236,짝퉁 신부. 첨에 완전 맘놓게 하다가 완전 관객을 패닉으로 몰아넣는;;;;,,,,,,,,
237,스토리도 좋고 역시 마지막이 깜놀이네염,,,,,,,,
238,귀신이 나오거나 그런건 아니지만 뭔지모를 공포감이 있어 좋았다.,,,,,,,,
239,정말 긴장하면서 봤다. 배우들 연기또한 너무 소름돋을정도,,,,,,,,
240,교회의 일부 이상한 분들이 봤으면 좋겠음.;,,,,,,,,
241,제목대로 마지막이 되리라,,,,,,,,
242,흥미진진하고 늦은밤에봐서 더 재밌었음.,,,,,,,,
243,허리꺾기 대박. 보면 헉소리나와요,,,,,,,,
244,지들이 재미없다고 다른 사람도 재미없어라 이말도 아니고 말하는 꼬라지 ㅉㅉ,,,,,,,,
245,평점알바 색휘들 진짜 죽여버리고 싶다... 영화보면서 이렇게 화가나보긴 첨이다.,,,,,,,,
246,진짜 배우들 연기 진짜같다,,,,,,,,
247,임산부나 노약자는 삼가해주시길,,,,,,,,
248,이거본날 잠못잤다. 존나 무서워…,,,,,,,,
249,움찔움찔 놀라는 맛이 아주 좋아요,,,,,,,,
250,마무리도 별로구..공포까진..아닌듯...,,,,,,,,
251,평점 말도안되게 높다...결말 어처구니 없고...객관적으로 6점 이하가 맞다고 생각..,,,,,,,,
252,좀 어지러웠지만 그덕에 엄청실감났음,,,,,,,,
253,여지껏 봤던 엑소시스트 시리즈중에 최강이다..,,,,,,,,
254,요즘 이야기위주의 허접공포영화보다 1000배는 재밌다. 무섭구..ㅜ,,,,,,,,
255,처음으로 평점을 쓰게 만든영화다.종교적으로비춰진다는의미는존재하기에그렇지않을까,,,,,,,,
256,짜릿한 공포의 묘미…이영화를 보면 알수있을거다.,,,,,,,,
257,공포보다는 종교적색채가 강하다. 개개인의 신앙에 따라 다른느낌을 받을듯..,,,,,,,,
258,마치 사실에 기초한듯한 착각을 불러일으킨다.,,,,,,,,
259,기대가 넘 컸다. 잠깐 놀라는게 다야.. 억지 마무리,,,,,,,,
260,ㅋㅋㅋㅋㅋㅋㅋㅋ 긴장감 은 굿 내용을 약간;;,,,,,,,,
261,우악스런 공포보다는 자연스럽게 조여오는 긴장감이 좋았다.,,,,,,,,
262,긴장하면서 봤다…근데 끝이 잘 이해가 안간다..,,,,,,,,
263,사실 보고 기분이 그다지 좋지않다. 앞으로 집에서 불켜고 자야겠다,,,,,,,,
264,깜짝놀래는것보다 더 무서운게 담겨있는 영화..은근 소름 공포,,,,,,,,
265,사람의 어두운 본능을 잘 살린듯,,,,,,,,
266,무섭다…ㅡ ㅡ 이거 꼭 실화같다.,,,,,,,,
267,하드한 공포물은 아니다. 하지만 생각을 하게 만드는 영화 간만에 본다,,,,,,,,
268,기대이하..,,,,,,,,
269,이거 뭐야..영화도 아니다,,,,,,,,
270,조금의 몰입감 뿐 시시한 결말,,,,,,,,
271,볼만한건 목꺾는거 뿐임ㅇㅇ 목 되게 잘 꺾더라,,,,,,,,
272,영화 REC같은거 좋아하시면 보세요.. 볼만은 합니다,,,,,,,,
273,엑소시즘을 토대로 접근해본 가능성에 대한 고찰,,,,,,,,
274,스토리적으로 조금 미흡하긴 하지만 아주 참신하고 흡인력있었다.,,,,,,,,
275,좋은 발상에서 끝맺음이 쥑이네,,,,,,,,
276,식상하지않고 완급조절이 좋다,,,,,,,,
277,그럭저럭 생각도 많이 하게 되고..괜찮은 영화인거같아요.,,,,,,,,
278,배우들 연기 진짜 리얼하다. 그래서 더 무섭고 실감났다,,,,,,,,
279,저는 정말 무섭고 재밌게 봤어요,,,,,,,,
280,낚이지 마세요 진짜 저도 재밌는 줄 알고 봤는데 와 진짜 쓰레기임 시간아까워 진짜,,,,,,,,
281,진짜알바가 있긴있구나.. 10점준ㅅ끼들 아이디 눌러보면 답나옴..ㅡ_ㅡ; 황당..,,,,,,,,
282,내가 여지껏 봤던 공포영화중에 최고의 공포를 안겨준 영화..,,,,,,,,
283,공포영화? 아니 그이상의 짜릿함!,,,,,,,,
284,극장에서 소리 졸라 질렀네 ㅋㅋㅋㅋㅋㅋㅋㅋㅋㅋㅋ,,,,,,,,
285,헐 진짜 미치도록 무서운 영화다 아나 오늘 잠못자겠다.,,,,,,,,
286,배우들의 자연스러운 연기가 볼만하네요,,,,,,,,
287,현실을 제대로 반영했기에 더욱더 무서울수밖에 없었던,,,,,,,,
288,공포영화에 많이 무뎌져있었는데 오랜만에 오싹오싹하게 만든 영화임.,,,,,,,,
289,오랜만에 공포영화가 무서웠다,,,,,,,,
290,솔직히 난 무서운거 잘 안타는데 이거 진짜 쪼금 무서웠구 진짜 재밌게 잘만듬.,,,,,,,,
291,정말 알바가 있긴 있군요 -_-;; ㄷㄷㄷ,,,,,,,,
292,배우들의 연기가 괜찮았다,,,,,,,,
293,알바질좀  티안나게 해라 삽대가리들아 ㅋㅋ 묶어놓고 엑소시즘 해뿔라 ㅋㅋ,,,,,,,,
294,어지럽기만 하다. 웩.. ㅠㅠ,,,,,,,,
295,짱,,,,,,,,
296,이영화다큐인지영화인지햇갈렷음;;,,,,,,,,
297,공포감을 느끼기 이전에.. 흔들어대는 영상에 촛점 맞추느라 눈알이 아프다,,,,,,,,
298,공포영화는 무조건 잔인해야재밌다는 편견을 깼다. 너무 재밌게 봤다.,,,,,,,,
299,명품 공포다큐멘터리,,,,,,,,
300,소재를 잘이끌어냈습니다.,,,,,,,,
301,배우들의 연기가 돋보임.,,,,,,,,
302,나름 긴장하면서 봤다. 재밌었다,,,,,,,,
303,보는내내 긴장긴장긴장,,,,,,,,
304,아 진짜 다큐멘터리같잖아,,,,,,,,
305,소리와 자극적인 비주얼로만 놀래키려던 호러감독들은 각성하라.,,,,,,,,
306,세심하게 구성된 리얼리티공포물.,,,,,,,,
307,원래 공포영화 시시한데 이건 아니네요…재밋어용~,,,,,,,,
308,혼자 보고 잠을 못자고 있다,,,,,,,,
309,무서워서 고개 돌리고 봤다. 쩝..,,,,,,,,
310,여자애가 아크로바틱했나? 진짜 유연함. 아 무서워서 혼났네요,,,,,,,,
311,왠만한 공포영화보다 훨씬 더 공포를 느끼며 봤다.,,,,,,,,
312,괜찮은데? 긴장도 되고!,,,,,,,,
313,제 나름 정말 재밌었던거 같네여,,,,,,,,
314,긴박감있는 진행. 짜임새있는 스토리.,,,,,,,,
315,다큐라는게 크게 한몫했음.,,,,,,,,
316,기대보다 훨씬 잘만든 영화.,,,,,,,,
317,나의 몇안되는 최고의 공포영화,,,,,,,,
318,시작하자마자 밀려오는 긴장감,,,,,,,,
319,완성되어진 잘짜여진 영화,,,,,,,,
320,이건 단순한 공포영화가 아니다..,,,,,,,,
321,재미있네요 강추,,,,,,,,
322,여배우의 연기가 너무 리얼함 하나도 어색하지가 않아..덜덜덜,,,,,,,,
323,흐미 OO 나 혼자사는데 이젠 어떻하나,,,,,,,,
324,신선한 소재가 무척 흥미로웠고 다큐프로같은느낌이라서 더 리얼했음..,,,,,,,,
325,영화관에 나랑 여친 딱 두명.. 둘만 있어도 안무섭더라..에휴,,,,,,,,
326,알바 웨이브 .jpg,,,,,,,,
327,별10개중...5개... 비디오 꺼리도 안되는듯...무서운장면 광고에서 나온게 다임,,,,,,,,
328,후반으로 갈수록 영~~ 급하게 마무리지는 느낌.,,,,,,,,
329,평점7점대인 라스트엑소시즘보단 평점 5점대인 무법자가 더재밌었다.,,,,,,,,
330,중반까지가 수면제인 1인칭 리얼다큐형식,,,,,,,,
331,이영화는 공포만을 보여주는게 아니었다.,,,,,,,,
332,섬뜩하고 소름끼치는 영화,,,,,,,,
333,괜찬네요. 공포영화가 깔끔하고 세련된 느낌을 줄수도 있네요…,,,,,,,,
334,진짜 심신미약한사람은 보지않았으면 좋겠다…,,,,,,,,
335,극장에 혼자가서 보삼. 긴장감 쩔고 마지막에 뒈짐 ㅋ,,,,,,,,
336,상당히 몰입감있고 괜찮았다,,,,,,,,
337,독특한 페이크다큐형식으로 만들어서인지 더욱 생생하게 느껴졌습니다.,,,,,,,,
338,아 입찢어졌을때 징그러워서 혼났네,,,,,,,,
339,짜임새있고 연출력 좋고 배우들 실감나는 연기 좋네요,,,,,,,,
340,마지막 장면..관객들을 끝까지 맘편하게 집에 가게 놔두질않는다,,,,,,,,
341,엄청 재밌음. 심리적압박,,,,,,,,
342,공포영화인데 이거 너무 사실적인 영화 그래서 더무서움…,,,,,,,,
343,영적세계에 대해서 다시 생각해보게한 영화,,,,,,,,
344,공포도 있고 리얼리티가 살아있는 공포,,,,,,,,
345,알바 쩌네염... 이말 외엔 할말이...읍수다..,,,,,,,,
346,마무리가 쩌네요. 소름돋았는데,,,,,,,,
347,뭔가 개운하지못하지만 무섭긴 최고다 진짜.,,,,,,,,
348,전혀 지루하지않고 나올때 시원~하게 나올수있다. 참 잘만들었네…,,,,,,,,
349,조여오는 압박감으로 인한 공포가 무엇인지 이영화를 통해 느낄수있을것.,,,,,,,,
350,깔끔한 정리는 아니었지만 과정이 엄청 좋았다.,,,,,,,,
351,무엇하나 부족함이 없는 새로운 시도의 공포영화,,,,,,,,
352,이래서 동양 공포영화는 서양의 공포물을 못따라오는거같다,,,,,,,,
353,공포영화로써 이정도면 굉장히 훌륭한 편이지,,,,,,,,
354,진짜 별 반개도 아깝다.. 아까워...,,,,,,,,
355,공포장르를 새롭게 해석한 감독의 능력이 놀랍다.,,,,,,,,
356,후반으로 갈수록 디진다 진짜 정신 바짝 차리고 봐라,,,,,,,,
357,재밌어요 뒷부분이 놀래키네요 ㅋㅋ,,,,,,,,
358,소름끼칠정도로 무섭다. 마음의 준비를 하고 보시길.,,,,,,,,
359,보이지않는 무언가로부터 느끼는 공포,,,,,,,,
360,상당히 리얼하고 치열한 공포,,,,,,,,
361,벽에 붙은포즈가 스파디더맨이네,,,,,,,,
362,굉장히재밋게봤는데 ... 뭔가 색다르면서 어느정도의 반전도 볼만했음,,,,,,,,
363,앞부분의 지루함을 커버해주기에는 너무 기네..,,,,,,,,
364,황당한 결말. 식상한 구성.,,,,,,,,
365,별다빼고싶었음..ㅡㅡ;;끝난것같지도않아 관객들 다안나가고있었으면 말다했지요~,,,,,,,,
366,완전 끝판막장이나 ... 이거라엑소시즘이랑 무슨 상관이지...걍 돌아이들의짓인뎅,,,,,,,,
367,마지막 장면에 나도 울부짖고,,,,,,,,
368,엑소시스트1을 기대했다면 절대보지말것 절대보면 안될영화,,,,,,,,
369,무슨 케이블채널에서 실화를 다룬 다큐멘터리같아서 리얼하고 긴장넘쳤다,,,,,,,,
370,간만에 만나는 심리호러의 진수,,,,,,,,
371,무서워서 죽는줄알았다.,,,,,,,,
372,현대사회에서도 아직 엑소시즘은 존재한다,,,,,,,,
373,공포영화답지않게 굉장히 리얼하고 신선한,,,,,,,,
374,아...ㅅㅂ 나만낚일순 없잔아.....우리 같이 낚여 보아요.ㅋㅋㅋㅋ,,,,,,,,
375,여자친구랑가서 보곤 ... 나와서 괜히봣다는생각만 들어써요 .... 어이없는엔딩 ....,,,,,,,,
376,공포....영화 상영 시간동안 공포...느끼지 못함 끝에 막장 3분만 공포..4류영화임,,,,,,,,
377,공포라기보단 다큐멘터리..ㅋㅋ 그래서 더 무서움,,,,,,,,
378,심리적으로 조여오는 긴장감 최고. 마지막에 되돌아갈때 진짜 똥쌀뻔,,,,,,,,
379,초반에는 스토리에 몰입이 되자않았으나 중반부터 대박이네요.,,,,,,,,
380,진짜 허접 공포영화 감독들 이거보고 좀 느끼시길…,,,,,,,,
381,이런게 진짜 공포지...암,,,,,,,,
382,너무 재미있게 봤어요…보는 내내 엄청 쫄렸어요,,,,,,,,
383,이런식의 소재도 이영화의 개성중 하나아닐까?,,,,,,,,
384,복잡하지않고 진짜 나 이런가게 좋다.,,,,,,,,
385,와......진짜... 최악이다 ......어이없는 스토리..최악의엔딩......ㅡㅡ 욕나오네요,,,,,,,,
386,심도있게 진행되는 상황전개그리고 리얼한 연기,,,,,,,,
387,이건 재미도 뛰어나고 작품성도 뛰어남,,,,,,,,
388,추락하는 공포영화의 끝을 잡아주었다.,,,,,,,,
389,공포영화좋아하는분에게 추천합니다.,,,,,,,,
390,아.기존의 엑소시스트시리즈생각하고보시면 최악의영화가 될겁니다...이건심각하네요,,,,,,,,
391,아우 OO들 - -어쩌자는거야 ㅋㅋㅋ 먼 찐따들도 아니고 ㅋㅋㅋㅋㅋ,,,,,,,,
392,내가 영화관에서 본 영화중에 최악의 영화 진짜 돈날기 싫으면 보지마세요,,,,,,,,
393,전무후무란 이런 영화를 두고……귀신이 안튀어나와도 이렇게 무서운 영화가 있다……,,,,,,,,
394,재미있게 보긴했는데요..이거 실화인가요?,,,,,,,,
395,이런게 공포지,,,,,,,,
396,깊이있고 무거웠음. 가벼운 진행이 아니라 정말 리얼리티였음..,,,,,,,,
397,기독교인들은 한번쯤 볼만한 영화 실화같은데 이거…..,,,,,,,,
398,진짜 자연스럽게 무섭다.,,,,,,,,
399,마지막까지 흥미진진,,,,,,,,
400,공포영화를 두루 섭렵한 사람으로써 단연 수작으로 꼽고싶은 영화다.,,,,,,,,
401,실화라는 생각이 막 들어서 더 무섭다,,,,,,,,
402,내가 공포영화에서 원하던 분위기,,,,,,,,
403,일단 공포는 무서워야 제맛.,,,,,,,,
404,엑소시스트이후 나온 오컬트 무비중 최고의 리얼리티,,,,,,,,
405,간만에 진짜 공포영화다운 영화보네요,,,,,,,,
406,무조건 잔인하고 끔찍한것만이 공포가 아니다 이야기의 전개만으로도 공포가,,,,,,,,
407,이거 괜찮은 영화던데 엑소시스트 시리즈중 가장 재밌었음,,,,,,,,
408,순간순간 집중을 안할수없는 영화인듯..마지막엔 예상못한 반전이 대박,,,,,,,,
409,오랜만에 정말 무서웠다 배우들의 호연이 돋보임.,,,,,,,,
410,재밌게 잘봄 ^-^,,,,,,,,
411,정말,,,,,,,,
412,정말 무서워요..이영화찍은 배우분들 심리상태는 괜찮나요? ㅜ,,,,,,,,
413,TV다큐채널느낌…안무서울거같다가 결국은 관객의 혼을,,,,,,,,
414,여운도 남고 몰입되서볼만큼 재밌었다.,,,,,,,,
415,집사람이랑 같이 봤는데 집사람 가위눌림,,,,,,,,
416,공포영화 보통 시시한데 이건 내용이 알차고 긴장감돌고 좋았아요,,,,,,,,
417,혼자 극장가서 손에 땀을 쥐고 본 영화…공포영화는 혼자봐야 제맛.,,,,,,,,
418,말로 표현할수가 없다.,,,,,,,,
419,끝이 좀 허무한듯하지만 난 진짜 등이 다젖어가면서 봤음 ㅋ,,,,,,,,
420,독특한 소재,,,,,,,,
421,개념있는 공포영화,,,,,,,,
422,공포가 피부로 와닿는다.,,,,,,,,
423,진짜 아직도 의문이 남음,,,,,,,,
424,흔해빠진 공포영호와는 좀 다르다.,,,,,,,,
425,말이 필요없는 공포영화,,,,,,,,
426,공포 영화 겁나 못보는 지인이랑 보면...지인 구경하는 재미만 있을 겁니다. 영화는ㅋ,,,,,,,,
427,junk,,,,,,,,
428,예고편에서 나오던 아찔하게 무서운 장면은 나오지도 않고,,,,,,,,
429,너무 잼없음,,,,,,,,
430,잼있다는 글에 낚여서 봤는데 알고보니 다 알바생들. 진짜 재미없어요 완전 삼류영화,,,,,,,,
431,사탄에 홀린 알바새끼들아 ㅗㅗㅗㅗㅗㅗㅗㅗㅗㅗㅗ,,,,,,,,
432,ㅗㅗㅗㅗㅗㅗㅗㅗㅗㅗㅗㅗㅗㅗㅗㅗㅗㅗ씨ㅣㅣㅣㅣㅣㅣㅣ발ㄹㄹㄹㄹㄹㄹㄹㄹㄹ,,,,,,,,
433,뭐지 이건?이해 불가. 목사가 쇼로 시작해서 다른 목사가 쇼로 끝내는 영화.,,,,,,,,
434,기대하고 보면 돈아까운 영화,,,,,,,,
435,기대하고 보면 돈아까운 영화,,,,,,,,
436,글쎄. 이걸 공포스럽다고 해야할까,,,,,,,,
437,공포영화로써 이정도면 굉장히 훌륭한 편이지,,,,,,,,
438,꽤나 현실적인 공포,,,,,,,,
439,추락하는 공포영화의 끝을 잡아주었다.,,,,,,,,
440,시작하자마자 밀려오는 긴장감,,,,,,,,
441,소름끼칠정도로 무섭다. 마음의 준비를 하고 보시길.,,,,,,,,
442,새로운 장르인듯 소재가 진짜 신선했다.,,,,,,,,
443,진짜 아직도 의문이 남음,,,,,,,,
444,무섭고 의미있는 영화에요,,,,,,,,
445,표현이 보기드물게 세련된 공포영화,,,,,,,,
446,진짜 심신미약한사람은 보지않았으면 좋겠다…,,,,,,,,
447,나름 긴장하면서 봤다. 재밌었다,,,,,,,,
448,긴장하면서 봤다…근데 끝이 잘 이해가 안간다..,,,,,,,,
449,섬뜩하고 소름끼치는 영화,,,,,,,,
450,여자애가 아크로바틱했나? 진짜 유연함. 아 무서워서 혼났네요,,,,,,,,
451,결말이 허무한줄알았으나 곱씹어 생각해보니 음...좋은 작품인거같애,,,,,,,,
452,교회의 일부 이상한 분들이 봤으면 좋겠음.;,,,,,,,,
453,허리꺽을때 내 심장도 멎을뻔…,,,,,,,,
454,16살짜리 혀놀릴땐 무섭기도했지만 섹시하기도..ㅋㅋㅋ,,,,,,,,
455,마지막까지 흥미진진,,,,,,,,
456,혼자봤는데 장난 아님,,,,,,,,
457,오랜만에 정말 무서웠다 배우들의 호연이 돋보임.,,,,,,,,
458,짜임새있고 연출력 좋고 배우들 실감나는 연기 좋네요,,,,,,,,
459,이런게 공포지,,,,,,,,
460,식상하지않고 완급조절이 좋다,,,,,,,,
461,여자애 불쌍하다,,,,,,,,
462,마무리가 쩌네요. 소름돋았는데,,,,,,,,
463,기대를 져버리지 않을것이다,,,,,,,,
464,잠시도 긴장감을 늦출수없다.,,,,,,,,
465,공포영화 보통 시시한데 이건 내용이 알차고 긴장감돌고 좋았아요,,,,,,,,
466,오랜만에 공포영화가 무서웠다,,,,,,,,
467,여자주인공 연기가 진짜 소름돋았어요,,,,,,,,
468,평점 알바들이 진짜 존재하는구나.ㅎㅎ이게 왜 만점이야.ㅋ 돈아까움.-_-,,,,,,,,
469,집사람이랑 같이 봤는데 집사람 가위눌림,,,,,,,,
470,재밌어요 뒷부분이 놀래키네요 ㅋㅋ,,,,,,,,
471,사람의 어두운 본능을 잘 살린듯,,,,,,,,
472,이런식의 소재도 이영화의 개성중 하나아닐까?,,,,,,,,
473,실화라는 생각이 막 들어서 더 무섭다,,,,,,,,
474,여운도 남고 몰입되서볼만큼 재밌었다.,,,,,,,,
475,아 진짜 다큐멘터리같잖아,,,,,,,,
476,시작은 무서움 끝날때는 막장,,,,,,,,
477,무서워지겠지......무서워지겠지.....끗 어 ㅅㅂ?,,,,,,,,
478,이게 박스오피스 1위면 내가 발로 영화만들어도 이거보단 낫겠다 ㅋㅋㅋㅋ,,,,,,,,
479,영화도 즐기고 공포영화도 즐기는 나인데 이영화 나름 무섭던데 소름끼치고 1점은아님,,,,,,,,
480,10년본 영화중에 최악의 영화였음 어떻게 영화를..,,,,,,,,
481,별두개짜리용.무섭지도안고,,,,,,,,
482,리뷰는 쩔게재미있거나&쓰레기이거나 일때쓰게되는데 이건쓰레기가 확실함..,,,,,,,,
483,다 좋은데 너무 헐리웃식결말이네 끝까지 은근한심리적공포로 했었으면하는 아쉬움이,,,,,,,,
484,글쎄 뭐랄까 요즘 흐름에 맞는 진행이지만 아쉽다,,,,,,,,
485,진짜 허접 공포영화 감독들 이거보고 좀 느끼시길…,,,,,,,,
486,그럭저럭 생각도 많이 하게 되고..괜찮은 영화인거같아요.,,,,,,,,
487,진짜 기대안하고 봤는데 진짜 깜놀,,,,,,,,
488,배우들의 연기가 돋보임.,,,,,,,,
489,개념있는 공포영화,,,,,,,,
490,반개도 아깝다 ㅅㅍ,,,,,,,,
491,이건 티비에 나오는 무당의 퇴마사 하는 자료보다 못한 3류 졸짝에 졸짝이다,,,,,,,,
492,여지껏 봤던 엑소시스트 시리즈중에 최강이다..,,,,,,,,
493,조여오는 압박감으로 인한 공포가 무엇인지 이영화를 통해 느낄수있을것.,,,,,,,,
494,나의 몇안되는 최고의 공포영화,,,,,,,,
495,대박!!! 기대햇는데,,,,,,,,
496,기대 안 하고 보면 나름대로 볼만하지만..,,,,,,,,
497,공포영화답지않은 탄탄한 스토리입니다.,,,,,,,,
498,긴박감있는 진행. 짜임새있는 스토리.,,,,,,,,
499,이래서 동양 공포영화는 서양의 공포물을 못따라오는거같다,,,,,,,,
500,일단 공포는 무서워야 제맛.,,,,,,,,
501,간만에 만나는 심리호러의 진수,,,,,,,,
502,끝이 좀 허무한듯하지만 난 진짜 등이 다젖어가면서 봤음 ㅋ,,,,,,,,
503,쓰레기야,,,,,,,,
504,지나고 보면 이영화처럼 장면장면이 기억이 생생한건 또 으외네 ㅋㅋㅋ,,,,,,,,
505,보면후회함 알바생들이 점수다올려주네 평점이거월래 1점인데,,,,,,,,
506,알바하지말고 솔직하게 표현합시다..,,,,,,,,
507,설정과 화면은 신선한데.. 별로 무섭진 않고 허무하군요,,,,,,,,
508,뭔가 개운하지못하지만 무섭긴 최고다 진짜.,,,,,,,,
509,저는 정말 무섭고 재밌게 봤어요,,,,,,,,
510,임산부나 노약자는 삼가해주시길,,,,,,,,
511,이런류의 공포물은 첨이었다. 좋은 스토리가 인상적이었다.,,,,,,,,
512,깜짝놀래는것보다 더 무서운게 담겨있는 영화..은근 소름 공포,,,,,,,,
513,대박,,,,,,,,
514,ㅋㅋㅋㅋ목사가 엑소시즘한다길래 계속봤는데 영화에서도 사기꾼으로 나와 ㅋㅋㅋㅋㅋ,,,,,,,,
515,신선한 다큐식의 촬영기법과 스토리전개,,,,,,,,
516,마무리가 쫌 해피엔딩이 아니라서 쫌 찜찜한감이 잇지만 재밋게 봣네요 ㅎ,,,,,,,,
517,헐,,,,,,,,
518,신을 무시하는 1人,,,,,,,,
519,괜찮은데? 긴장도 되고!,,,,,,,,
520,다큐라는게 크게 한몫했음.,,,,,,,,
521,제 나름 정말 재밌었던거 같네여,,,,,,,,
522,원래 공포영화 시시한데 이건 아니네요…재밋어용~,,,,,,,,
523,초반에는 스토리에 몰입이 되자않았으나 중반부터 대박이네요.,,,,,,,,
524,결론 : 기독교를 믿으라,,,,,,,,
525,알바 개많네 너무 억울해서 1점준다 시바 음식물쓰레기 수준 결말 개젖,,,,,,,,
526,흥미진진하고 늦은밤에봐서 더 재밌었음.,,,,,,,,
527,복잡하지않고 진짜 나 이런가게 좋다.,,,,,,,,
528,10점주는사람 영화보신사람들이신가요 스토리도엉망이고재미도없고진짜돈버리는영화,,,,,,,,
529,정말 엑소시스트 시리즈중에서 역대최고라고 생각합니다...정말 굿굿,,,,,,,,
530,완전 긴장하면서 봤는데..진짜 마무리 좋다.,,,,,,,,
531,극장에 혼자가서 보삼. 긴장감 쩔고 마지막에 뒈짐 ㅋ,,,,,,,,
532,이건 재미도 뛰어나고 작품성도 뛰어남,,,,,,,,
533,외계인은 실제로 언제공개가 될것인지!!!,,,,,,,,
534,개봉하자마자보러갔는데 정말 재미없었어요 끝결말 너무 어이없어요,,,,,,,,
535,살다살다 이렇게 조금무섭다 마는영화 처음본다 보지마세요 완전욕나옴,,,,,,,,
536,내가 공포영화에서 원하던 분위기,,,,,,,,
537,공포영화좋아하는분에게 추천합니다.,,,,,,,,
538,솔직히영화초반에존나재미없엇는데보다가완전무섭고재밋음ㅋㅋㅋㅋㅋㅋㅋㅋ난울엇음;,,,,,,,,
539,악마의존재에대해다시한번생각을하게만드는영화,,,,,,,,
540,진짜줫까라 영화다이거는별 한개도없는거없나 ㅋㅋ아 장난하나보지마샘후회함,,,,,,,,
541,너무 재밌다. 못봤으면 엄청 아쉬웠을거야 ㅋㅋ,,,,,,,,
542,이정도면 우리나라에서 진짜 재밌는거임,,,,,,,,
543,그냥 웃으세요 무슨말이 그렇게 많아요 솔직히 웃기잖아요,,,,,,,,
544,참~ 즐거운 영화 ^0^,,,,,,,,
545,내생애 최고로 웃긴 영화 ㅋㅋㅋ,,,,,,,,
546,기대하고 갔는데 내용이 엉망이더군요 여러종류의 영화를 섞어놓은듯 햇습니다,,,,,,,,
547,배우들의 자연스러운 연기가 볼만하네요,,,,,,,,
548,공포영화? 아니 그이상의 짜릿함!,,,,,,,,
549,사실  별로임 ㅡㅡ 하나도안무섭고  모임 ㅡㅡ,,,,,,,,
550,ㅋㅋ 너무한다 평점 알바들이게 공포영화냐 끝나니까 뒤에 여자가 아이고 무서워라,,,,,,,,
551,완전 막장이네...,,,,,,,,
552,그저그런 영화일거라는 내편견을 깨는 영화,,,,,,,,
553,정말 재밌게 봤다 무섭기도 무섭지만 리얼한 상황전개가 나를 미치게했다…,,,,,,,,
554,간만에 진짜 공포영화다운 영화보네요,,,,,,,,
555,긴장되고스릴있다,,,,,,,,
556,무슨 영화가 이따위임..... 절대 돈주고 보지마세요 영화보다가 멍때리게 만들어요ㅋ,,,,,,,,
557,이건 재밌는 영화라고할수없다.,,,,,,,,
558,정말 긴장하면서 봤다. 배우들 연기또한 너무 소름돋을정도,,,,,,,,
559,좀 어지러웠지만 그덕에 엄청실감났음,,,,,,,,
560,신선한 소재. 꽤괜찮지만 결론이 애매함,,,,,,,,
561,엑소시즘을 토대로 접근해본 가능성에 대한 고찰,,,,,,,,
562,좋은 발상에서 끝맺음이 쥑이네,,,,,,,,
563,pororiyam//페이큐멘터리라는 거란다 이 좆초딩아,,,,,,,,
564,이거 도데체 머임? 영화? 다큐? 실화? 정체를 모르겠네,,,,,,,,
565,진심 나는 재밋었는데 ?ㅋㅋ 계속 소리질렀음 ㅋㅋ,,,,,,,,
566,아 장난? 배우들 연기가 안 나빠서 그나마 별하나  줄거리 별로고 긴장감은 어디에?,,,,,,,,
567,긴박한 상황과 반전이 기가막힌다.,,,,,,,,
568,움찔움찔 놀라는 맛이 아주 좋아요,,,,,,,,
569,심리적으로 조여오는 긴장감 최고. 마지막에 되돌아갈때 진짜 똥쌀뻔,,,,,,,,
570,완성되어진 잘짜여진 영화,,,,,,,,
571,어설프게 놀래키려는 다른영화랑 다름.,,,,,,,,
572,명품 공포다큐멘터리,,,,,,,,
573,공포가 피부로 와닿는다.,,,,,,,,
574,기독교인들은 한번쯤 볼만한 영화 실화같은데 이거…..,,,,,,,,
575,진짜 계속 보면서 흥미진진했어요,,,,,,,,
576,흔해빠진 공포영호와는 좀 다르다.,,,,,,,,
577,이건...머...밥도 죽도 아닌......페이크 다큐...안보든가 해야지....에이..,,,,,,,,
578,이OO 알바들 OO다. 이런 개 OOO 영화가 재밌다고? 아 나 OO,,,,,,,,
579,네이버평점 믿을게못된다는걸 이제 알았습니다...정말...돈아깝다,,,,,,,,
580,돈쓸데 없으신분은 보세요 정말 좋아요 잠도 잘오고 자리도 많음 추천,,,,,,,,
581,페이크다큐형식을 빌린 뻔한영화..그냥 지루하지않구 볼만한정도는 됨..,,,,,,,,
582,그냥 살인만을 추구하는 영화,,,,,,,,
583,간만에 만나는 심리호러의 진수,,,,,,,,
584,임산부나 노약자는 삼가해주시길,,,,,,,,
585,사람의 어두운 본능을 잘 살린듯,,,,,,,,
586,소름끼칠정도로 무섭다. 마음의 준비를 하고 보시길.,,,,,,,,
587,재미없다고들 하던데 그건 주관적인 생각인거 가틈..전 꽤나 무서웠고 재밌게 봣음,,,,,,,,
588,정말 너무 심함....,,,,,,,,
589,차라리 엑소시스트 1이 낫다!!,,,,,,,,
590,장난 똥때리냐,,,,,,,,
591,재미없다고들 하던데 그건 주관적인 생각인거 가틈..전 꽤나 무서웠고 재밌게 봣음..,,,,,,,,
592,밑도 끝도 없이 뭐 어쩌라고 그렇게 끝나는지 그게 공포,,,,,,,,
593,아무리좋게생각하려해도 이영화는 진짜진부하고어설프고어설프다,,,,,,,,
594,이도 저도 아닌 어설픈 영화!! 쟝르는 공포 아님,,,,,,,,
595,걍볼만해OO들아,,,,,,,,
596,전혀 재미없었어요..,,,,,,,,
597,진짜 진심으로 제가 쓰는글입니다,,,,,,,,
598,더이상 희생자는 안되요 ㅋㅋㅋㅋㅋㅋㅋㅋ고투헬 쥰내 재미없음,,,,,,,,
599,도대체 뭐가 무섭다는거야..차라리 쏘우를 봐,,,,,,,,
600,차라리 엑소시스트를 한번 더 보는게 낫다,,,,,,,,
601,일단 공포는 무서워야 제맛.,,,,,,,,
602,좀 어지러웠지만 그덕에 엄청실감났음,,,,,,,,
603,긴박한 상황과 반전이 기가막힌다.,,,,,,,,
604,짜임새있고 연출력 좋고 배우들 실감나는 연기 좋네요,,,,,,,,
605,여자애가 아크로바틱했나? 진짜 유연함. 아 무서워서 혼났네요,,,,,,,,
606,오랜만에 정말 무서웠다 배우들의 호연이 돋보임.,,,,,,,,
607,혼자봤는데 장난 아님,,,,,,,,
608,공포매니아인 나 기절하는줄 알았츰 공포영화 오금저리면 그만인거 아닌가요,,,,,,,,
609,다큐스타일의 엑소시즘 시도가 창의롭지만 남는 건 하나도 없네,,,,,,,,
610,나는 진심으로 뒤끝없는 공포에 떨었다.,,,,,,,,
611,오묘한맛이있다 후반부좆고딩년이뒤에서떠들어서 집중이안됐다 끝나고쌍욕을퍼부어줌,,,,,,,,
612,평점 왜케 높아...쓰레기는 아니어도 실망스럽다 다리찢을때 웃겼음..-_-,,,,,,,,
613,평점알바라는것도 있었군요 몰랏네요 ㅋㅋ,,,,,,,,
614,변두리 극장에서 10명정도 관객이 있었는데,,,,,,,,
615,이쓰레기같은영화 내생에최악의영화 평점알바하지마라 이영화진짜쪽팔린다,,,,,,,,
616,제발 마지막이 되라 .. 이딴 영화ㅣ,,,,,,,,
617,최악..,,,,,,,,
618,개재미없다...,,,,,,,,
619,이걸 영화라고만들었는지..;;15세라 잔인한것은 어느정도 감춘다고 이해하고 봐도..,,,,,,,,
620,좋은 영화다. 흔한 장르가 아닌 오컬트식의 공포를 잘 표현했고,,,,,,,,
621,공포영화 보통 시시한데 이건 내용이 알차고 긴장감돌고 좋았아요,,,,,,,,
622,연기나 연출은 좋았는데 구성이 병맛이에요.솔직히 병맛!!ㅇ.ㅇ,,,,,,,,
623,난별로재밋던거모르겟든데...중간에조금놀랜거빼곤 ㅠ.ㅠ,,,,,,,,
624,이건 재미도 뛰어나고 작품성도 뛰어남,,,,,,,,
625,긴장하면서 봤다…근데 끝이 잘 이해가 안간다..,,,,,,,,
626,일단 공포는 무서워야 제맛.,,,,,,,,
627,여자애 불쌍하다,,,,,,,,
628,여자애가 아크로바틱했나? 진짜 유연함. 아 무서워서 혼났네요,,,,,,,,
629,임산부나 노약자는 삼가해주시길,,,,,,,,
630,새로운 장르인듯 소재가 진짜 신선했다.,,,,,,,,
631,끝이 좀 허무한듯하지만 난 진짜 등이 다젖어가면서 봤음 ㅋ,,,,,,,,
632,시작하자마자 밀려오는 긴장감,,,,,,,,
633,여지껏 봤던 엑소시스트 시리즈중에 최강이다..,,,,,,,,
634,이건 재밌는 영화라고할수없다.,,,,,,,,
635,깜짝놀래는것보다 더 무서운게 담겨있는 영화..은근 소름 공포,,,,,,,,
636,이런게 공포지,,,,,,,,
637,좀 어지러웠지만 그덕에 엄청실감났음,,,,,,,,
638,진짜 심신미약한사람은 보지않았으면 좋겠다…,,,,,,,,
639,완전 긴장하면서 봤는데..진짜 마무리 좋다.,,,,,,,,
640,집사람이랑 같이 봤는데 집사람 가위눌림,,,,,,,,
641,허리꺽을때 내 심장도 멎을뻔…,,,,,,,,
642,실화라는 생각이 막 들어서 더 무섭다,,,,,,,,
643,잠시도 긴장감을 늦출수없다.,,,,,,,,
644,혼자 보고 잠을 못자고 있다,,,,,,,,
645,심리적으로 조여오는 긴장감 최고. 마지막에 되돌아갈때 진짜 똥쌀뻔,,,,,,,,
646,간만에 만나는 심리호러의 진수,,,,,,,,
647,표현이 보기드물게 세련된 공포영화,,,,,,,,
648,나름 긴장하면서 봤다. 재밌었다,,,,,,,,
649,개념있는 공포영화,,,,,,,,
650,소리와 자극적인 비주얼로만 놀래키려던 호러감독들은 각성하라.,,,,,,,,
651,정말 긴장하면서 봤다. 배우들 연기또한 너무 소름돋을정도,,,,,,,,
652,진짜 허접 공포영화 감독들 이거보고 좀 느끼시길…,,,,,,,,
653,이런식의 소재도 이영화의 개성중 하나아닐까?,,,,,,,,
654,극장에 혼자가서 보삼. 긴장감 쩔고 마지막에 뒈짐 ㅋ,,,,,,,,
655,명품 공포다큐멘터리,,,,,,,,
656,오랜만에 공포영화가 무서웠다,,,,,,,,
657,소름끼칠정도로 무섭다. 마음의 준비를 하고 보시길.,,,,,,,,
658,현실을 제대로 반영했기에 더욱더 무서울수밖에 없었던,,,,,,,,
659,움찔움찔 놀라는 맛이 아주 좋아요,,,,,,,,
660,이래서 동양 공포영화는 서양의 공포물을 못따라오는거같다,,,,,,,,
661,혼자봤는데 장난 아님,,,,,,,,
662,재밌어요 뒷부분이 놀래키네요 ㅋㅋ,,,,,,,,
663,어설프게 놀래키려는 다른영화랑 다름.,,,,,,,,
664,여운도 남고 몰입되서볼만큼 재밌었다.,,,,,,,,
665,무섭고 의미있는 영화에요,,,,,,,,
666,16살짜리 혀놀릴땐 무섭기도했지만 섹시하기도..ㅋㅋㅋ,,,,,,,,
667,긴박감있는 진행. 짜임새있는 스토리.,,,,,,,,
668,식상하지않고 완급조절이 좋다,,,,,,,,
669,내가 공포영화에서 원하던 분위기,,,,,,,,
670,짜임새있고 연출력 좋고 배우들 실감나는 연기 좋네요,,,,,,,,
671,기대를 져버리지 않을것이다,,,,,,,,
672,여자주인공 연기가 진짜 소름돋았어요,,,,,,,,
673,공포영화좋아하는분에게 추천합니다.,,,,,,,,
674,공포영화답지않은 탄탄한 스토리입니다.,,,,,,,,
675,공포가 피부로 와닿는다.,,,,,,,,
676,아 진짜 다큐멘터리같잖아,,,,,,,,
677,뭔가 개운하지못하지만 무섭긴 최고다 진짜.,,,,,,,,
678,그럭저럭 생각도 많이 하게 되고..괜찮은 영화인거같아요.,,,,,,,,
679,섬뜩하고 소름끼치는 영화,,,,,,,,
680,결말이 허무한줄알았으나 곱씹어 생각해보니 음...좋은 작품인거같애,,,,,,,,
681,긴박한 상황과 반전이 기가막힌다.,,,,,,,,
682,교회의 일부 이상한 분들이 봤으면 좋겠음.;,,,,,,,,
683,배우들 연기 진짜 리얼하다. 그래서 더 무섭고 실감났다,,,,,,,,
684,기독교인들은 한번쯤 볼만한 영화 실화같은데 이거…..,,,,,,,,
685,배우들의 연기가 돋보임.,,,,,,,,
686,신선한 소재. 꽤괜찮지만 결론이 애매함,,,,,,,,
687,진짜 아직도 의문이 남음,,,,,,,,
688,오랜만에 정말 무서웠다 배우들의 호연이 돋보임.,,,,,,,,
689,이런류의 공포물은 첨이었다. 좋은 스토리가 인상적이었다.,,,,,,,,
690,공포영화로써 이정도면 굉장히 훌륭한 편이지,,,,,,,,
691,세심하게 구성된 리얼리티공포물.,,,,,,,,
692,마무리가 쩌네요. 소름돋았는데,,,,,,,,
693,짝퉁 신부. 첨에 완전 맘놓게 하다가 완전 관객을 패닉으로 몰아넣는;;;;,,,,,,,,
694,추락하는 공포영화의 끝을 잡아주었다.,,,,,,,,
695,돈내고 괜히 시간낭비,,,,,,,,
696,후반부로 갈 수록 흥미 만땅의 영화였는데..결말은...1분으로 끝..><;;>,,,,,,,,
697,내 생의 최악의 영화 2위 ㅋㅋㅋ 영화끝나고 사람들 다 헐 ㅋㅋㅋ,,,,,,,,
698,끝나고 정말 ㅡㅡ?이표정돼서나옴..그래도볼만합디다,,,,,,,,
699,허리꺽는게 실제라고 해서 완전 놀랬츰 ㅋ 여주인공 대단한듯,,,,,,,,
700,엑소시스트 영화 안뺴고 다 보는데 이것도 괜찮았음 ㅎㅎㅎㅎ,,,,,,,,
701,무너져버린 마지막 기대,,,,,,,,
702,끝에 볼만했는데 결말이 급 마무리하고 끝내버리네. 결론이 없잖여. 그것땜시 6점준다,,,,,,,,
703,아무도 없는 극장에 심야영화로 혼자 ㅤㅂㅘㅅ는데 정말 지루했다.,,,,,,,,
704,감독 엑소시즘 해야함,,,,,,,,
705,진짜 열라재미없어 ㅡㅡ,,,,,,,,
706,초중반에만 긴장 완죤 막장..쓰레기 엑소시스트라는 이름에똥칠한영화,,,,,,,,
707,솔직히 잼없더라...,,,,,,,,
708,진짜 기대안하고 봤는데 진짜 깜놀,,,,,,,,
709,마지막까지 흥미진진,,,,,,,,
710,흔해빠진 공포영호와는 좀 다르다.,,,,,,,,
711,저는 정말 무섭고 재밌게 봤어요,,,,,,,,
712,깔끔한 정리는 아니었지만 과정이 엄청 좋았다.,,,,,,,,
713,중간에가끔소름끼치는장면조금빼고는 정말 무리수영화..;;공포:2/10,,,,,,,,
714,무서운거 잘 못보는데 써프라이즈가 더 무서움 재미도 그닥이고요,,,,,,,,
715,"기대이하 상영끝나고 사람들 반응""이게 끝이야?""",,,,,,,,
716,완전 재미없으......무섭지도않고 OOO,,,,,,,,
717,진짜 대박무서웠다 ㅡㅡ;; 보는동안 오줌2번싸러갔는데 더마렵다,,,,,,,,
718,인간적으로 재미가 없다 . 공포영환대 무섭지도 않코 이거 머 ..,,,,,,,,
719,반전 강박이 너무 심한 것 같다. 반전만 없었다면 명작이 됐을 텐데 아쉽다.,,,,,,,,
720,감독을 엑소시즘 해주고 싶다.,,,,,,,,
721,뭐 이런영ㅇ화가 다있음 보면서 졸려죽을뻔 아 소리때문에 한번 놀랫다 찔끔,,,,,,,,
722,요 밑에 그러면서 별점은 10점이냐? 너 같은 것들 땜에 평점에 낚여서 개피봤다,,,,,,,,
723,아..진짜 내가 본 영화중에 최악으로 잼없던 영화임.. 공포도 스릴러도 긴장감도0%임!,,,,,,,,
724,나름대로 흥미로운 소재 ! 신과 악마에 대한 새로운 고찰..,,,,,,,,
725,요새 영화마다 알바 왜케 쩌는거임? 아 짜증나!,,,,,,,,
726,미친거같다 이거 진짜 영화가 휴 ...................................,,,,,,,,
727,아 내돈,,,,,,,,
728,혼자 보고 잠을 못자고 있다,,,,,,,,
729,복잡하지않고 진짜 나 이런가게 좋다.,,,,,,,,
730,와 나 진짜 무섭게 봤음.,,,,,,,,
731,배우들의 자연스러운 연기가 볼만하네요,,,,,,,,
732,진짜 이말이 딱임.-기대안하고봤는데 정말 대박,,,,,,,,
733,그럭저럭 생각도 많이 하게 되고..괜찮은 영화인거같아요.,,,,,,,,
734,알수없는 공포의 리얼.,,,,,,,,
735,세심하게 구성된 리얼리티공포물.,,,,,,,,
736,절대 혼자보지마세요ㅜ,,,,,,,,
737,공포영화? 아니 그이상의 짜릿함!,,,,,,,,
738,허리꺾기 대박. 보면 헉소리나와요,,,,,,,,
739,영화 자체가 무섭다.,,,,,,,,
740,진짜 계속 보면서 흥미진진했어요,,,,,,,,
741,정말 사탄은 있을수도있다 그런 생각이 든다,,,,,,,,
742,허리꺽을때 내 심장도 멎을뻔…,,,,,,,,
743,보기싫었는데….진짜 괜히봤다는 생각이 든다..나 혼자산단말야……,,,,,,,,
744,무섭고 의미있는 영화에요,,,,,,,,
745,흐미 OO 나 혼자사는데 이젠 어떻하나,,,,,,,,
746,참 너무한다 내가본 최악의 영화중 하나로 기록됨..,,,,,,,,
747,우왕 알바쩐다 평점보고 좋아서 갔는데 OO 진짜아오 내용갈수록 산가고 미친아오,,,,,,,,
748,총을 들수밖에 없는 아버지의 심정 그리고 불쌍한 고양이,,,,,,,,
749,진정한 공포~ 많은것을 생각하게 하는 영화,,,,,,,,
750,공포의 근원을 잘파악한…어찌보면 감독이 천재인듯,,,,,,,,
751,공포영화중 엑소시스트시리즈가 최고죠,,,,,,,,
752,간만에 만나는 심리호러의 진수,,,,,,,,
753,16세의 소녀... 무서워죽는줄알았네ㅠ 질질쌉니다.,,,,,,,,
754,정말 재밌게 봤다 무섭기도 무섭지만 리얼한 상황전개가 나를 미치게했다…,,,,,,,,
755,상당히 리얼하고 치열한 공포,,,,,,,,
756,공포는 몫. 긴장은 필수,,,,,,,,
757,16살짜리 혀놀릴땐 무섭기도했지만 섹시하기도..ㅋㅋㅋ,,,,,,,,
758,교회의 일부 이상한 분들이 봤으면 좋겠음.;,,,,,,,,
759,여자주인공 연기가 진짜 소름돋았어요,,,,,,,,
760,공포영화답지않게 굉장히 리얼하고 신선한,,,,,,,,
761,재미있게 보긴했는데요..이거 실화인가요?,,,,,,,,
762,심리적으로 조여오는 긴장감 최고. 마지막에 되돌아갈때 진짜 똥쌀뻔,,,,,,,,
763,긴박감있는 진행. 짜임새있는 스토리.,,,,,,,,
764,강추임 개재밌음 ㅋㅋㅋ 오줌 찔끔 ㅠㅜ,,,,,,,,
765,아 페이크다큐 역시 현장감 짱인듯. 진짜 무서웠어요,,,,,,,,
766,흥미진진하고 늦은밤에봐서 더 재밌었음.,,,,,,,,
767,여자애 연기 소름끼치도록 잘한다.,,,,,,,,
768,공포라기보단 다큐멘터리..ㅋㅋ 그래서 더 무서움,,,,,,,,
769,공포영화? 아니 그이상의 짜릿함!,,,,,,,,
770,정말 재밌게 봤다 무섭기도 무섭지만 리얼한 상황전개가 나를 미치게했다,,,,,,,,
771,간만에 진짜 공포영화다운 영화보네요,,,,,,,,
772,엑소시즘을 토대로 접근해본 가능성에 대한 고찰,,,,,,,,
773,1점이상준사람들 다 알바인듯,,,,,,,,
774,아 별루임..,,,,,,,,
775,원작이 최고~,,,,,,,,
776,#NAME?,,,,,,,,
777,이것도 영화라고 만들었냐....,,,,,,,,
778,현실을 제대로 반영했기에 더욱더 무서울수밖에 없었던,,,,,,,,
779,집사람이랑 같이 봤는데 집사람 가위눌림,,,,,,,,
780,뭔가 다른 공포영화 후유증 오래감.,,,,,,,,
781,마지막 장면..관객들을 끝까지 맘편하게 집에 가게 놔두질않는다,,,,,,,,
782,혼자 극장가서 손에 땀을 쥐고 본 영화…공포영화는 혼자봐야 제맛.,,,,,,,,
783,곳곳에 숨겨진 디테일이 짜맞추어질때 진짜 공포를 느낄수있다!!,,,,,,,,
784,구성은 좋으나 전개가 별로.,,,,,,,,
785,내가 좋아하는 rec방식..벗 스킵을사용케하는루즈함과 마지막의 난잡함은 할말이없다.,,,,,,,,
786,보기싫었는데….진짜 괜히봤다는 생각이 든다..나 혼자산단말야……,,,,,,,,
787,알바들 때문에 진짜 내가 로긴한다 쓰레기영화임ㅡㅡ 휴,,,,,,,,
788,분위기 조성을 잘 살린 영화.,,,,,,,,
789,엑소시스트이후 나온 오컬트 무비중 최고의 리얼리티,,,,,,,,
790,재미있네요 강추,,,,,,,,
791,이거 진짜 무서웠다..,,,,,,,,
792,나이거 보고 불면증걸린거같다..,,,,,,,,
793,공포의 근원을 잘파악한…어찌보면 감독이 천재인듯,,,,,,,,
794,공포도 있고 리얼리티가 살아있는 공포,,,,,,,,
795,시사회로 봤었습니다. 기존의 공포영화와 다른 독특한 경험. 강추입니다.,,,,,,,,
796,이걸 내가 봤던걸 후회한다.......ㅡㅡ 결말도 뭐이따구..하..,,,,,,,,
797,밑에알바들에게 속지마세욬 아낰진짜 이렇게 돈개아까운영화첨임ㅋ아낰대박쓰레기인듯,,,,,,,,
798,나를 정말 후덜덜하게 떨게 만든 공포영화..,,,,,,,,
799,공포영화 잘만드는 일본보다 훨씬 퀄리티있는 공포물이 탄생했다.,,,,,,,,
800,역대 공포물중 가장 무서웠음,,,,,,,,
801,공포장르를 새롭게 해석한 감독의 능력이 놀랍다.,,,,,,,,
802,오늘 여친이랑 같이 봤는데 재미있었음ㅎ,,,,,,,,
803,무서워서 고개 돌리고 봤다. 쩝..,,,,,,,,
804,흐미 OO 나 혼자사는데 이젠 어떻하나,,,,,,,,
805,우두두두두두둑 우두두두두둑 소리 완전 무서웠음,,,,,,,,
806,영적세계에 대해서 다시 생각해보게한 영화,,,,,,,,
807,영화 광팬인데 돈아깝다는 생각은 하기싫은데 아깝네요 ㅡㅡ;진짜요,,,,,,,,
808,진짜 이영화의 정의가 뭔지 진짜 초대박 절대 보지마세요 돈아까 뒈지는지 알았음,,,,,,,,
809,ㅅㅂ 대체 영화의 내용이 뭐야? 엑소시즘이야 사이비야?무섭지도 않고 스토리도 없고,,,,,,,,
810,포스터가 더무서워..,,,,,,,,
811,알바에 속지마셈 진짜 엑소시스트보다 한참떨어짐..돈내고 후회한건 디워이후 처음..,,,,,,,,
812,말이 필요없다. 용기있는 사람만 보시오.,,,,,,,,
813,첨엔 스토리가 뭐 이러나 했는데 공포심유발하는데 기폭제역할을한거였다.,,,,,,,,
814,잔잔하게 무섭다 특히 마지막장면 소름,,,,,,,,
815,무섭다…ㅡ ㅡ 이거 꼭 실화같다.,,,,,,,,
816,TV다큐채널느낌…안무서울거같다가 결국은 관객의 혼을,,,,,,,,
817,무서운장면보다….이어지는 연이은 상황들이 긴장과 압박을 장난아니게 준다..,,,,,,,,
818,이건 단순한 공포영화가 아니다..,,,,,,,,
819,16세의 소녀... 무서워죽는줄알았네ㅠ 질질쌉니다.,,,,,,,,
820,무슨 영화만들다 만거같음 마지막에는 완전개ㅄ이더만,,,,,,,,
821,나약한 존재가 인간이지만,,,,,,,,
822,반전알려줄까?  로건 게이다,,,,,,,,
823,공포영화인데 이거 너무 사실적인 영화 그래서 더무서움…,,,,,,,,
824,무섭도록 공포에 집중할수있게 만든 영화…,,,,,,,,
825,말이 필요없는 공포영화,,,,,,,,
826,이런게 진짜 공포 아닐까..?,,,,,,,,
827,보는내내 긴장긴장긴장,,,,,,,,
828,무서운건 둘째치고라도 기억에 진짜 오래 남는다…,,,,,,,,
829,이런식으로 공포영화에 접근할생각을 하다니…감독 누구심? 암튼 대박무서웠다.,,,,,,,,
830,짜릿한 공포의 묘미…이영화를 보면 알수있을거다.,,,,,,,,
831,공포장르를 새롭게 해석한 감독의 능력이 놀랍다.,,,,,,,,
832,극장의 사운드가 가미된 공포는 정말..,,,,,,,,
833,귀신영화좋아하는 사람도 각오 단단히 하고봐야할듯…,,,,,,,,
834,놀라고 조금징그러운거 빼곤 재미없다.,,,,,,,,
835,도입부는 길어서 좀 지겹고 전체적으로 어설픈 영화임 여자배우 연기빼곤 암것도없음,,,,,,,,
836,전혀 지루하지않고 나올때 시원~하게 나올수있다. 참 잘만들었네…,,,,,,,,
837,솔직히 무서웠엉. 이게 페이크다큐의 묘미아니겠어?,,,,,,,,
838,긴장감과 현장감이 고스란히 오감으로 느껴졌다,,,,,,,,
839,페이크다큐라 긴장감을 더해줍니다.,,,,,,,,
840,여배우의 연기가 너무 리얼함 하나도 어색하지가 않아..덜덜덜,,,,,,,,
841,기존의 이야기식 공포에서 탈피..리얼공포!!,,,,,,,,
842,꿈에 나올까봐 무섭다,,,,,,,,
843,끝부분이 정말 좋았다. 첨엔 좀 지루한감이 없지않아 있었지만.,,,,,,,,
844,조조로 삼천원에 본게 다행이야,,,,,,,,
845,왜 이래? 아마추어 같이...,,,,,,,,
846,솔직히 이거 긴장감도 개쩔고 개무서움 근데 좀 허무하게 끝나는게 흠임,,,,,,,,
847,왜 제목이 라스트 엑소시즘 인지 알겠다 ㄷㄷ,,,,,,,,
848,아이건좀돈아까움 사람들그냥다웃음 그냥다큐멘터리느낌 영화끝나고사람들야마,,,,,,,,
849,요즘 이야기위주의 허접공포영화보다 1000배는 재밌다. 무섭구..ㅜ,,,,,,,,
850,역시 극장에서 보는 공포영화의 참맛이란,,,,,,,,
851,혼자보면 무슨일이 생길지도 모른다.,,,,,,,,
852,호러영화나 고어적인것을 기대하면 오산. 비주얼보다 영화흐름에 집중해보세요.,,,,,,,,
853,극장에서 소리 졸라 질렀네 ㅋㅋㅋㅋㅋㅋㅋㅋㅋㅋㅋ,,,,,,,,
854,꽤 무서웠어요,,,,,,,,
855,잘때 생각 날거같애ㅠㅠ,,,,,,,,
856,솔직히 겁나 무서움,,,,,,,,
857,링과 맞먹는 공포물,,,,,,,,
858,알수없는 공포의 리얼.,,,,,,,,
859,엄청 재밌음. 심리적압박,,,,,,,,
860,공포영화중 엑소시스트시리즈가 최고죠,,,,,,,,
861,생각할거리는 없고 그냥 그 리얼함에 푹 빠져들면 공포는 찾아온다..,,,,,,,,
862,간만에 극장가서 공포영화봤다. 울면서 뛰쳐나올뻔했다..,,,,,,,,
863,저 이거 무서웠어요 심리적 공포 짱,,,,,,,,
864,엑소시시트시리즈중 단연 으뜸이다.,,,,,,,,
865,진정한 공포~ 많은것을 생각하게 하는 영화,,,,,,,,
866,언제봐도 무서운 엑소시스트,,,,,,,,
867,정말 사탄은 있을수도있다 그런 생각이 든다,,,,,,,,
868,극장에 혼자가서 봤는데 죽는줄알았어요,,,,,,,,
869,총을 들수밖에 없는 아버지의 심정 그리고 불쌍한 고양이,,,,,,,,
870,새로운 느낌의 공포영화가 나타났다.,,,,,,,,
871,공포영화는 무조건 잔인해야재밌다는 편견을 깼다. 너무 재밌게 봤다.,,,,,,,,
872,신선한 소재가 무척 흥미로웠고 다큐프로같은느낌이라서 더 리얼했음..,,,,,,,,
873,이거 괜찮은 영화던데 엑소시스트 시리즈중 가장 재밌었음,,,,,,,,
874,심야에 보시라,,,,,,,,
875,여운이 남는 공포영화. 영화가 끝난후 기독교에 대해서 다시 생각해보게됐음..,,,,,,,,
876,정말,,,,,,,,
877,무엇하나 부족함이 없는 새로운 시도의 공포영화,,,,,,,,
878,오랫동안 잊혀지지않는 작품입니다,,,,,,,,
879,허리꺾기 대박. 보면 헉소리나와요,,,,,,,,
880,엄습하는 심리적 공포,,,,,,,,
881,사실 보고 기분이 그다지 좋지않다. 앞으로 집에서 불켜고 자야겠다,,,,,,,,
882,허리 우두두두둑,,,,,,,,
883,기분이 매우 나쁜 공포감,,,,,,,,
884,말로 표현할수가 없다.,,,,,,,,
885,오멘보고 공포영화 다신 안본다고 맹세했는데,,,,,,,,
886,무섭네요.ㅡ ㅡ;;; 다신 공포영화 안볼래요;;;;,,,,,,,,
887,허리꺽기가 테크노..ㅋㅋㅋㅋ 근데 주온 허리꺽기보단 나았다 ㅎㅎ,,,,,,,,
888,진짜 무서워서 혼났다.,,,,,,,,
889,그루지같은 쓰레기 분장보다가 이거보면 식겁한다..,,,,,,,,
890,공포영화좋아하는사람들에게 적극추천~,,,,,,,,
891,아 입찢어졌을때 징그러워서 혼났네,,,,,,,,
892,정말 무서워요..이영화찍은 배우분들 심리상태는 괜찮나요? ㅜ,,,,,,,,
893,와 나 진짜 무섭게 봤음.,,,,,,,,
894,아진심 이거왜이레  재미없어,,,,,,,,
895,리얼이 대세라지만 너무상업적 후반부 내용어이없음 차라리 원작 강추,,,,,,,,
896,아짜증나죽는줄알았다 존나재미없어 뭐가무서워 아진짜 껌껌해서 보이지도않고 짜증나,,,,,,,,
897,스카이라인 뺨때릴만큼 쓰레기다 스카이라인은 cg라도보지 씨1발,,,,,,,,
898,쓰레기영화...완전 다큐멘터리....스릴x,,,,,,,,
899,별점열개 이해가안간다. 공포영화 처음보나? 쓰레기다.,,,,,,,,
900,재미도 없고 공포도 없고 허무하고,,,,,,,,
901,공포영화 좋아하는데 남자친구랑 벌벌 떨면서 봤다. 밤에 집에 가는데 무섭더라는..,,,,,,,,
902,일본 공포물보다 한수위인 영화,,,,,,,,
903,솔직히 난 무서운거 잘 안타는데 이거 진짜 쪼금 무서웠구 진짜 재밌게 잘만듬.,,,,,,,,
904,도대체 뭐가 무섭다는거야;; 오리지날이 훨씬 볼만하겠다.,,,,,,,,
905,절대 혼자보지마세요ㅜ,,,,,,,,
906,진정한 공포,,,,,,,,
907,공포물의 정석.,,,,,,,,
908,극장을 나올,,,,,,,,
909,모든 공포물을 능가하는..,,,,,,,,
910,아 극장에서 뛰쳐나가고 싶더라…무서워서…ㅜ,,,,,,,,
911,똥싸지 말고 진짜 재미없음ㅠㅠㅠㅠㅠㅠㅠㅠㅠㅠㅠㅠㅠㅠㅠㅠ,,,,,,,,
912,나는 나름 괜찮았던 영화였는데. 결말도 꽤 소름 돋았고. 재밌었다,,,,,,,,
913,그저 지못미....,,,,,,,,
914,진짜 평점반개도아까운  OOO기영화 중간에누가꺼버린기분 100%,,,,,,,,
915,솔직히 재미도 없고 잔인하기만 했어요.,,,,,,,,
916,대체 어디서 공포와 스릴을 느껴야함? 허! 여자애가 칼로 목사손바닥 찌르고 토낄때?,,,,,,,,
917,완전 재밌는듯!! 마무리도 좋고 내용 전개도 좋고 전국민이 다봐야할 영화 굳,,,,,,,,
918,찬VS반 이 아니라 본사람 VS알바네.......정말 보지마세요. 정말 재미없음,,,,,,,,
919,현대사회에서도 아직 엑소시즘은 존재한다,,,,,,,,
920,진짜 이말이 딱임.-기대안하고봤는데 정말 대박,,,,,,,,
921,말이 필요없다. 용기있는 사람만 보시오.,,,,,,,,
922,대박 재밌음 이런건 극장에서 봐야지.,,,,,,,,
923,공포영화좋아하는분에게 추천합니다.,,,,,,,,
924,공포도 있고 리얼리티가 살아있는 공포,,,,,,,,
925,이거슨 소리로 놀래키거나 억지로 무섭게 하는 영화가 아니다,,,,,,,,
926,무섭다…ㅡ ㅡ 이거 꼭 실화같다.,,,,,,,,
927,시작하자마자 밀려오는 긴장감,,,,,,,,
928,영적세계에 대해서 다시 생각해보게한 영화,,,,,,,,
929,흔해빠진 공포영호와는 좀 다르다.,,,,,,,,
930,분위기 조성을 잘 살린 영화.,,,,,,,,
931,왠만한 공포영화보다 훨씬 더 공포를 느끼며 봤다.,,,,,,,,
932,다큐라는게 크게 한몫했음.,,,,,,,,
933,무서워서 고개 돌리고 봤다. 쩝..,,,,,,,,
934,하나도 안무섭.,,,,,,,,
935,허무..놀래키기만 하는 의미없는 오류영화,,,,,,,,
936,알바들 쩐다 이런 개쒜뤠기 영화는 제발 극장가서 던주고보지말자,,,,,,,,
937,이건 진짜.... 엔딩완전이상함 황당그자체,,,,,,,,
938,공포의 근원을 잘파악한…어찌보면 감독이 천재인듯,,,,,,,,
939,무서워서 죽는줄알았다.,,,,,,,,
940,개념있는 공포영화,,,,,,,,
941,솔직히 난 무서운거 잘 안타는데 이거 진짜 쪼금 무서웠구 진짜 재밌게 잘만듬.,,,,,,,,
942,엑소시시트시리즈중 단연 으뜸이다.,,,,,,,,
943,좀 어지러웠지만 그덕에 엄청실감났음,,,,,,,,
944,보기싫었는데….진짜 괜히봤다는 생각이 든다..나 혼자산단말야……,,,,,,,,
945,조여오는 압박감으로 인한 공포가 무엇인지 이영화를 통해 느낄수있을것.,,,,,,,,
946,소름끼칠정도로 무섭다. 마음의 준비를 하고 보시길.,,,,,,,,
947,남친이랑같이봤는데정말OOO기영화입니다...돈아까워죽는줄알았어요,,,,,,,,
948,여자애가 아크로바틱했나? 진짜 유연함. 아 무서워서 혼났네요,,,,,,,,
949,쓰레기영화에 당했다 ㅡㅡ 결말만 좋았음,,,,,,,,
950,하나도 안무서움!!공포싫어하는 남친도 시시하다고 함~심리공포도아님 ..비추,,,,,,,,
951,결말때문에 다 망쳤습니다.....,,,,,,,,
952,공포장르를 새롭게 해석한 감독의 능력이 놀랍다.,,,,,,,,
953,이건 단순한 공포영화가 아니다..,,,,,,,,
954,헐 진짜 미치도록 무서운 영화다 아나 오늘 잠못자겠다.,,,,,,,,
955,혼자 보고 잠을 못자고 있다,,,,,,,,
956,뭔가 개운하지못하지만 무섭긴 최고다 진짜.,,,,,,,,
957,같이본 미국 애들도 욕햇다 니미 이것도 공포영화라고 ㅉㅉㅉ,,,,,,,,
958,너무 지루했어요 미쿡사람들은 이런 류의 영화를 조아하는건가??ㄷ,,,,,,,,
959,그흔한 cg한장면없음 내용 개최악.. 칭찬글은 죄다 알바임 참고하세요 최악의다큐 -_-,,,,,,,,
960,이제 페이크무비중에서 이 정도의 구성으론 식상하다..,,,,,,,,
961,전무후무란 이런 영화를 두고……귀신이 안튀어나와도 이렇게 무서운 영화가 있다,,,,,,,,
962,8점대가 정확한 평점인듯,,,,,,,,
963,움찔움찔 놀라는 맛이 아주 좋아요,,,,,,,,
964,깜짝놀래는것보다 더 무서운게 담겨있는 영화..은근 소름 공포,,,,,,,,
965,소재를 잘이끌어냈습니다.,,,,,,,,
966,공포라기보단 다큐멘터리..ㅋㅋ 그래서 더 무서움,,,,,,,,
967,완전 긴장하면서 봤는데..진짜 마무리 좋다.,,,,,,,,
968,배우들의 자연스러운 연기가 볼만하네요,,,,,,,,
969,공포영화답지않은 탄탄한 스토리입니다.,,,,,,,,
970,진심보지마 개재미없으니깐 ㅡ ㅡ,,,,,,,,
971,헐~ 낚였네; 간단하게 평가 잼없음,,,,,,,,
972,알바쩌네 진짜재미없어요ㅋㅋㅋ돈내고봤으면후회했을꺼임,,,,,,,,
973,무섭고 의미있는 영화에요,,,,,,,,
974,아 입찢어졌을때 징그러워서 혼났네,,,,,,,,
975,재미있네요 강추,,,,,,,,
976,소재와 연기 모두 잘살린 영화,,,,,,,,
977,엑소시즘을 토대로 접근해본 가능성에 대한 고찰,,,,,,,,
978,섬뜩하고 소름끼치는 영화,,,,,,,,
979,식상하지않고 완급조절이 좋다,,,,,,,,
980,잔잔하게 무섭다 특히 마지막장면 소름,,,,,,,,
981,잠시도 긴장감을 늦출수없다.,,,,,,,,
982,여자애 불쌍하다,,,,,,,,
983,괜찮은데? 긴장도 되고!,,,,,,,,
984,정말 이건 막장.. 정말 재미 없네요;; 로즈가 훨씬 실감난듯,,,,,,,,
985,그저그런 영화일거라는 내편견을 깨는 영화,,,,,,,,
986,새로운 느낌의 공포영화가 나타났다.,,,,,,,,
987,이거 괜찮은 영화던데 엑소시스트 시리즈중 가장 재밌었음,,,,,,,,
988,공포영화로써 이정도면 굉장히 훌륭한 편이지,,,,,,,,
989,오랜만에 공포영화가 무서웠다,,,,,,,,
990,임산부나 노약자는 삼가해주시길,,,,,,,,
991,교회의 일부 이상한 분들이 봤으면 좋겠음.;,,,,,,,,
992,시작하자마자 밀려오는 긴장감,,,,,,,,
993,독특한 페이크다큐형식으로 만들어서인지 더욱 생생하게 느껴졌습니다.,,,,,,,,
994,진짜 계속 보면서 흥미진진했어요,,,,,,,,
995,내가 공포영화에서 원하던 분위기,,,,,,,,
996,역시 1탄이 기절할정도로 무섭네요.  이건 잠옴........,,,,,,,,
997,0.5점도 아깝군요... 이런류를 좋아해서 다 봤지만 그중 최악인듯...,,,,,,,,
998,독특한 소재,,,,,,,,
999,알바 구함^^ 010-2703-2383 저런애들보다 잘할자신있습니다,,,,,,,,
1000,순간순간 집중을 안할수없는 영화인듯..마지막엔 예상못한 반전이 대박,,,,,,,,
1001,간만에 만나는 심리호러의 진수,,,,,,,,
1002,오멘보고 공포영화 다신 안본다고 맹세했는데,,,,,,,,
1003,정말 무서워요..이영화찍은 배우분들 심리상태는 괜찮나요? ㅜ,,,,,,,,
1004,뭔가 개운하지못하지만 무섭긴 최고다 진짜.,,,,,,,,
1005,간만에 만나는 심리호러의 진수,,,,,,,,
1006,긴박한 상황과 반전이 기가막힌다.,,,,,,,,
1007,공포영화좋아하는분에게 추천합니다.,,,,,,,,
1008,긴박감있는 진행. 짜임새있는 스토리.,,,,,,,,
1009,일본 공포물보다 한수위인 영화,,,,,,,,
1010,이거본날 잠못잤다. 존나 무서워…,,,,,,,,
1011,공포영화답지않게 굉장히 리얼하고 신선한,,,,,,,,
1012,배우들의 연기가 돋보임.,,,,,,,,
1013,무섭도록 공포에 집중할수있게 만든 영화…,,,,,,,,
1014,마무리가 쩌네요. 소름돋았는데,,,,,,,,
1015,스토리적으로 조금 미흡하긴 하지만 아주 참신하고 흡인력있었다.,,,,,,,,
1016,아 진짜 다큐멘터리같잖아,,,,,,,,
1017,극장에서 소리 졸라 질렀네 ㅋㅋㅋㅋㅋㅋㅋㅋㅋㅋㅋ,,,,,,,,
1018,나름 긴장하면서 봤다. 재밌었다,,,,,,,,
1019,어설프게 놀래키려는 다른영화랑 다름.,,,,,,,,
1020,정말 재밌게 봤다 무섭기도 무섭지만 리얼한 상황전개가 나를 미치게했다…,,,,,,,,
1021,아 진짜 실망.........ㅋㅋㅋㅋㅋㅋㅋ 실망 이야 ...... 그냥 허리 꺽이는게 끝,,,,,,,,
1022,이거 댑댑댑댑댑따 무서움..... 보면 ...... 님들은 다 사망.... 강심장만 보센...,,,,,,,,
1023,장난질들해? 내가 여태최저점수 5밑으로 줘본적없는데 이영화 2점이상은 못준다.,,,,,,,,
1024,이거 쩌네요 심장떨려 죽을뻔 꼭 봐야해요 !!!,,,,,,,,
1025,공포를좋아하는분이라면볼만한영화+_+단역시이것도 (조조) 제값내기엔2%부족한영화+,,,,,,,,
1026,깔끔한 정리는 아니었지만 과정이 엄청 좋았다.,,,,,,,,
1027,진짜 심신미약한사람은 보지않았으면 좋겠다…,,,,,,,,
1028,짜임새있고 연출력 좋고 배우들 실감나는 연기 좋네요,,,,,,,,
1029,식상하지않고 완급조절이 좋다,,,,,,,,
1030,좀 어지러웠지만 그덕에 엄청실감났음,,,,,,,,
1031,혼자봤는데 장난 아님,,,,,,,,
1032,오랜만에 정말 무서웠다 배우들의 호연이 돋보임.,,,,,,,,
1033,여지껏 봤던 엑소시스트 시리즈중에 최강이다..,,,,,,,,
1034,완전 긴장하면서 봤는데..진짜 마무리 좋다.,,,,,,,,
1035,글세.. 생각보단 괜찮았는데,,,,,,,,
1036,그다지,,,,,,,,
1037,와..알바들쩌네.. 초중반까지는 괜찮았음 ..결말 개그지 ..낚이지마세요,,,,,,,,
1038,혼자 보고 잠을 못자고 있다,,,,,,,,
1039,별점 알바 최고네.. 주변사람들한테 추천하면 욕먹을 영화.,,,,,,,,
1040,마무리가 쩌네요. 소름돋았는데,,,,,,,,
1041,소름끼칠정도로 무섭다. 마음의 준비를 하고 보시길.,,,,,,,,
1042,이런게 공포지,,,,,,,,
1043,움찔움찔 놀라는 맛이 아주 좋아요,,,,,,,,
1044,16살짜리 혀놀릴땐 무섭기도했지만 섹시하기도..ㅋㅋㅋ,,,,,,,,
1045,기대를 져버리지 않을것이다,,,,,,,,
1046,긴박한 상황과 반전이 기가막힌다.,,,,,,,,
1047,사람의 어두운 본능을 잘 살린듯,,,,,,,,
1048,최악의 영화였다 이런걸 가족끼리 생에처음으로극장에서관람한게후회된다,,,,,,,,
1049,허리꺽을때 내 심장도 멎을뻔…,,,,,,,,
1050,세심하게 구성된 리얼리티공포물.,,,,,,,,
1051,여자애가 아크로바틱했나? 진짜 유연함. 아 무서워서 혼났네요,,,,,,,,
1052,이래서 동양 공포영화는 서양의 공포물을 못따라오는거같다,,,,,,,,
1053,배우들의 연기가 돋보임.,,,,,,,,
1054,심리적으로 조여오는 긴장감 최고. 마지막에 되돌아갈때 진짜 똥쌀뻔,,,,,,,,
1055,짝퉁 신부. 첨에 완전 맘놓게 하다가 완전 관객을 패닉으로 몰아넣는;;;;,,,,,,,,
1056,한마디로 그냥 찝찝한 영화,,,,,,,,
1057,답이안나온다,,,,,,,,
1058,교회의 일부 이상한 분들이 봤으면 좋겠음.;,,,,,,,,
1059,공포영화는 무조건 잔인해야재밌다는 편견을 깼다. 너무 재밌게 봤다.,,,,,,,,
1060,아 진짜 다큐멘터리같잖아,,,,,,,,
1061,좋은 발상에서 끝맺음이 쥑이네,,,,,,,,
1062,이건 별 반개도 아깝다 뭘얘기하자는건데 죽고싶냐?,,,,,,,,
1063,말이 필요없는 공포영화,,,,,,,,
1064,정말 긴장하면서 봤다. 배우들 연기또한 너무 소름돋을정도,,,,,,,,
1065,여배우 연기도 좋았고 악령에 대해서 생각하게 만든다. 갠적으로 기독교라 그런지,,,,,,,,
1066,이런식의 소재도 이영화의 개성중 하나아닐까?,,,,,,,,
1067,이런게 공포지,,,,,,,,
1068,이영화는 공포만을 보여주는게 아니었다.,,,,,,,,
1069,너무 재미있게 봤어요…보는 내내 엄청 쫄렸어요,,,,,,,,
1070,링과 맞먹는 공포물,,,,,,,,
1071,보는내내 긴장긴장긴장,,,,,,,,
1072,금방 내리질않길,,,,,,,,
1073,이건 별 1도 아까워 진짜 내 눈을 의심케하는 짜증나고 더러운 영화 내눈에게 미안해,,,,,,,,
1074,임산부나 노약자는 삼가해주시길,,,,,,,,
1075,공포영화에 많이 무뎌져있었는데 오랜만에 오싹오싹하게 만든 영화임.,,,,,,,,
1076,공포가 피부로 와닿는다.,,,,,,,,
1077,진짜재미없다 한국공포영화보다 더재미없는듯,,,,,,,,
1078,혹시나 하고 봤더니 역시나 페이크다큐는 이제 그만 만들어라,,,,,,,,
1079,넬! 루이스! 카메라 꺼! 케일럽! 끄아아아아악!! 이게 다임 진짜 진심 오늘 봄,,,,,,,,
1080,진짜 많은 엑소시스트 영화를 보았지만이영화는좀허구적인 내용이많이 포함됀 듯하다,,,,,,,,
1081,정말 허접하다 뭐이래 영화가 정말 막장인데 돈 아까워요 ㅠㅠ,,,,,,,,
1082,영화라고 생각하고 보면 하나도 안무서움,,,,,,,,
1083,잠시도 긴장감을 늦출수없다.,,,,,,,,
1084,재밌게 잘봄 ^-^,,,,,,,,
1085,모든 공포물을 능가하는..,,,,,,,,
1086,보이지않는 무언가로부터 느끼는 공포,,,,,,,,
1087,혼자봤는데 장난 아님,,,,,,,,
1088,재밌어요 뒷부분이 놀래키네요 ㅋㅋ,,,,,,,,
1089,심리적으로 조여오는 긴장감 최고. 마지막에 되돌아갈때 진짜 똥쌀뻔,,,,,,,,
1090,우악스런 공포보다는 자연스럽게 조여오는 긴장감이 좋았다.,,,,,,,,
1091,극장에 혼자가서 보삼. 긴장감 쩔고 마지막에 뒈짐 ㅋ,,,,,,,,
1092,진짜 아직도 의문이 남음,,,,,,,,
1093,내용부족...지루따분사운드별로... 돈주고본게아깝다;; 예고편이다인영화;;,,,,,,,,
1094,이거정말별로...만들다만영화같았다.,,,,,,,,
1095,끝부분이 정말 좋았다. 첨엔 좀 지루한감이 없지않아 있었지만.,,,,,,,,
1096,진짜 돈버렸다. 짜증나. 1시간 동안 자게 만든 유일한 영화다. 진심,,,,,,,,
1097,이영화보구재밋단사람있으면내가개그를보여줄게돈버려시간버려짜증나,,,,,,,,
1098,복잡하지않고 진짜 나 이런가게 좋다.,,,,,,,,
1099,요즘 이야기위주의 허접공포영화보다 1000배는 재밌다. 무섭구..ㅜ,,,,,,,,
1100,이거 진짜 무서웠다..,,,,,,,,
1101,진정한 공포,,,,,,,,
1102,진짜 심신미약한사람은 보지않았으면 좋겠다…,,,,,,,,
1103,그럭저럭 생각도 많이 하게 되고..괜찮은 영화인거같아요.,,,,,,,,
1104,완성되어진 잘짜여진 영화,,,,,,,,
1105,이런식으로 공포영화에 접근할생각을 하다니…감독 누구심? 암튼 대박무서웠다.,,,,,,,,
1106,전혀 지루하지않고 나올때 시원~하게 나올수있다. 참 잘만들었네…,,,,,,,,
1107,이건 재미도 뛰어나고 작품성도 뛰어남,,,,,,,,
1108,무슨 케이블채널에서 실화를 다룬 다큐멘터리같아서 리얼하고 긴장넘쳤다,,,,,,,,
1109,실화라는 생각이 막 들어서 더 무섭다,,,,,,,,
1110,공포영화 보통 시시한데 이건 내용이 알차고 긴장감돌고 좋았아요,,,,,,,,
1111,추락하는 공포영화의 끝을 잡아주었다.,,,,,,,,
1112,재밌는데 결말이 쪼큼.. 그래도 이정도면 괜춘,,,,,,,,
1113,이궁. 난 괜찮았는뎅~ 볼만해영~,,,,,,,,
1114,완전 무섭진 않는데 그래도 공포영화로 괜춘해요 결말이 쪼큼 아쉽지만,,,,,,,,
1115,보고 후회함.,,,,,,,,
1116,이게뭐임.... 엑소시스트 마지막이라 기대햇건만 공짜여도 안본다..,,,,,,,,
1117,후반으로 갈수록 디진다 진짜 정신 바짝 차리고 봐라,,,,,,,,
1118,원래 공포영화 시시한데 이건 아니네요…재밋어용~,,,,,,,,
1119,흥미진진하고 늦은밤에봐서 더 재밌었음.,,,,,,,,
1120,귀신이 나오거나 그런건 아니지만 뭔지모를 공포감이 있어 좋았다.,,,,,,,,
1121,말로 표현할수가 없다.,,,,,,,,
1122,대체 왜 평점이 높은거지??-_- 차라리 엑소시스트1을 돈주고 다시보라고 해도 보겠다.,,,,,,,,
1123,카메라에 진동장치를 듯한 떨림에서 오는 멀미... 우웨엑,,,,,,,,
1124,페이크다큐 방식의 엑소시스트... 이정도면 잘 만들었다...,,,,,,,,
1125,흐미 OO 나 혼자사는데 이젠 어떻하나,,,,,,,,
1126,혼자 극장가서 손에 땀을 쥐고 본 영화…공포영화는 혼자봐야 제맛.,,,,,,,,
1127,제 나름 정말 재밌었던거 같네여,,,,,,,,
1128,진짜 기대안하고 봤는데 진짜 깜놀,,,,,,,,
1129,간만에 진짜 공포영화다운 영화보네요,,,,,,,,
1130,개재지 없음 진짜 보면 후회함,,,,,,,,
1131,진짜 안 무섭고 결말도 허무해요.,,,,,,,,
1132,짜임새있고 연출력 좋고 배우들 실감나는 연기 좋네요,,,,,,,,
1133,세심하게 구성된 리얼리티공포물.,,,,,,,,
1134,엑소시스트이후 나온 오컬트 무비중 최고의 리얼리티,,,,,,,,
1135,왠간한 잔인한거.. 귀신등등 무섭게 본적없던 내가 주변을 둘러보며 봤던영화 첨..ㅜㅜ,,,,,,,,
1136,허리꺽을때 내 심장도 멎을뻔…,,,,,,,,
1137,무엇하나 부족함이 없는 새로운 시도의 공포영화,,,,,,,,
1138,영화 자체가 무섭다.,,,,,,,,
1139,나의 몇안되는 최고의 공포영화,,,,,,,,
1140,정말,,,,,,,,
1141,내용 기대도안하고 갔었지만,,,,,,,,
1142,완죤잼없음 무섭지도않고 결말 넘~~~~~~허무함  돈아까워 무서웠다쳐도 정~말 잼없음,,,,,,,,
1143,정말 잼없다,,,,,,,,
1144,진짜 허접 공포영화 감독들 이거보고 좀 느끼시길…,,,,,,,,
1145,TV다큐채널느낌…안무서울거같다가 결국은 관객의 혼을,,,,,,,,
1146,짝퉁 신부. 첨에 완전 맘놓게 하다가 완전 관객을 패닉으로 몰아넣는;;;;,,,,,,,,
1147,결말이 허무한줄알았으나 곱씹어 생각해보니 음...좋은 작품인거같애,,,,,,,,
1148,이래서 동양 공포영화는 서양의 공포물을 못따라오는거같다,,,,,,,,
1149,공포영화? 아니 그이상의 짜릿함!,,,,,,,,
1150,심도있게 진행되는 상황전개그리고 리얼한 연기,,,,,,,,
1151,꽤나 현실적인 공포,,,,,,,,
1152,허리꺾기 대박. 보면 헉소리나와요,,,,,,,,
1153,괜찬네요. 공포영화가 깔끔하고 세련된 느낌을 줄수도 있네요…,,,,,,,,
1154,여운도 남고 몰입되서볼만큼 재밌었다.,,,,,,,,
1155,긴박감있는 진행. 짜임새있는 스토리.,,,,,,,,
1156,스토리도 좋고 역시 마지막이 깜놀이네염,,,,,,,,
1157,에밀리 로즈까진 대박 라스트는 설정부터 엉망 엑소시스트 먹칠한 것 같다,,,,,,,,
1158,긴장하면서 봤다…근데 끝이 잘 이해가 안간다..,,,,,,,,
1159,배우들 연기 진짜 리얼하다. 그래서 더 무섭고 실감났다,,,,,,,,
1160,공포보다는 종교적색채가 강하다. 개개인의 신앙에 따라 다른느낌을 받을듯..,,,,,,,,
1161,상당히 몰입감있고 괜찮았다,,,,,,,,
1162,이건 재밌는 영화라고할수없다.,,,,,,,,
1163,엄청 재밌음. 심리적압박,,,,,,,,
1164,마치 사실에 기초한듯한 착각을 불러일으킨다.,,,,,,,,
1165,신선한 소재가 무척 흥미로웠고 다큐프로같은느낌이라서 더 리얼했음..,,,,,,,,
1166,표현이 보기드물게 세련된 공포영화,,,,,,,,
1167,기대를 져버리지 않을것이다,,,,,,,,
1168,여자주인공 연기가 진짜 소름돋았어요,,,,,,,,
1169,허리 우두두두둑,,,,,,,,
1170,명품 공포다큐멘터리,,,,,,,,
1171,공포영화인데 이거 너무 사실적인 영화 그래서 더무서움…,,,,,,,,
1172,공포는 몫. 긴장은 필수,,,,,,,,
1173,무조건 잔인하고 끔찍한것만이 공포가 아니다 이야기의 전개만으로도 공포가,,,,,,,,
1174,일단 공포는 무서워야 제맛.,,,,,,,,
1175,하드한 공포물은 아니다. 하지만 생각을 하게 만드는 영화 간만에 본다,,,,,,,,
1176,배우들의 연기가 괜찮았다,,,,,,,,
1177,블레어 위치'가 되고싶니? 꿈 깨셔~,,,,,,,,
1178,공포영화를 두루 섭렵한 사람으로써 단연 수작으로 꼽고싶은 영화다.,,,,,,,,
1179,마지막 장면..관객들을 끝까지 맘편하게 집에 가게 놔두질않는다,,,,,,,,
1180,신선한 소재. 꽤괜찮지만 결론이 애매함,,,,,,,,
1181,기분이 매우 나쁜 공포감,,,,,,,,
1182,진짜 배우들 연기 진짜같다,,,,,,,,
1183,끝이 좀 허무한듯하지만 난 진짜 등이 다젖어가면서 봤음 ㅋ,,,,,,,,
1184,진짜 자연스럽게 무섭다.,,,,,,,,
1185,새로운 장르인듯 소재가 진짜 신선했다.,,,,,,,,
1186,깊이있고 무거웠음. 가벼운 진행이 아니라 정말 리얼리티였음..,,,,,,,,
1187,초반에는 스토리에 몰입이 되자않았으나 중반부터 대박이네요.,,,,,,,,
1188,사실 보고 기분이 그다지 좋지않다. 앞으로 집에서 불켜고 자야겠다,,,,,,,,
1189,완전 마이너스를 주고싶은 영화! 완전 쓰레기 영화. 끝마무리..없이없음..,,,,,,,,
1190,극장을 나올,,,,,,,,
1191,여배우의 연기가 너무 리얼함 하나도 어색하지가 않아..덜덜덜,,,,,,,,
1192,끝날때 그 허무함이란...생각보다 공포스럽지 않았다,,,,,,,,
1193,절대 보지말아야할 영화........,,,,,,,,
1194,짜릿한 공포의 묘미…이영화를 보면 알수있을거다.,,,,,,,,
1195,내가 여지껏 봤던 공포영화중에 최고의 공포를 안겨준 영화..,,,,,,,,
1196,알수없는 공포의 리얼.,,,,,,,,
1197,솔직히 난 무서운거 잘 안타는데 이거 진짜 쪼금 무서웠구 진짜 재밌게 잘만듬.,,,,,,,,
1198,마지막까지 흥미진진,,,,,,,,
1199,오랜만에 정말 무서웠다 배우들의 호연이 돋보임.,,,,,,,,
1200,저는 정말 무섭고 재밌게 봤어요,,,,,,,,
1201,여지껏 봤던 엑소시스트 시리즈중에 최강이다..,,,,,,,,
1202,상당히 리얼하고 치열한 공포,,,,,,,,
1203,16살짜리 혀놀릴땐 무섭기도했지만 섹시하기도..ㅋㅋㅋ,,,,,,,,
1204,여배우 연기하다 실신했을듯,,,,,,,,
1205,기대보다 훨씬 잘만든 영화.,,,,,,,,
1206,사람의 어두운 본능을 잘 살린듯,,,,,,,,
1207,기독교인들은 한번쯤 볼만한 영화 실화같은데 이거…..,,,,,,,,
1208,끝난게 맞는지 긴가민가해서 계속앉아있었음ㅋㅋㅋㅋ,,,,,,,,
1209,사탄 이미지를 좀더 형상화했으면 좋았을텐데,,,,,,,,
1210,무섭도록 공포에 집중할수있게 만든 영화…,,,,,,,,
1211,말도안되는평점. 알바OO들..짜증나는영상과 아무내용도없는 완전 막장영화,,,,,,,,
1212,끝도 나름 흥미있고...애들도 별로라 하던데 이제껏봤던 공포영화중에 가장 재밌던데,,,,,,,,
1213,알바 때문에 진짜 ㅡㅡ 개낚였음 진짜 재미없네요 ㅋㅋ,,,,,,,,
1214,이 영화의 문제점은 전혀 무섭지가 않다는거다.. -_-;;,,,,,,,,
1215,뭔가 인디 느낌도나는데 의외로 긴장하게 만들더군요,,,,,,,,
1216,끝만 뺴고 다 좋음,,,,,,,,
1217,봤는데 나쁘지 않아여,,,,,,,,
1218,개무서워,,,,,,,,
1219,신선하긴한데내가원한건 이게아니다,,,,,,,,
1220,존내 허무하네 아~시....돈아까워 ㅡㅡ,,,,,,,,
1221,이해안감,,,,,,,,
1222,결말 존내 허무해요.,,,,,,,,
1223,진짜 개재미없음 돈아까워 하나도안무섭고 그냥지루함 보다잠듬,,,,,,,,
1224,엑소시즘 영화는 무조건 본다,,,,,,,,
1225,어제 봤는데 초반 천천히 시작되다가 막 치고 올라가는 느낌 ㅠ.ㅠ,,,,,,,,
1226,결말이 호불호가 갈리긴한데...ㅋ,,,,,,,,
1227,;;; 진심 알바가 있구나;;,,,,,,,,
1228,진짜 이거 꼭봐라..,,,,,,,,
1229,무서운 장면을 기대한다면 비추.,,,,,,,,
1230,엑소시즘시리즈중에 최악..급하게 마무리를지어버린다는느낌이강했고,,,,,,,,
1231,잉 난 잼께봤는데 ㅋ 영화 무섭긴 무서운데,,,,,,,,
1232,간만에 제대로 된 공포영화 본것 같네여,,,,,,,,
1233,신비한 tv 서프라이즈를 보시길 ㅋ,,,,,,,,
1234,전부다 욕하고 나옴..ㅋㅋㅋㅋ소리가 무서웠음..ㄷ,,,,,,,,
1235,진짜 완전 기대했는데... 너무 기대가 컸나? 마무리가....좀 아쉬웠던거같은...영화,,,,,,,,
1236,별 반개도 아깝.진짜 알바가 있구나,,,,,,,,
1237,그리 재미있지는 않았고 디테일이 부족한 독톡한 형식의 공포영화,,,,,,,,
1238,재밌긴 재밌네요 그래도 그동안본 무서운영화는 파라노말2가 최고에요ㅋㅋㅋ,,,,,,,,
1239,걸작이에요지난주에봤는데아침에혼자머리를못감겠어요아발람이 천장에서 보는듯한...,,,,,,,,
1240,이전 진짜 쓰레기 영화임..같이본 사람들 다 돈아깝다함,,,,,,,,
1241,아..찝찝해..찝찝해 끝이 찝찝해...확실한 결말뭐냐긔...ㅠㅠㅠㅠㅠㅠㅠㅠ,,,,,,,,
1242,내가 공포영화에서 원하던 분위기,,,,,,,,
1243,아 돈아까워 죽겠음 ㅡㅡ 이거진짜보지마셈 진짜 결말 어이가없음,,,,,,,,
1244,진짜 계속 보면서 흥미진진했어요,,,,,,,,
1245,이건 재미도 뛰어나고 작품성도 뛰어남,,,,,,,,
1246,괜찮은데? 긴장도 되고!,,,,,,,,
1247,진짜 아직도 의문이 남음,,,,,,,,
1248,스토리적으로 조금 미흡하긴 하지만 아주 참신하고 흡인력있었다.,,,,,,,,
1249,공포영화로써 이정도면 굉장히 훌륭한 편이지,,,,,,,,
1250,16살짜리 혀놀릴땐 무섭기도했지만 섹시하기도..ㅋㅋㅋ,,,,,,,,
1251,심리적으로 조여오는 긴장감 최고. 마지막에 되돌아갈때 진짜 똥쌀뻔,,,,,,,,
1252,굿,,,,,,,,
1253,제 나름 정말 재밌었던거 같네여,,,,,,,,
1254,짜임새있고 연출력 좋고 배우들 실감나는 연기 좋네요,,,,,,,,
1255,초반에는 스토리에 몰입이 되자않았으나 중반부터 대박이네요.,,,,,,,,
1256,진짜 허접 공포영화 감독들 이거보고 좀 느끼시길…,,,,,,,,
1257,이래서 동양 공포영화는 서양의 공포물을 못따라오는거같다,,,,,,,,
1258,그저그런 영화일거라는 내편견을 깨는 영화,,,,,,,,
1259,현실을 제대로 반영했기에 더욱더 무서울수밖에 없었던,,,,,,,,
1260,어설프게 놀래키려는 다른영화랑 다름.,,,,,,,,
1261,깊이있고 무거웠음. 가벼운 진행이 아니라 정말 리얼리티였음..,,,,,,,,
1262,기대했다면 기대를 버려라,,,,,,,,
1263,완성되어진 잘짜여진 영화,,,,,,,,
1264,배우들 연기 진짜 리얼하다. 그래서 더 무섭고 실감났다,,,,,,,,
1265,재밌어요 뒷부분이 놀래키네요 ㅋㅋ,,,,,,,,
1266,시작하자마자 밀려오는 긴장감,,,,,,,,
1267,이런게 공포지,,,,,,,,
1268,좋은 발상에서 끝맺음이 쥑이네,,,,,,,,
1269,인간들 무섭다 이렇게 낚는구나,,,,,,,,
1270,인간이 가장 무서운 법.,,,,,,,,
1271,나는 지금 화가 나있습니다. 내 돈,,,,,,,,
1272,정말 별 반개도 아깝네여 아웅 시간 낭비햇네 ㅡㅡㅋ,,,,,,,,
1273,십라 낚였다ㅡㅡ 이평점은 정말 말이안돼 예고편에 나오는것도 안나오고 오쒯,,,,,,,,
1274,너무 쓰레기같은영화에요 영화필름그냥 휴지통으로 고고고~~상영안햇으면 좋겟네요,,,,,,,,
1275,후회하실꺼예요.,,,,,,,,
1276,사기 분노 허탈 별 반개도 아까워 내 리뷰 보고 제발 다시 생각하시길,,,,,,,,
1277,오랜만에 공포영화가 무서웠다,,,,,,,,
1278,ㅜ.ㅜ 너무 무섭다….,,,,,,,,
1279,소재와 연기 모두 잘살린 영화,,,,,,,,
1280,최고의쓰레기영화.,,,,,,,,
1281,이거 진짜 무서웠다..,,,,,,,,
1282,순간순간 집중을 안할수없는 영화인듯..마지막엔 예상못한 반전이 대박,,,,,,,,
1283,극장에서 소리 졸라 질렀네 ㅋㅋㅋㅋㅋㅋㅋㅋㅋㅋㅋ,,,,,,,,
1284,그럭저럭 생각도 많이 하게 되고..괜찮은 영화인거같아요.,,,,,,,,
1285,여자주인공 연기가 진짜 소름돋았어요,,,,,,,,
1286,여배우 연기하다 실신했을듯,,,,,,,,
1287,와 나 진짜 무섭게 봤음.,,,,,,,,
1288,꽤나 현실적인 공포,,,,,,,,
1289,잘때 생각 날거같애ㅠㅠ,,,,,,,,
1290,재미있네요 강추,,,,,,,,
1291,알바가 넘치네.엄창걸고 OOO기 영화입니다. 돈주고도 다운받아서도 보지마여..,,,,,,,,
1292,사실 보고 기분이 그다지 좋지않다. 앞으로 집에서 불켜고 자야겠다,,,,,,,,
1293,새로운 장르인듯 소재가 진짜 신선했다.,,,,,,,,
1294,괜찮은데? 긴장도 되고!,,,,,,,,
1295,금방 내리질않길,,,,,,,,
1296,허리 우두두두둑,,,,,,,,
1297,이거본날 잠못잤다. 존나 무서워…,,,,,,,,
1298,무조건 잔인하고 끔찍한것만이 공포가 아니다 이야기의 전개만으로도 공포가,,,,,,,,
1299,여운이 남는 공포영화. 영화가 끝난후 기독교에 대해서 다시 생각해보게됐음..,,,,,,,,
1300,대강 쓰레기였음 포스터에 속지말자 ㅋ,,,,,,,,
1301,이영화 안무섭단 인간은 뭐임 ㅋ 걍첨부터끝까지전남무서웠음 ㅎㄷㄷ,,,,,,,,
1302,무섭고 의미있는 영화에요,,,,,,,,
1303,마지막 장면..관객들을 끝까지 맘편하게 집에 가게 놔두질않는다,,,,,,,,
1304,솔직히 겁나 무서움,,,,,,,,
1305,링과 맞먹는 공포물,,,,,,,,
1306,16살짜리 혀놀릴땐 무섭기도했지만 섹시하기도..ㅋㅋㅋ,,,,,,,,
1307,짝퉁 신부. 첨에 완전 맘놓게 하다가 완전 관객을 패닉으로 몰아넣는;;;;,,,,,,,,
1308,무서운건 둘째치고라도 기억에 진짜 오래 남는다…,,,,,,,,
1309,평점 낮추는 알바쉑들은 쓰레기 밖에 모르나..지들이야긴가,,,,,,,,
1310,쓰레기 영화...하나도 아까움,,,,,,,,
1311,정말 무서워요..이영화찍은 배우분들 심리상태는 괜찮나요? ㅜ,,,,,,,,
1312,이래서 동양 공포영화는 서양의 공포물을 못따라오는거같다,,,,,,,,
1313,솔직히 무서웠엉. 이게 페이크다큐의 묘미아니겠어?,,,,,,,,
1314,혼자 극장가서 손에 땀을 쥐고 본 영화…공포영화는 혼자봐야 제맛.,,,,,,,,
1315,이건 단순한 공포영화가 아니다..,,,,,,,,
1316,상당히 몰입감있고 괜찮았다,,,,,,,,
1317,공포영화 보통 시시한데 이건 내용이 알차고 긴장감돌고 좋았아요,,,,,,,,
1318,요즘 이야기위주의 허접공포영화보다 1000배는 재밌다. 무섭구..ㅜ,,,,,,,,
1319,긴장감과 현장감이 고스란히 오감으로 느껴졌다,,,,,,,,
1320,완성되어진 잘짜여진 영화,,,,,,,,
1321,알바쩌네 ㅋㅋㅋㅋㅋㅋ 레알 쓰레기 영화,,,,,,,,
1322,아 극장에서 뛰쳐나가고 싶더라…무서워서…ㅜ,,,,,,,,
1323,이런게 공포지,,,,,,,,
1324,적당한 복선과 치밀한 반전,,,,,,,,
1325,깊이있고 무거웠음. 가벼운 진행이 아니라 정말 리얼리티였음..,,,,,,,,
1326,무슨 케이블채널에서 실화를 다룬 다큐멘터리같아서 리얼하고 긴장넘쳤다,,,,,,,,
1327,소재를 잘이끌어냈습니다.,,,,,,,,
1328,초반 목사 떠벌이 짜증. 중반 몰입 흥미롭다가. 후반 생뚱맞은 결론에 확깬다.,,,,,,,,
1329,배우들 연기 진짜 리얼하다. 그래서 더 무섭고 실감났다,,,,,,,,
1330,이거완전평들알바네개어이없는영화 개막장.영화만든의미가뭐져?내생에최악의영화,,,,,,,,
1331,나름 긴장하면서 봤다. 재밌었다,,,,,,,,
1332,완전 긴장하면서 봤는데..진짜 마무리 좋다.,,,,,,,,
1333,솔직히 난 무서운거 잘 안타는데 이거 진짜 쪼금 무서웠구 진짜 재밌게 잘만듬.,,,,,,,,
1334,저는 정말 무섭고 재밌게 봤어요,,,,,,,,
1335,짜릿한 공포의 묘미…이영화를 보면 알수있을거다.,,,,,,,,
1336,공포보다는 종교적색채가 강하다. 개개인의 신앙에 따라 다른느낌을 받을듯..,,,,,,,,
1337,전문가 평점이 때론 정답~ 지겹고,,,,,,,,
1338,오잉..이제 페이크공포물 질렸나,,,,,,,,
1339,보기싫었는데….진짜 괜히봤다는 생각이 든다..나 혼자산단말야……,,,,,,,,
1340,아 진짜 다큐멘터리같잖아,,,,,,,,
1341,결말이 허무한줄알았으나 곱씹어 생각해보니 음...좋은 작품인거같애,,,,,,,,
1342,배우들의 연기가 괜찮았다,,,,,,,,
1343,긴박한 상황과 반전이 기가막힌다.,,,,,,,,
1344,실화라는 생각이 막 들어서 더 무섭다,,,,,,,,
1345,왠간한 잔인한거.. 귀신등등 무섭게 본적없던 내가 주변을 둘러보며 봤던영화 첨..ㅜㅜ,,,,,,,,
1346,솔직히 난 무서운거 잘 안타는데 이거 진짜 쪼금 무서웠구 진짜 재밌게 잘만듬.,,,,,,,,
1347,엑소시시트시리즈중 단연 으뜸이다.,,,,,,,,
1348,진짜 심신미약한사람은 보지않았으면 좋겠다…,,,,,,,,
1349,와진짜잼없어ㅎ답답하고잼없고 여태엑소시스트 엑소시즘다봤는데일케잼없긴첨이다ㅡㅡ,,,,,,,,
1350,올만에온가족이함께봄어머니주무심중간에2명나감영화보면서돈시간아깝다는생각처음함,,,,,,,,
1351,진짜 계속 보면서 흥미진진했어요,,,,,,,,
1352,혼자 보고 잠을 못자고 있다,,,,,,,,
1353,짜임새있고 연출력 좋고 배우들 실감나는 연기 좋네요,,,,,,,,
1354,대박 재밌음 이런건 극장에서 봐야지.,,,,,,,,
1355,기분이 매우 나쁜 공포감,,,,,,,,
1356,공포영화중 엑소시스트시리즈가 최고죠,,,,,,,,
1357,시작하자마자 밀려오는 긴장감,,,,,,,,
1358,전혀 지루하지않고 나올때 시원~하게 나올수있다. 참 잘만들었네…,,,,,,,,
1359,공포라기보단 다큐멘터리..ㅋㅋ 그래서 더 무서움,,,,,,,,
1360,여지껏 봤던 엑소시스트 시리즈중에 최강이다..,,,,,,,,
1361,심야에 보시라,,,,,,,,
1362,아 진짜 제대로 낚시 영화 ㅡㅡ,,,,,,,,
1363,꿈에 나올까봐 무섭다,,,,,,,,
1364,영화자주보는뎅... 간만에.. 보고 돈아깝다는 생각이..ㅠ_ㅠ;,,,,,,,,
1365,공포영화인데 이거 너무 사실적인 영화 그래서 더무서움…,,,,,,,,
1366,어설프게 놀래키려는 다른영화랑 다름.,,,,,,,,
1367,끝이 좀 허무한듯하지만 난 진짜 등이 다젖어가면서 봤음 ㅋ,,,,,,,,
1368,잠시도 긴장감을 늦출수없다.,,,,,,,,
1369,진짜 허접 공포영화 감독들 이거보고 좀 느끼시길…,,,,,,,,
1370,기대를 져버리지 않을것이다,,,,,,,,
1371,엄습하는 심리적 공포,,,,,,,,
1372,TV다큐채널느낌…안무서울거같다가 결국은 관객의 혼을,,,,,,,,
1373,허를 찌르는 공포를 느꼈다,,,,,,,,
1374,여자애가 아크로바틱했나? 진짜 유연함. 아 무서워서 혼났네요,,,,,,,,
1375,말이 필요없다. 용기있는 사람만 보시오.,,,,,,,,
1376,간만에 진짜 공포영화다운 영화보네요,,,,,,,,
1377,공포영화답지않게 굉장히 리얼하고 신선한,,,,,,,,
1378,스토리적으로 조금 미흡하긴 하지만 아주 참신하고 흡인력있었다.,,,,,,,,
1379,꽤 무서웠어요,,,,,,,,
1380,오락영화를 원했다면 1점 이겠지만......,,,,,,,,
1381,내가 여지껏 봤던 공포영화중에 최고의 공포를 안겨준 영화..,,,,,,,,
1382,이런영화는다시없을꺼같다  아주좋은영화 돈주고 꼭볼만한 영화 꼭보세요,,,,,,,,
1383,외국영화도 알바쓰냐 이제 ㅜㅜ 배급사 홍보팀 가만안둔다 진짜ㅜㅜ,,,,,,,,
1384,포스터의 허리꺽는게 전부인 영화.이게 무슨 박스오피스1위야 ㅡ.ㅡ 아~ 시간아까워~,,,,,,,,
1385,굉장한 막장영화입니다~ 이런걸 극장에서 돈주고 보면 절대 안됩니다.,,,,,,,,
1386,전반적으로 재미있었으나 마지막에 너무 갑자기 마무리하는 느낌이 아쉬웠다,,,,,,,,
1387,이거짱재밌으니까꼭보러가세요ㅋ제친구가재밌다고보자고해서오늘 봤는데ㅋ짱재밌어요,,,,,,,,
1388,시도는 좋았으니 ..뭔가 영..-_-,,,,,,,,
1389,돈아까운 영화다.  짜증나는 영화였습니다. 화면도  어지러워서 ㅡ ㅡ 하나도 안무서,,,,,,,,
1390,무서운부분은 있긴있지만 진짜 조금이고 너무 짧은듯..,,,,,,,,
1391,허리꺽을때 내 심장도 멎을뻔…,,,,,,,,
1392,스토리도 좋고 역시 마지막이 깜놀이네염,,,,,,,,
1393,우두두두두두둑 우두두두두둑 소리 완전 무서웠음,,,,,,,,
1394,공포영화? 아니 그이상의 짜릿함!,,,,,,,,
1395,마치 사실에 기초한듯한 착각을 불러일으킨다.,,,,,,,,
1396,일본 공포물보다 한수위인 영화,,,,,,,,
1397,재밌어요 뒷부분이 놀래키네요 ㅋㅋ,,,,,,,,
1398,다큐라는게 크게 한몫했음.,,,,,,,,
1399,정말별로던데... 무서운장면은 예고편이 다임,,,,,,,,
1400,초반 지루.. 중반~후반 몰입감 괜찮음...,,,,,,,,
1401,공포영화좋아하는분에게 추천합니다.,,,,,,,,
1402,진짜 아직도 의문이 남음,,,,,,,,
1403,후반으로 갈수록 디진다 진짜 정신 바짝 차리고 봐라,,,,,,,,
1404,16세의 소녀... 무서워죽는줄알았네ㅠ 질질쌉니다.,,,,,,,,
1405,무서워서 고개 돌리고 봤다. 쩝..,,,,,,,,
1406,내가살면서이렇게재미없는공포영화첨봄....폐가가헐배나음..,,,,,,,,
1407,공포영화를 두루 섭렵한 사람으로써 단연 수작으로 꼽고싶은 영화다.,,,,,,,,
1408,소름끼칠정도로 무섭다. 마음의 준비를 하고 보시길.,,,,,,,,
1409,언제봐도 무서운 엑소시스트,,,,,,,,
1410,공포는 몫. 긴장은 필수,,,,,,,,
1411,내가 진짜 영화볼줄모르지만 이건 아니에요 알바들말 믿지마세요,,,,,,,,
1412,정말 한숨밖에 안나오네요. ㅡㅡ;;,,,,,,,,
1413,처음엔 이게끝?이런 생각이었지만 시간이 지나니 이해가 되네요,,,,,,,,
1414,지루햇다.마지막도허무햇고,,,,,,,,
1415,이런 영화는 블레어 윗치에서 끝났어야 했다.,,,,,,,,
1416,악마의 탄생? 그다지..;;,,,,,,,,
1417,짱무섭다,,,,,,,,
1418,개인적으로 이런식의 영화구성 맘에 듭니다.,,,,,,,,
1419,이런류의 공포물은 첨이었다. 좋은 스토리가 인상적이었다.,,,,,,,,
1420,초반에는 스토리에 몰입이 되자않았으나 중반부터 대박이네요.,,,,,,,,
1421,호러영화나 고어적인것을 기대하면 오산. 비주얼보다 영화흐름에 집중해보세요.,,,,,,,,
1422,기대보다 훨씬 잘만든 영화.,,,,,,,,
1423,사람의 어두운 본능을 잘 살린듯,,,,,,,,
1424,식상하지않고 완급조절이 좋다,,,,,,,,
1425,공포영화는 무조건 잔인해야재밌다는 편견을 깼다. 너무 재밌게 봤다.,,,,,,,,
1426,영적세계에 대해서 다시 생각해보게한 영화,,,,,,,,
1427,일단 공포는 무서워야 제맛.,,,,,,,,
1428,끝부분이 정말 좋았다. 첨엔 좀 지루한감이 없지않아 있었지만.,,,,,,,,
1429,괜찬네요. 공포영화가 깔끔하고 세련된 느낌을 줄수도 있네요…,,,,,,,,
1430,허리꺽기가 테크노..ㅋㅋㅋㅋ 근데 주온 허리꺽기보단 나았다 ㅎㅎ,,,,,,,,
1431,전무후무란 이런 영화를 두고……귀신이 안튀어나와도 이렇게 무서운 영화가 있다……,,,,,,,,
1432,진짜 무서워서 혼났다.,,,,,,,,
1433,이런식으로 공포영화에 접근할생각을 하다니…감독 누구심? 암튼 대박무서웠다.,,,,,,,,
1434,완전 낚인 영화.. 무슨 평화티비 보는줄 알았음,,,,,,,,
1435,진짜 기대안하고 봤는데 진짜 깜놀,,,,,,,,
1436,제 나름 정말 재밌었던거 같네여,,,,,,,,
1437,진정한 공포~ 많은것을 생각하게 하는 영화,,,,,,,,
1438,심도있게 진행되는 상황전개그리고 리얼한 연기,,,,,,,,
1439,재밌게 잘봄 ^-^,,,,,,,,
1440,첨엔 스토리가 뭐 이러나 했는데 공포심유발하는데 기폭제역할을한거였다.,,,,,,,,
1441,여자애 불쌍하다,,,,,,,,
1442,영화 자체가 무섭다.,,,,,,,,
1443,나의 몇안되는 최고의 공포영화,,,,,,,,
1444,흥미진진하고 늦은밤에봐서 더 재밌었음.,,,,,,,,
1445,고양이때 깜놀했음 ..,,,,,,,,
1446,긴장감을 놓칠 수 없는 짜임새 있는 전개! 파라노말액티비티2 이후 최고의 공포영화.,,,,,,,,
1447,재밌는데 왜 이렇게 평점이 낮은건지 - 참..,,,,,,,,
1448,저 이거 무서웠어요 심리적 공포 짱,,,,,,,,
1449,우악스런 공포보다는 자연스럽게 조여오는 긴장감이 좋았다.,,,,,,,,
1450,움찔움찔 놀라는 맛이 아주 좋아요,,,,,,,,
1451,신선한 소재. 꽤괜찮지만 결론이 애매함,,,,,,,,
1452,역시 극장에서 보는 공포영화의 참맛이란,,,,,,,,
1453,극장에 혼자가서 보삼. 긴장감 쩔고 마지막에 뒈짐 ㅋ,,,,,,,,
1454,ㄴ이거볼려면 저믿고  dvd로 보셈 보고 나서 내가 왜 이런 평점 남긴줄알꺼임,,,,,,,,
1455,공포도 있고 리얼리티가 살아있는 공포,,,,,,,,
1456,교회의 일부 이상한 분들이 봤으면 좋겠음.;,,,,,,,,
1457,복잡하지않고 진짜 나 이런가게 좋다.,,,,,,,,
1458,진짜 배우들 연기 진짜같다,,,,,,,,
1459,저는 정말 지겹고 지루하고 재미없었어요...허허,,,,,,,,
1460,영화시작5분후 입장 아무도 없는 관람석 완전감동..,,,,,,,,
1461,상당히 리얼하고 치열한 공포,,,,,,,,
1462,아 입찢어졌을때 징그러워서 혼났네,,,,,,,,
1463,나를 정말 후덜덜하게 떨게 만든 공포영화..,,,,,,,,
1464,긴박감있는 진행. 짜임새있는 스토리.,,,,,,,,
1465,굿굿굿 ㅋㅋㅋㅋ,,,,,,,,
1466,너무 재밌네요 저혼자 당할순없죠^^ㅋㅋㅋㅋㅋㅋㅋ,,,,,,,,
1467,왜그럼.. 볼만한데 ㅋㅋ,,,,,,,,
1468,진짜 5점이상주는건 아님 ㅡㅡ 진짜 병맛영화.. OOO했음 아나,,,,,,,,
1469,예고편 보다 재미있음.. 페이크 지만 나름 몰입해서 봄.. 마지막은 정말 황당,,,,,,,,
1470,결말이사이비종교애기라니 그것도 엉성한결말 제목이아까움,,,,,,,,
1471,사탄은 정말 좀 오바였음..;;;,,,,,,,,
1472,영화를 볼대 포인트를 놓치지 마세요 마지막이 허무할수 있으니,,,,,,,,
1473,오오오오,,,,,,,,
1474,집사람이랑 같이 봤는데 집사람 가위눌림,,,,,,,,
1475,그다지..잠이쏟아지고..영화만들다말고밥먹으러갓나..?,,,,,,,,
1476,사이비 엑소시즘을 다룬 영화 내입에서 처음으로 쉬래기란 소리가 나옴,,,,,,,,
1477,이거주기도아까워 10개준사람은 뭘본거?,,,,,,,,
1478,무서워서 죽는줄알았다.,,,,,,,,
1479,혼자봤는데 장난 아님,,,,,,,,
1480,세심하게 구성된 리얼리티공포물.,,,,,,,,
1481,공포의 근원을 잘파악한…어찌보면 감독이 천재인듯,,,,,,,,
1482,좀 어지러웠지만 그덕에 엄청실감났음,,,,,,,,
1483,마무리가 쩌네요. 소름돋았는데,,,,,,,,
1484,간만에 만나는 심리호러의 진수,,,,,,,,
1485,이영화는 공포만을 보여주는게 아니었다.,,,,,,,,
1486,공포가 피부로 와닿는다.,,,,,,,,
1487,나이거 보고 불면증걸린거같다..,,,,,,,,
1488,라 내 6500원하고 시간 돌려놔라 이------들아 존나 ㅄ 영화 고사2보다 ㅄ,,,,,,,,
1489,페이크뮤비로 더 긴장되고 흥미로웠던 영화.,,,,,,,,
1490,정말 긴장하면서 봤다. 배우들 연기또한 너무 소름돋을정도,,,,,,,,
1491,독특한 소재,,,,,,,,
1492,흐미 OO 나 혼자사는데 이젠 어떻하나,,,,,,,,
1493,쩐다 OO..,,,,,,,,
1494,별 10개 준분들 보긴 본건지 의심됨,,,,,,,,
1495,공포영화 치곤 정말 무섭진 않았지만 소재가 매우 신선하여서 볼만은 했음,,,,,,,,
1496,나 이거 보고 잠을 못 잤다. 이걸 볼려면 우선 정확한 영화적 해석이 필요한것 같다.,,,,,,,,
1497,ㅡㅡ이게공포영환지 인간극장인지,,,,,,,,
1498,여운도 남고 몰입되서볼만큼 재밌었다.,,,,,,,,
1499,말이 필요없는 공포영화,,,,,,,,
1500,내가 공포영화에서 원하던 분위기,,,,,,,,
1501,왠만한 공포영화보다 훨씬 더 공포를 느끼며 봤다.,,,,,,,,
1502,신선한 소재가 무척 흥미로웠고 다큐프로같은느낌이라서 더 리얼했음..,,,,,,,,
1503,이거슨 소리로 놀래키거나 억지로 무섭게 하는 영화가 아니다,,,,,,,,
1504,하드한 공포물은 아니다. 하지만 생각을 하게 만드는 영화 간만에 본다,,,,,,,,
1505,무서운장면보다….이어지는 연이은 상황들이 긴장과 압박을 장난아니게 준다..,,,,,,,,
1506,배우들의 연기가 돋보임.,,,,,,,,
1507,엑소시즘을 토대로 접근해본 가능성에 대한 고찰,,,,,,,,
1508,엑소시스트이후 나온 오컬트 무비중 최고의 리얼리티,,,,,,,,
1509,시사회로 봤었습니다. 기존의 공포영화와 다른 독특한 경험. 강추입니다.,,,,,,,,
1510,이런게 진짜 공포 아닐까..?,,,,,,,,
1511,포스터만 볼만함............괜히 봤어....,,,,,,,,
1512,진짜 기대많이 했는데 이렇게 재미없을줄이야.... 그냥 3류영화,,,,,,,,
1513,이점수도아깝 보고나서 생각했지 집에 가서 할일은 최고의 악평을 남기는일뿐이다,,,,,,,,
1514,솔직히 재밌었음..스릴도 있고 분위기가 대박임...엑소시스트매니아라면 꼭 보세요,,,,,,,,
1515,기대가크면 실망이 큰법..차라리 에밀리로즈를 한번 더 보겠다..,,,,,,,,
1516,영화 매니아라면..솔직히 너무 뻔한스토리에 결말이 너무 ㅋㅋㅋㅋ무슨 코미디보는줄,,,,,,,,
1517,간만에 극장가서 공포영화봤다. 울면서 뛰쳐나올뻔했다..,,,,,,,,
1518,잔잔하게 무섭다 특히 마지막장면 소름,,,,,,,,
1519,귀신영화좋아하는 사람도 각오 단단히 하고봐야할듯…,,,,,,,,
1520,진정한 공포,,,,,,,,
1521,보지마,,,,,,,,
1522,알바들이 판을 치는구나... 정말 최악이다... 결말을 어떻게 이렇게 구성하지 ??,,,,,,,,
1523,이건 재미도 뛰어나고 작품성도 뛰어남,,,,,,,,
1524,극장에 혼자가서 봤는데 죽는줄알았어요,,,,,,,,
1525,좋은 발상에서 끝맺음이 쥑이네,,,,,,,,
1526,오멘보고 공포영화 다신 안본다고 맹세했는데,,,,,,,,
1527,생각할거리는 없고 그냥 그 리얼함에 푹 빠져들면 공포는 찾아온다..,,,,,,,,
1528,정말 재밌게 봤다 무섭기도 무섭지만 리얼한 상황전개가 나를 미치게했다…,,,,,,,,
1529,진짜 돈아깝ㄷ ㅏ  에효~ㅋㅋㅋㅋㅋㅋ이게공포영화인지,,,,,,,,
1530,각자의 취향이 있지... 난 재밌었따.,,,,,,,,
1531,솔직히 가장 무서운건 상상력아닌가? 그리고 결말 맘에듬!! 갠적으로 잼있었음~!,,,,,,,,
1532,결말도 이상하고 깜짝만놀래켜주고 머 특별하게 무서운것도없어요..,,,,,,,,
1533,사기꾼 목사.... 지금까지 본 엑소시즘 중에 최악.. 무섭긴..,,,,,,,,
1534,결말어이없는영화중제일어이없었고내용도전체적이지못하고무서운장면몇개만끼워놈,,,,,,,,
1535,그저 사라져버린 내 6000원 ㅋㅋㅋㅋㅋ,,,,,,,,
1536,아 그냥 그 종교단체 그런거자체가 꺼름칙해...................,,,,,,,,
1537,절대 혼자보지마세요ㅜ,,,,,,,,
1538,진짜 자연스럽게 무섭다.,,,,,,,,
1539,그루지같은 쓰레기 분장보다가 이거보면 식겁한다..,,,,,,,,
1540,깜짝놀래는것보다 더 무서운게 담겨있는 영화..은근 소름 공포,,,,,,,,
1541,긴장하면서 봤다…근데 끝이 잘 이해가 안간다..,,,,,,,,
1542,개념있는 공포영화,,,,,,,,
1543,엄청 재밌음. 심리적압박,,,,,,,,
1544,악마씌인 여자애 진짜 역겹다,,,,,,,,
1545,공포장르를 새롭게 해석한 감독의 능력이 놀랍다.,,,,,,,,
1546,리얼리즘을 바탕에 둔 탄탄하게 짜여진 공포영화. 잘 만들었다.,,,,,,,,
1547,심리적으로 조여오는 긴장감 최고. 마지막에 되돌아갈때 진짜 똥쌀뻔,,,,,,,,
1548,깔끔한 정리는 아니었지만 과정이 엄청 좋았다.,,,,,,,,
1549,이건 재밌는 영화라고할수없다.,,,,,,,,
1550,그저그런 영화일거라는 내편견을 깨는 영화,,,,,,,,
1551,1인칭 영화 매니아로써 크게 실망... 진짜 예고편이 다임ㅡㅡ 내용도 유치함;,,,,,,,,
1552,나만 낚일수 없지.... 거지같은 전개,,,,,,,,
1553,무서워ㅜㅜ.....꿈에나왔다,,,,,,,,
1554,최고 쓰래기 영화 ㅡㅡ 진짜 실망이다 억지로 짜맞추기 바쁜 에혀.,,,,,,,,
1555,재밌는데 이해가 잘안됌,,,,,,,,
1556,명품 공포다큐멘터리,,,,,,,,
1557,뭔가 다른 공포영화 후유증 오래감.,,,,,,,,
1558,마지막까지 흥미진진,,,,,,,,
1559,귀신이 나오거나 그런건 아니지만 뭔지모를 공포감이 있어 좋았다.,,,,,,,,
1560,무섭다…ㅡ ㅡ 이거 꼭 실화같다.,,,,,,,,
1561,알수없는 공포의 리얼.,,,,,,,,
1562,혼자보면 무슨일이 생길지도 모른다.,,,,,,,,
1563,헐 진짜 미치도록 무서운 영화다 아나 오늘 잠못자겠다.,,,,,,,,
1564,공포영화좋아하는사람들에게 적극추천~,,,,,,,,
1565,소리와 자극적인 비주얼로만 놀래키려던 호러감독들은 각성하라.,,,,,,,,
1566,정말 사탄은 있을수도있다 그런 생각이 든다,,,,,,,,
1567,기독교인들은 한번쯤 볼만한 영화 실화같은데 이거…..,,,,,,,,
1568,공포영화에 많이 무뎌져있었는데 오랜만에 오싹오싹하게 만든 영화임.,,,,,,,,
1569,무서움 ㅇㅇ,,,,,,,,
1570,표현이 보기드물게 세련된 공포영화,,,,,,,,
1571,보는내내 긴장긴장긴장,,,,,,,,
1572,결말 개찜찜,,,,,,,,
1573,섬뜩하고 소름끼치는 영화,,,,,,,,
1574,공포영화 잘만드는 일본보다 훨씬 퀄리티있는 공포물이 탄생했다.,,,,,,,,
1575,진짜 이말이 딱임.-기대안하고봤는데 정말 대박,,,,,,,,
1576,현실을 제대로 반영했기에 더욱더 무서울수밖에 없었던,,,,,,,,
1577,공포물의 정석.,,,,,,,,
1578,공포영화답지않은 탄탄한 스토리입니다.,,,,,,,,
1579,보이지않는 무언가로부터 느끼는 공포,,,,,,,,
1580,알바분들 글좋게올리지마여 저 어제봤는데 이런허접한영화 처음봄,,,,,,,,
1581,제가봣던공포영화중제일허무하고재미없엇던영화,,,,,,,,
1582,분위기 조성을 잘 살린 영화.,,,,,,,,
1583,배우들의 자연스러운 연기가 볼만하네요,,,,,,,,
1584,여배우의 연기가 너무 리얼함 하나도 어색하지가 않아..덜덜덜,,,,,,,,
1585,오랜만에 정말 무서웠다 배우들의 호연이 돋보임.,,,,,,,,
1586,이거 괜찮은 영화던데 엑소시스트 시리즈중 가장 재밌었음,,,,,,,,
1587,일련의 사건들로 인해 변화하는 목사의 신념이 관전포인트!,,,,,,,,
1588,대박재미없음 진짜 돈아까움. 올해에서 본 영화중 최악임 ㅡㅡ,,,,,,,,
1589,엑소시즘으로 유혹,,,,,,,,
1590,이 영화끝나자마자 다들 탄식한다 .........................,,,,,,,,
1591,원래 공포영화 시시한데 이건 아니네요…재밋어용~,,,,,,,,
1592,조여오는 압박감으로 인한 공포가 무엇인지 이영화를 통해 느낄수있을것.,,,,,,,,
1593,역대 공포물중 가장 무서웠음,,,,,,,,
1594,허리꺾기 대박. 보면 헉소리나와요,,,,,,,,
1595,너무 재미있게 봤어요…보는 내내 엄청 쫄렸어요,,,,,,,,
1596,이런식의 소재도 이영화의 개성중 하나아닐까?,,,,,,,,
1597,친구한테우겨서봣는데진짜미안하다..엿같고 저질에 결말도 걍싸이코들 1점도아깝,,,,,,,,
1598,이걸 영화라고 보러간 내가 미쳤지;; 평점은 위대하고 나는 관대하다~,,,,,,,,
1599,밍밍해 밍밍해,,,,,,,,
1600,기존의 이야기식 공포에서 탈피..리얼공포!!,,,,,,,,
1601,공포장르를 새롭게 해석한 감독의 능력이 놀랍다.,,,,,,,,
1602,초반엔 좀 재미없는데 후반갈수록 재밌음,,,,,,,,
1603,좋은결말아니었음..스릴있긴한데잔인하거나무섭지않음..보고나면머리가많이아픔,,,,,,,,
1604,별 하나도 아깝다. 영화 끝나고 다들 탄식하던...,,,,,,,,
1605,그저 평볌한 공포영화인데... 오히려 엑소시스트 아류중에선 별로인듯.,,,,,,,,
1606,좋은 발상에서 끝맺음이 쥑이네,,,,,,,,
1607,흥미진진하고 늦은밤에봐서 더 재밌었음.,,,,,,,,
1608,진짜 더럽고 메스꺼움... 역겹다 라는 생각밖에 안들음. 내 눈이 불쌍함.,,,,,,,,
1609,배우들의 연기가 괜찮았다,,,,,,,,
1610,완전 긴장하면서 봤는데..진짜 마무리 좋다.,,,,,,,,
1611,임산부나 노약자는 삼가해주시길,,,,,,,,
1612,집사람이랑 같이 봤는데 집사람 가위눌림,,,,,,,,
1613,소리와 자극적인 비주얼로만 놀래키려던 호러감독들은 각성하라.,,,,,,,,
1614,흔해빠진 공포영호와는 좀 다르다.,,,,,,,,
1615,개념있는 공포영화,,,,,,,,
1616,진짜 심신미약한사람은 보지않았으면 좋겠다…,,,,,,,,
1617,마무리가 쩌네요. 소름돋았는데,,,,,,,,
1618,여지까지 영화보면서 평점리스트란걸 쓴 적이없는데... 열받아서 쓰는영화 별점 0,,,,,,,,
1619,10점 준 사람들은 뭐죠? 알바?,,,,,,,,
1620,뭔가 새로운걸 시도하려했으나 그냥 난잡하기만 했네요,,,,,,,,
1621,긴장하면서 봤다…근데 끝이 잘 이해가 안간다..,,,,,,,,
1622,뭔가 개운하지못하지만 무섭긴 최고다 진짜.,,,,,,,,
1623,이건 재미도 뛰어나고 작품성도 뛰어남,,,,,,,,
1624,여자애가 아크로바틱했나? 진짜 유연함. 아 무서워서 혼났네요,,,,,,,,
1625,짜임새있고 연출력 좋고 배우들 실감나는 연기 좋네요,,,,,,,,
1626,제 나름 정말 재밌었던거 같네여,,,,,,,,
1627,사람의 어두운 본능을 잘 살린듯,,,,,,,,
1628,긴박감있는 진행. 짜임새있는 스토리.,,,,,,,,
1629,진짜 계속 보면서 흥미진진했어요,,,,,,,,
1630,공포영화 보통 시시한데 이건 내용이 알차고 긴장감돌고 좋았아요,,,,,,,,
1631,극장에 혼자가서 보삼. 긴장감 쩔고 마지막에 뒈짐 ㅋ,,,,,,,,
1632,평점 10점은 사람들 낚으려는건지?? 알바들 인지..?? 진짜 잼없음,,,,,,,,
1633,조여오는 압박감으로 인한 공포가 무엇인지 이영화를 통해 느낄수있을것.,,,,,,,,
1634,공포영화답지않은 탄탄한 스토리입니다.,,,,,,,,
1635,초쓰래기영화 백원주고보는것도아깝다 캬악퉤 다니엘스탬OO새끼,,,,,,,,
1636,우악스런 공포보다는 자연스럽게 조여오는 긴장감이 좋았다.,,,,,,,,
1637,포스터 뒷면의 '파라노말액티비티'라는 문구에 낚여 봤는데 이건뭐 거지같은...,,,,,,,,
1638,배우들의 자연스러운 연기가 볼만하네요,,,,,,,,
1639,공포영화? 아니 그이상의 짜릿함!,,,,,,,,
1640,소재와 연기 모두 잘살린 영화,,,,,,,,
1641,감독은 사람을 낚는법을 아네요 ㅎㅎ  시간없고 할짓없을때 보면 좋은 영화,,,,,,,,
1642,하나도 안무서웠고,,,,,,,,
1643,결말이 허무한줄알았으나 곱씹어 생각해보니 음...좋은 작품인거같애,,,,,,,,
1644,이래서 동양 공포영화는 서양의 공포물을 못따라오는거같다,,,,,,,,
1645,마치 사실에 기초한듯한 착각을 불러일으킨다.,,,,,,,,
1646,공포보다는 종교적색채가 강하다. 개개인의 신앙에 따라 다른느낌을 받을듯..,,,,,,,,
1647,혼자봤는데 장난 아님,,,,,,,,
1648,오랜만에 공포영화가 무서웠다,,,,,,,,
1649,재밌어요 뒷부분이 놀래키네요 ㅋㅋ,,,,,,,,
1650,아발람????????????????????????개똥이라그래라,,,,,,,,
1651,내용면은 괜찬지만 예고편에 나오는장면은역시 낚시질?.ㅋㅋ,,,,,,,,
1652,마지막 한순간까지 더 센 게 나오겠지 기대하며 봤지만 이건뭐...,,,,,,,,
1653,심리호러는 좋았지만 공포는 글쎄..,,,,,,,,
1654,공포가 피부로 와닿는다.,,,,,,,,
1655,OO 보지마라 별 반개도 아깝다,,,,,,,,
1656,몰입감이 상당하군요 왜 내가슴이 졸이냐;;;,,,,,,,,
1657,난 원래부터가 악마를 믿는 주의!!,,,,,,,,
1658,이정도 공포는 이젠 나에겐 껌이징!,,,,,,,,
1659,어떻게 이게 안무서울수가 있는거지...,,,,,,,,
1660,그냥 그랬음 무서웠다는건 알바가 쓴글이 아닐지...,,,,,,,,
1661,난 재밌던데,,,,,,,,
1662,깜짝놀래는것보다 더 무서운게 담겨있는 영화..은근 소름 공포,,,,,,,,
1663,여지껏 봤던 엑소시스트 시리즈중에 최강이다..,,,,,,,,
1664,심리적으로 조여오는 긴장감 최고. 마지막에 되돌아갈때 진짜 똥쌀뻔,,,,,,,,
1665,이거 괜찮은 영화던데 엑소시스트 시리즈중 가장 재밌었음,,,,,,,,
1666,여자애 불쌍하다,,,,,,,,
1667,소름끼칠정도로 무섭다. 마음의 준비를 하고 보시길.,,,,,,,,
1668,재밌게 잘봄 ^-^,,,,,,,,
1669,명품 공포다큐멘터리,,,,,,,,
1670,허리꺽을때 내 심장도 멎을뻔…,,,,,,,,
1671,허리꺾기 대박. 보면 헉소리나와요,,,,,,,,
1672,대박 재밌음 이런건 극장에서 봐야지.,,,,,,,,
1673,좀 어지러웠지만 그덕에 엄청실감났음,,,,,,,,
1674,잠시도 긴장감을 늦출수없다.,,,,,,,,
1675,엑소시스트이후 나온 오컬트 무비중 최고의 리얼리티,,,,,,,,
1676,배우들의 연기가 돋보임.,,,,,,,,
1677,헐 진짜 미치도록 무서운 영화다 아나 오늘 잠못자겠다.,,,,,,,,
1678,너무 재미있게 봤어요…보는 내내 엄청 쫄렸어요,,,,,,,,
1679,간만에 만나는 심리호러의 진수,,,,,,,,
1680,아 진짜 다큐멘터리같잖아,,,,,,,,
1681,이런식의 소재도 이영화의 개성중 하나아닐까?,,,,,,,,
1682,그저그런 영화일거라는 내편견을 깨는 영화,,,,,,,,
1683,공포영화좋아하는분에게 추천합니다.,,,,,,,,
1684,긴박한 상황과 반전이 기가막힌다.,,,,,,,,
1685,괜찬네요. 공포영화가 깔끔하고 세련된 느낌을 줄수도 있네요…,,,,,,,,
1686,식상하지않고 완급조절이 좋다,,,,,,,,
1687,여운도 남고 몰입되서볼만큼 재밌었다.,,,,,,,,
1688,추락하는 공포영화의 끝을 잡아주었다.,,,,,,,,
1689,공포영화는 무조건 잔인해야재밌다는 편견을 깼다. 너무 재밌게 봤다.,,,,,,,,
1690,스토리적으로 조금 미흡하긴 하지만 아주 참신하고 흡인력있었다.,,,,,,,,
1691,왠간한 잔인한거.. 귀신등등 무섭게 본적없던 내가 주변을 둘러보며 봤던영화 첨..ㅜㅜ,,,,,,,,
1692,교회의 일부 이상한 분들이 봤으면 좋겠음.;,,,,,,,,
1693,현실을 제대로 반영했기에 더욱더 무서울수밖에 없었던,,,,,,,,
1694,끝이 좀 허무한듯하지만 난 진짜 등이 다젖어가면서 봤음 ㅋ,,,,,,,,
1695,무슨 케이블채널에서 실화를 다룬 다큐멘터리같아서 리얼하고 긴장넘쳤다,,,,,,,,
1696,무조건 잔인하고 끔찍한것만이 공포가 아니다 이야기의 전개만으로도 공포가,,,,,,,,
1697,배우들 연기 진짜 리얼하다. 그래서 더 무섭고 실감났다,,,,,,,,
1698,공포영화로써 이정도면 굉장히 훌륭한 편이지,,,,,,,,
1699,완성되어진 잘짜여진 영화,,,,,,,,
1700,엑소시즘을 토대로 접근해본 가능성에 대한 고찰,,,,,,,,
1701,무섭고 의미있는 영화에요,,,,,,,,
1702,움찔움찔 놀라는 맛이 아주 좋아요,,,,,,,,
1703,정말,,,,,,,,
1704,신선한 소재가 무척 흥미로웠고 다큐프로같은느낌이라서 더 리얼했음..,,,,,,,,
1705,일단 공포는 무서워야 제맛.,,,,,,,,
1706,정말 긴장하면서 봤다. 배우들 연기또한 너무 소름돋을정도,,,,,,,,
1707,재미있게 보긴했는데요..이거 실화인가요?,,,,,,,,
1708,어설프게 놀래키려는 다른영화랑 다름.,,,,,,,,
1709,소재를 잘이끌어냈습니다.,,,,,,,,
1710,짝퉁 신부. 첨에 완전 맘놓게 하다가 완전 관객을 패닉으로 몰아넣는;;;;,,,,,,,,
1711,저는 정말 무섭고 재밌게 봤어요,,,,,,,,
1712,깊이있고 무거웠음. 가벼운 진행이 아니라 정말 리얼리티였음..,,,,,,,,
1713,꽤나 현실적인 공포,,,,,,,,
1714,진짜 아직도 의문이 남음,,,,,,,,
1715,섬뜩하고 소름끼치는 영화,,,,,,,,
1716,귀신이 나오거나 그런건 아니지만 뭔지모를 공포감이 있어 좋았다.,,,,,,,,
1717,다큐라는게 크게 한몫했음.,,,,,,,,
1718,실화라는 생각이 막 들어서 더 무섭다,,,,,,,,
1719,오랜만에 정말 무서웠다 배우들의 호연이 돋보임.,,,,,,,,
1720,괜찮은데? 긴장도 되고!,,,,,,,,
1721,진짜 자연스럽게 무섭다.,,,,,,,,
1722,후반으로 갈수록 디진다 진짜 정신 바짝 차리고 봐라,,,,,,,,
1723,기대를 져버리지 않을것이다,,,,,,,,
1724,이건 재밌는 영화라고할수없다.,,,,,,,,
1725,이거본날 잠못잤다. 존나 무서워…,,,,,,,,
1726,오멘보고 공포는 이제 끝이라 생각했는데 후미,,,,,,,,
1727,스토리도 좋고 역시 마지막이 깜놀이네염,,,,,,,,
1728,깔끔한 정리는 아니었지만 과정이 엄청 좋았다.,,,,,,,,
1729,16살짜리 혀놀릴땐 무섭기도했지만 섹시하기도..ㅋㅋㅋ,,,,,,,,
1730,보다가 눈 빠질 뻔 했어요,,,,,,,,
1731,순간순간 집중을 안할수없는 영화인듯..마지막엔 예상못한 반전이 대박,,,,,,,,
1732,금방 내리질않길,,,,,,,,
1733,신선한 소재. 꽤괜찮지만 결론이 애매함,,,,,,,,
1734,이영화는 공포만을 보여주는게 아니었다.,,,,,,,,
1735,정말 재밌게 봤다 무섭기도 무섭지만 리얼한 상황전개가 나를 미치게했다…,,,,,,,,
1736,이런류의 공포물은 첨이었다. 좋은 스토리가 인상적이었다.,,,,,,,,
1737,무서워서 죽는줄알았다.,,,,,,,,
1738,표현이 보기드물게 세련된 공포영화,,,,,,,,
1739,하드한 공포물은 아니다. 하지만 생각을 하게 만드는 영화 간만에 본다,,,,,,,,
1740,초반에는 스토리에 몰입이 되자않았으나 중반부터 대박이네요.,,,,,,,,
1741,새로운 장르인듯 소재가 진짜 신선했다.,,,,,,,,
1742,이거슨 소리로 놀래키거나 억지로 무섭게 하는 영화가 아니다,,,,,,,,
1743,이런게 공포지,,,,,,,,
1744,여자주인공 연기가 진짜 소름돋았어요,,,,,,,,
1745,복잡하지않고 진짜 나 이런가게 좋다.,,,,,,,,
1746,시작하자마자 밀려오는 긴장감,,,,,,,,
1747,공포영화답지않게 굉장히 리얼하고 신선한,,,,,,,,
1748,혼자 보고 잠을 못자고 있다,,,,,,,,
1749,마지막까지 흥미진진,,,,,,,,
1750,공포영화를 두루 섭렵한 사람으로써 단연 수작으로 꼽고싶은 영화다.,,,,,,,,
1751,진짜 배우들 연기 진짜같다,,,,,,,,
1752,기대보다 훨씬 잘만든 영화.,,,,,,,,
1753,진짜 이말이 딱임.-기대안하고봤는데 정말 대박,,,,,,,,
1754,간만에 진짜 공포영화다운 영화보네요,,,,,,,,
1755,독특한 소재,,,,,,,,
1756,공포라기보단 다큐멘터리..ㅋㅋ 그래서 더 무서움,,,,,,,,
1757,공포영화에 많이 무뎌져있었는데 오랜만에 오싹오싹하게 만든 영화임.,,,,,,,,
1758,상당히 리얼하고 치열한 공포,,,,,,,,
1759,그럭저럭 생각도 많이 하게 되고..괜찮은 영화인거같아요.,,,,,,,,
1760,내가 공포영화에서 원하던 분위기,,,,,,,,
1761,진짜 기대안하고 봤는데 진짜 깜놀,,,,,,,,
1762,나의 몇안되는 최고의 공포영화,,,,,,,,
1763,여배우 연기하다 실신했을듯,,,,,,,,
1764,진짜 허접 공포영화 감독들 이거보고 좀 느끼시길…,,,,,,,,
1765,공포는 몫. 긴장은 필수,,,,,,,,
1766,보이지않는 무언가로부터 느끼는 공포,,,,,,,,
1767,심도있게 진행되는 상황전개그리고 리얼한 연기,,,,,,,,
1768,새우꺽기의 기초강좌? 생각만으로도 소름이 쫙;;,,,,,,,,
1769,황인혁한테 가면 이런거 금방 치료되는데 ㅋㅋㅋㅋㅋㅋ,,,,,,,,
1770,살아숨쉬는 공포 빙의 조심하셈,,,,,,,,
1771,어느정도 긴장도 되고 약간 무섭기도 했지만,,,,,,,,
1772,너무허무.......별거없고..,,,,,,,,
1773,솔직히 난 무서운거 잘 안타는데 이거 진짜 쪼금 무서웠구 진짜 재밌게 잘만듬.,,,,,,,,
1774,솔직히 지금껏 본 동일 종류 영화중 가장 최악..(설마 댓글 지우는 알바는 없겠지?),,,,,,,,
1775,공포에 극도로 집중하게 만드네...워,,,,,,,,
1776,고사같은 공포보단 재미있음,,,,,,,,
1777,공포영화좋아하는사람들에게 적극추천~,,,,,,,,
1778,이건 휴유증이 좀 오래 가니 주의하세요-0-,,,,,,,,
1779,아 이거뭐임;;아 허무함;;,,,,,,,,
1780,페닥의 선두주자가 될것인가!!,,,,,,,,
1781,무서워죽는줄알았네ㅠ 질질쌉니다,,,,,,,,
1782,이런게 공포영화라 불리는거다 알것냐?ㅋㅋㅋ,,,,,,,,
1783,무서운거 볼려고봣지만 전혀 무섭지않고 정말안무서움  결말도 ..,,,,,,,,
1784,역대 공포물중 넌 공동 4위!!! 대단한거임,,,,,,,,
1785,파라노말보다야 볼만하네요,,,,,,,,
1786,드래그미투헬에 이은 악마ㅋㅋㅋ 내가보기엔짱이었어 굿!,,,,,,,,
1787,보는동안 내내 유사영화를 생각하지 않을 수 없었다. 1점주려다 벨의 연기력덕에 5점.,,,,,,,,
1788,이런공포류야 뭐 오래전부터 봐왔지만 우리정서와는 아직인듯...,,,,,,,,
1789,무서움을 넘어서 나를 빙의시키넹 흠...,,,,,,,,
1790,공포영화 잘만드는 일본보다 훨씬 퀄리티있는 공포물이 탄생함,,,,,,,,
1791,참 많은 공포를 안겨주는거먼,,,,,,,,
1792,무슨 결말이 이래;,,,,,,,,
1793,말이 필요 없다 구.토.유.발,,,,,,,,
1794,무서운건 둘째치고라도 기억에 진짜 오래 남네요,,,,,,,,
1795,사운드 공포가 더 압박이 었다는,,,,,,,,
1796,오랜만에 즐겼음 공포는 이래야 재미있지!!!ㅋㅋㅋ,,,,,,,,
1797,소름끼친다 제길이네 이딴영화가 있어 ;;;;;,,,,,,,,
1798,낮에보세요 밤에보면 잠못잡니다 --,,,,,,,,
1799,절 믿고 제발 보지마세요. 예고편만 무서워요. 결말은 완전 어이없음;;,,,,,,,,
1800,아진짜 뭐고 ㅠㅠ 엑소시즘 시리즈중 가장 최악,,,,,,,,
1801,영화관에서 봤는데 난 이런영화랑 코드가안맞나부다,,,,,,,,
1802,총을 들수밖에 없는 아버지의 심정 그리고 불쌍한 고양이ㅠㅠ,,,,,,,,
1803,생각할거리는 없고 그냥 그 리얼함에 푹 빠져들면 공포는 찾아옴,,,,,,,,
1804,오랫동안 잊혀지지않는 작품입니다,,,,,,,,
1805,시사회로 봤었습니다. 기존의 공포영화와 다른 독특한 경험. 강추입니다.,,,,,,,,
1806,기존의 이야기식 공포에서 탈피..리얼공포!!,,,,,,,,
1807,정말 돈이 아깝다고밖에 말못하겠네요..,,,,,,,,
1808,진짜  재미없음  진짜 보지마세요진짜 보지마세요진짜 보지마세요진짜 보지마세요,,,,,,,,
1809,좀 더 무서웠으면 좋았을텐데 페이크다큐의 느낌만 부각된것같다,,,,,,,,
1810,이번해 최고의 반전영화를 만남.. 영화가 끝날시점의 관객들의 웃음소리란..ㅎㅎ,,,,,,,,
1811,저 영화관 처음가봤는데 왜가는거에요?,,,,,,,,
1812,보는 내내.. 뭐야... 뭐야.... 뭐야...? 뭐지...? 아 이게 다 구나.... 끝,,,,,,,,
1813,이영화=개소리x개소리x개소리x개소리/예고편이 다입니다. 절대속지마세요,,,,,,,,
1814,충격.. 남는 것도 없고 무섭지도 않고 내 시간 내 돈,,,,,,,,
1815,참나 이걸 영화라 만들었나? 우베볼이 만들어도 이것보단 잘만드겠다.,,,,,,,,
1816,제 점수는요 탈락입니다,,,,,,,,
1817,사람의 어두운 본능을 잘 살린듯,,,,,,,,
1818,임산부나 노약자는 삼가해주시길,,,,,,,,
1819,간만에 만나는 심리호러의 진수,,,,,,,,
1820,말이 필요없다. 용기있는 사람만 보시오.,,,,,,,,
1821,진정한 공포로 인정합니다 또 한 3일간 잠설치겠네..,,,,,,,,
1822,겨울에 이거보니 더 춥네.. 후덜덜,,,,,,,,
1823,재미있네요 강추,,,,,,,,
1824,첨엔 스토리가 뭐 이러나 했는데 공포심유발하는데 기폭제역할을한거였다.,,,,,,,,
1825,공포장르를 새롭게 해석한 감독의 능력이 놀랍다.,,,,,,,,
1826,말이 필요없는 공포영화,,,,,,,,
1827,한시간자고일어나서 봣는데 ...아오빢침 군대가는게 훨씬잼잇을것같아요,,,,,,,,
1828,예고편 보고 여자친구랑갔는데..최악중에최악..절대비추.보지마세요.,,,,,,,,
1829,제말은진실입니다.보지마세요.최악의페이크다큐입니다.,,,,,,,,
1830,진짜 무서워서 혼났다.,,,,,,,,
1831,극장에 혼자가서 봤는데 죽는줄알았어요,,,,,,,,
1832,공포장르를 새롭게 해석한 감독의 능력이 놀랍다.,,,,,,,,
1833,상당히 리얼하고 치열한 공포,,,,,,,,
1834,와 나 진짜 무섭게 봤음.,,,,,,,,
1835,열받네요ㅡㅡ,,,,,,,,
1836,나쁘지 않은데?,,,,,,,,
1837,아놔ㅡㅡ,,,,,,,,
1838,굿,,,,,,,,
1839,나쁘지 않은 페이크 다큐. 페이크 다큐에 질리긴 한데,,,,,,,,
1840,완젼.. 개 허접.. 나는 돈내고 보진않았지만 시간이 아깝다..- -씨.팽할..;,,,,,,,,
1841,어휴 돈 아까워~!! 왠만하면 참고 보는데 절대로 보지마세요.. 내돈 돌리도~!!.,,,,,,,,
1842,진짜.. 거지같애 -_- ..........................,,,,,,,,
1843,별 반개도 아까운 쓰레기영화,,,,,,,,
1844,무엇하나 부족함이 없는 새로운 시도의 공포영화,,,,,,,,
1845,무슨 케이블채널에서 실화를 다룬 다큐멘터리같아서 리얼하고 긴장넘쳤다,,,,,,,,
1846,이건 단순한 공포영화가 아니다..,,,,,,,,
1847,꿈에 나올까봐 무섭다,,,,,,,,
1848,알바개쩌네ㅋㅋㅋ장난하나 진심 똥먹였음 개빡치네ㅋㅋ내용이 OO이야,,,,,,,,
1849,졸라 이런 그지같은 시나리오가..악마애기ㅋㅋㅋㅋ사탄의신부임?보면 개후회,,,,,,,,
1850,생각보다 괜찮았다,,,,,,,,
1851,정말 무서워요..이영화찍은 배우분들 심리상태는 괜찮나요? ㅜ,,,,,,,,
1852,전무후무란 이런 영화를 두고……귀신이 안튀어나와도 이렇게 무서운 영화가 있다……,,,,,,,,
1853,역시 극장에서 보는 공포영화의 참맛이란,,,,,,,,
1854,그루지같은 쓰레기 분장보다가 이거보면 식겁한다..,,,,,,,,
1855,이거 진짜 무서웠다..,,,,,,,,
1856,절대 혼자보지마세요ㅜ,,,,,,,,
1857,우두두두두두둑 우두두두두둑 소리 완전 무서웠음,,,,,,,,
1858,이런게 진짜 공포 아닐까..?,,,,,,,,
1859,공포영화인데 이거 너무 사실적인 영화 그래서 더무서움…,,,,,,,,
1860,저 이거 무서웠어요 심리적 공포 짱,,,,,,,,
1861,간만에 극장가서 공포영화봤다. 울면서 뛰쳐나올뻔했다..,,,,,,,,
1862,오멘보고 공포영화 다신 안본다고 맹세했는데,,,,,,,,
1863,새로운 느낌의 공포영화가 나타났다.,,,,,,,,
1864,허를 찌르는 공포를 느꼈다..,,,,,,,,
1865,내가 여지껏 봤던 공포영화중에 최고의 공포를 안겨준 영화..,,,,,,,,
1866,스카이라인 이태원살인사건과 동종 계급 의 쓸애긔 영화,,,,,,,,
1867,이건 뭐임-_-;;,,,,,,,,
1868,참나 내평생 첫 감상평을 화나면서 쓰게되네  극장에 올릴건더기도없는 비디오물,,,,,,,,
1869,긴장감은 끝내주나 막판가서 진짜 아우 폐가랑 결말이 똑같구만 페가처럼 쓰리게,,,,,,,,
1870,처음엔 좀 볼만하더니.. 마지막에 이해안되는결말. 역대 엑소시즘 영화중에 최악인듯.,,,,,,,,
1871,나서지 말고 그냥 집으로 돌아가야했음. 남겨진 아내와 아들은 불쌍해서 어떡해..,,,,,,,,
1872,보기싫었는데...진짜 괜히봤다는 생각이 든다..나 혼자산단말야..,,,,,,,,
1873,영화  rec를 보다가 이게 엑소시즘인지느끼는 구석이 조금 밖에 없었다.실망스러웠다,,,,,,,,
1874,일본 공포물보다 한수위인 영화,,,,,,,,
1875,TV다큐채널느낌...안무서울거같다가 결국은 관객의 혼을,,,,,,,,
1876,무섭긴 했지만 끝이 실망스러웠다 다큐멘터리 형식이라 영화의 느낌이 없고 지루함,,,,,,,,
1877,아 진짜 꼭보세요.. 이번에 졸업반이라 가깟으로 봤는데  _  흐흐,,,,,,,,
1878,심리적으로 조여오는 긴장감 최고. 마지막에 되돌아갈때 진짜 똥쌀뻔,,,,,,,,
1879,잠시도 긴장감을 늦출수없다.,,,,,,,,
1880,어설프게 놀래키려는 다른영화랑 다름.,,,,,,,,
1881,움찔움찔 놀라는 맛이 아주 좋아요,,,,,,,,
1882,임산부나 노약자는 삼가해주시길,,,,,,,,
1883,진짜 심신미약한사람은 보지않았으면 좋겠다…,,,,,,,,
1884,이딴 쓰래기 드레곤볼 에볼루션 이후로 처음봄...,,,,,,,,
1885,적절히 무섭고 적절히 스토리 괜춘함 마지막부분이 쫌 오바긴 하지만,,,,,,,,
1886,진짜 재미없습닏...무섭기는무슨...공포영화매니아분들은 보면 김새실듯-ㅅ-,,,,,,,,
1887,명품 공포다큐멘터리,,,,,,,,
1888,여운도 남고 몰입되서볼만큼 재밌었다.,,,,,,,,
1889,저도 알바들한테 낚여서봤음 완전 최악의 쓰레기영화 전혀 무섭지도않고 장난하냐??,,,,,,,,
1890,파라노말 액티비티 아류작. 기억나는건 맛있는 팝콘,,,,,,,,
1891,교만의 극치를 보여주는 포스터! 교만한 자를 물리치시고 겸손한자에게 은혜를!,,,,,,,,
1892,저 포스터는 그냥 유연성일뿐.. 허무해,,,,,,,,
1893,오랜만에 정말 무서웠다 배우들의 호연이 돋보임.,,,,,,,,
1894,이건 재미도 뛰어나고 작품성도 뛰어남,,,,,,,,
1895,뭔가 개운하지못하지만 무섭긴 최고다 진짜.,,,,,,,,
1896,이런게 공포지,,,,,,,,
1897,표현이 보기드물게 세련된 공포영화,,,,,,,,
1898,혼자봤는데 장난 아님,,,,,,,,
1899,공포영화답지않은 탄탄한 스토리입니다.,,,,,,,,
1900,배우들의 연기가 돋보임.,,,,,,,,
1901,긴박한 상황과 반전이 기가막힌다.,,,,,,,,
1902,그냥 그럼... 별로 추천하고 싶지는...,,,,,,,,
1903,졸라 지루하던데 뭐가재밌다는거지 다 알바인가,,,,,,,,
1904,역시 개봉 첫주는 알바가 대세...,,,,,,,,
1905,섬뜩하고 소름끼치는 영화,,,,,,,,
1906,배우들 연기 진짜 리얼하다. 그래서 더 무섭고 실감났다,,,,,,,,
1907,진짜 아직도 의문이 남음...ㅠㅠ,,,,,,,,
1908,왜이럽니까,,,,,,,,
1909,아 이것도주기아까움ㅋㅋㅋㅋㅋㅋㅋㅋㅋ이거뭐? 다큐멘터리?,,,,,,,,
1910,진짜 재미없고 돈 아깝고 허무하고,,,,,,,,
1911,시간가는줄도 모르고 정말 재밌었음,,,,,,,,
1912,마무리가 쩌네요. 소름돋았는데,,,,,,,,
1913,이런식의 소재도 이영화의 개성중 하나아닐까?,,,,,,,,
1914,무섭고 의미있는 영화에요,,,,,,,,
1915,끝이 좀 허무한듯하지만 난 진짜 등이 다젖어가면서 봤음 ㅋ,,,,,,,,
1916,오랜만에 공포영화가 무서웠다,,,,,,,,
1917,세심하게 구성된 리얼리티공포물.,,,,,,,,
1918,간만에 만나는 심리호러의 진수,,,,,,,,
1919,이래서 동양 공포영화는 서양의 공포물을 못따라오는거같다,,,,,,,,
1920,살짝 부족한감이 있지만;;,,,,,,,,
1921,다음에 더잘하라는뜻으로 만점주고 갑니다,,,,,,,,
1922,실제이야기라고하던대 진짠가?,,,,,,,,
1923,오오;;;; 내가보고서도 믿기지않을정도로 신기하네;,,,,,,,,
1924,신을 믿는다면 악마도 믿어야한다,,,,,,,,
1925,굿~~~대박~~~은 아지만...그래도뭐 ㅎ,,,,,,,,
1926,결말은 역시나 뭔가햇지만 전체적인 스토리구성은 굿뜨!],,,,,,,,
1927,나름대로 공포영화중에선 제일 볼만햇네요,,,,,,,,
1928,롯데시네마에서 재미있게보고왓습니다 ^^,,,,,,,,
1929,정말평점알바썼네영화7점이상준사람아이디눌러보면이영화면평점달았음난봤음최악임,,,,,,,,
1930,진짜본사람이댓글평점단거몇명이나되려나평점보고봤다가낚시질에낚였다는생각만듬최악,,,,,,,,
1931,결말이없고 무섭지도않고 그냥 효과음으로 사람 놀레게하네,,,,,,,,
1932,엑소시스트와는 다른.. 마지막 장면까지 허무함..,,,,,,,,
1933,처음부터 끝까지 별로임,,,,,,,,
1934,2%부족하긴햇지만 그래도 전체적으로는 좋움,,,,,,,,
1935,완전 재미있게 보고왔습니다 ~~~,,,,,,,,
1936,이게 실화라매? 한번 보러가긴가야대는대...ㅠㅠ,,,,,,,,
1937,나는 재미있게봣음,,,,,,,,
1938,다좋은대 결말이 살짝아쉽네,,,,,,,,
1939,스릴러는 역시 내취향,,,,,,,,
1940,오우 서프라이즈!!!,,,,,,,,
1941,지금까지본영화중제일최악!긴장감따위전혀없어!보다가다들나가버림,,,,,,,,
1942,에라이,,,,,,,,
1943,현장에 내가 직접 있는듯한 공포감 조성이 참 좋았던거 같습니다.,,,,,,,,
1944,페이크다큐의 요소가 적절하게 잘 사용된,,,,,,,,
1945,극도의 긴장감을 느끼고 싶다면 추천해 드립니다.,,,,,,,,
1946,파라노말이후 페이크다큐가 너무 좋아졌다,,,,,,,,
1947,돈아까워-ㅅ- 밑에님 용산고인듯?ㅋㅋ,,,,,,,,
1948,단체로 가서 봤는데 끝나고 온갖 욕설,,,,,,,,
1949,난만에 머리 서는 느낌 받음.. 인정,,,,,,,,
1950,이거 실화인가요? 흐미 장난 아니게 무섭네요,,,,,,,,
1951,정말 저렇게 비의가 들릴수 있는건가;;;,,,,,,,,
1952,ㅆ.. 무섭음의 극치를 보여주네,,,,,,,,
1953,아 ㅅㅂ 0점은 없는거냐 무섭긴 얼어죽을.. 그냥 쓰레기. 내가 본 영화 중 최악,,,,,,,,
1954,알바 쩝니다.. 진짜 재밌을 줄 알고 봤는데 잘 흘러가다 갑자기 스토리 막장되고...,,,,,,,,
1955,이영화모냐? 왜 이따구냐고!!! 공포감 정말 ...아;;;,,,,,,,,
1956,참신한 소재인데요? 내가 접하질 못했나? 아무튼 끝내주게 무섭네요,,,,,,,,
1957,뇌리에 팍팍 남네... 제길 잠설쳤네..,,,,,,,,
1958,알바한테 속지맙시자... 에혀 내 돈,,,,,,,,
1959,공포 영화의 끝 꼭 보세요 ,,,,,,,,
1960,햄넣고 소세지넣고  당면넣고 치즈 넣고 당면넣고 잘끓이다가 콜라를 쏟은 부대찌개,,,,,,,,
1961,밑에분 웃기내 ㅋㅋ 이영화가 언제부터 로맨스 코미디 였다는건지?,,,,,,,,
1962,올해 로맨스 코미디 영화중 최고봉 인듯.. 결말도 열린결말 ^^ 돈이 너무 안아까워요,,,,,,,,
1963,완전 재미없음 돈아까움ㅡㅡ,,,,,,,,
1964,이런 영화류를 좋아하다 보니 조금 아쉬운게 있긴하지만 영화는 볼만해요,,,,,,,,
1965,괜히 해외 박스오피스 1위를 한게 아니네욘 너무 무셔워썽!!,,,,,,,,
1966,저 해맑은 얼굴을 아주 엉망으로 만들어 놨어 ㅠㅠ,,,,,,,,
1967,메인 포스터만 봐더 개쩌넹;;;;,,,,,,,,
1968,영화끝나고 다들 뭐야? 이런 반응?,,,,,,,,
1969,오쉣!!! 실제 사건인가~.~완전 무섭네여;;;,,,,,,,,
1970,이거 보면서 느낀게 악마가 실제로 존재한듯한 느낌을 받았네요,,,,,,,,
1971,웜매 리얼다큐 공포가 요새 트랜드갑네,,,,,,,,
1972,이영화가 7.42라고? 알바생많네 진짜 개드립걔쩌는영화 보다웃음,,,,,,,,
1973,뭔가 다른 공포영회후유증 오래감,,,,,,,,
1974,기대를 많이해서 모르겠지만 솔직히 너무 실망 많이한 영화입니다,,,,,,,,
1975,기대도 안했는데...진~~~~~~~~~~~짜루 완전 완전 무서웠다 대박!!!!!,,,,,,,,
1976,중간부터 분위기 좋았는데 전개가 지루했네요..,,,,,,,,
1977,오랜만에 괜찮은 공포영화 나왓네요!!,,,,,,,,
1978,극한의 공포,,,,,,,,
1979,목사 진짜 웃겼는데ㅋㅋ 사이비 목사 아ㅋㅋ 여자애도 이쁘고 순수하구 청순함.,,,,,,,,
1980,여자애가 아크로바틱했나? 진짜 유연함. 아 무서워서 혼났네요,,,,,,,,
1981,좀 어지러웠지만 그덕에 엄청실감나서 뒈지는줄알았음.,,,,,,,,
1982,집사람이랑 같이 봤는데 집사람 가위눌림  진짜 이거 수작이네 ㅋㅋㅋㅋㅋㅋㅋ,,,,,,,,
1983,복잡하지않고 진짜 나 감독이 맘에 든다 ㅎ,,,,,,,,
1984,엑소시즘을 토대로 접근해본 가능성에 대한 고찰,,,,,,,,
1985,하드한 공포물은 아니다. 하지만 생각을 하게 만드는 영화 간만에 본다 잔짜,,,,,,,,
1986,이거 얼마나 무섭겠어..하고 봤는데 등이 흥건ㅜㅜ,,,,,,,,
1987,신인들을 써서 극에 좀더 잘몰입할수있었던거같다.,,,,,,,,
1988,야 이건 진짜 3D로 봐야~~~~,,,,,,,,
1989,말이 필요없다. 용기있는 사람만 보시오.,,,,,,,,
1990,엑소시시트시리즈중 단연 으뜸이다.,,,,,,,,
1991,영적세계에 대해서 다시 생각해보게한 영화,,,,,,,,
1992,기존의 이야기식 공포에서 탈피..리얼공포!!,,,,,,,,
1993,생각할거리는 없고 그냥 그 리얼함에 푹 빠져들면 공포는 찾아온다..,,,,,,,,
1994,허리꺽기가 테크노..ㅋㅋㅋㅋ 근데 주온 허리꺽기보단 나았다 ㅎㅎ,,,,,,,,
1995,이거 극장가서 본새끼 아니면 평점 쓰지마. 진짜 이건 최고야 난 울뻔했어 씨..,,,,,,,,
1996,무서워!! 무섭다고!!! 아씨 나보고 앞으로 어떡하란말야!!!!!!!!,,,,,,,,
1997,16세의 소녀…아 무서워죽는줄알았네 근데 여자애 귀엽당 ㅋ,,,,,,,,
1998,공포영화좋아하는사람들에게 적극추천~,,,,,,,,
1999,첨엔 스토리가 뭐 이러나 했는데 공포심유발하는데 기폭제역할을한거였다.,,,,,,,,
2000,아 오줌 절여..ㅡ.ㅡ,,,,,,,,
2001,사람의 어두운 본능을 잘 살린듯,,,,,,,,
2002,더 무서운게 담겨있는 영화 은근 소름 공포,,,,,,,,
2003,무섭고 의미있는 영화에요,,,,,,,,
2004,그래서 니가 하고싶은말이 뭔데 허무한 결말에다가 내용은 뒤죽박죽 휴 한심하다,,,,,,,,
2005,무서운건 둘째치고라도 기억에 진짜 오래 남는다,,,,,,,,
2006,ㅎ ㄷ ㄷ악마는 실제로 존재하는듯!,,,,,,,,
2007,짜릿한 공포감 조성은 리얼 다큐가 쫭이죵,,,,,,,,
2008,관절꺽기의 묘미는 바로이것 ㅋ,,,,,,,,
2009,아쉽다아쉽당...마지막이 아쉬워,,,,,,,,
2010,이게 라스트면 좋겠다,,,,,,,,
2011,공포영화가 공포영화답지 않고 다큐멘터리 다운 느낌이 드네요,,,,,,,,
2012,여친이랑 같이보면 좋을듯 꼭 껴안아줄수있어서^^,,,,,,,,
2013,나름재밌음마지막10분굿ㅋㅋ근데옛날엑소시즘의혐오는별로없고걍요즘세대깔끔엑소시즘,,,,,,,,
2014,90분중에 마지막 5분에 올인한듯한영화. 85분을 탄탄히해서 마지막 5분이해가능.,,,,,,,,
2015,평범한 공포물에서 벗어나려는 시도는 주목할만 하지만,,,,,,,,
2016,조금은 쇼킹하고 조금은 아쉽고 전체적으로는 보통?,,,,,,,,
2017,극장에서 봐서 그런지 웅장한 사운드가 최고,,,,,,,,
2018,생각할 수록 소름끼치는..,,,,,,,,
2019,색다른 반전 나름좋앗어요 ㅋㅋ 근데 좀더 무서운장면이잇엇으면..,,,,,,,,
2020,헐.. 리얼 다큐 공포가 리얼하긴하네요,,,,,,,,
2021,이건뭐...,,,,,,,,
2022,아 ! 진짜 시간 아깝고 머니 아깝다.정말 영화 많이 봤는데 그중에 제일 최악!!보지마,,,,,,,,
2023,아 너무 짱나네요... 잠이나 잘 자겠어요?,,,,,,,,
2024,이야;; 대박이네,,,,,,,,
2025,결말만 좋았으면 만점!,,,,,,,,
2026,아;; 아쉽다 2%부족햇어요,,,,,,,,
2027,나름 재미있어서 힘내라는 뜻으로 만점주고갑니다,,,,,,,,
2028,호호 이정도면~~~더군다나 실화라~~~,,,,,,,,
2029,이정도면 잘나온영화라고 볼수잇지,,,,,,,,
2030,에고 옆에서 소리지르는 지지배때문에 재대로 보지도못햇네 ㅠ,,,,,,,,
2031,모든 영화는 개인취향인것같음 그래서 9점,,,,,,,,
2032,결말이 아쉽다 하지만 내취향이라;,,,,,,,,
2033,오우 서프라이즈데스네~,,,,,,,,
2034,? 중간에 긴장감잇지만 그냥 그게 끝 어이없는결말,,,,,,,,
2035,아 이것도주기아까움ㅋㅋㅋㅋㅋㅋㅋㅋㅋ이거뭐? 다큐멘터리?,,,,,,,,
2036,아 이것도주기아까움ㅋㅋㅋㅋㅋㅋㅋㅋㅋ이거뭐? 다큐멘터리?,,,,,,,,
2037,뒷부분이 막장이었지만 전체적으로 괜찮았음 볼만함^^ 뿅,,,,,,,,
2038,공포에 흥미가없어서 그렇지 지금까지의 일인칭관점영화중 젤 잘만들어졌다는느낌,,,,,,,,
2039,블레어 위치 류의 시선을 가지고 리핑 10가지 재앙의 유사 내용을 본 영화. 돈 아까버,,,,,,,,
2040,엑소시스트관련영화중가장최악..뭔가나오겠지하고기대했지만끝까지지루한영화,,,,,,,,
2041,오 무섭다 기대이상!!,,,,,,,,
2042,결말이 조금 그랫지만 전체적으론 좋앗어요 ^^,,,,,,,,
2043,약간 부족한 설정...,,,,,,,,
2044,역시 스릴러 공포는 ㅠㅠ,,,,,,,,
2045,오우 서프라이즈~,,,,,,,,
2046,완전재미없음..이런영화는처음임....ㅠ,,,,,,,,
2047,정말이지 이런 촬영기법은 제발 좀 그만 해라. 10점은 뭐냐 정말.. 썅,,,,,,,,
2048,친구하고나하고 영화관에갔는데 둘밖에없었음ㅋㅋ 짱무서웠음 스릴넘침 (뇽),,,,,,,,
2049,재밋엇음 ㅋㅋㅋ,,,,,,,,
2050,정신없이 알바풀기 바쁘구나...,,,,,,,,
2051,무섭지도 않고 반전도 예상가능,,,,,,,,
2052,괜찮았음 나는..여주인공 연기대박ㅋㅋ초반엔 지루했지만 후반몰입도 굳! 반전도 양호,,,,,,,,
2053,안무서운데 결말까지 이상했어요 ㅋㅋ,,,,,,,,
2054,별로에용ㅋ,,,,,,,,
2055,ㅅㅂ 이게 무섭냐? 끝난후 웃음만 나옴,,,,,,,,
2056,상당히 무서웟고 영화관에 비명소리가;;,,,,,,,,
2057,공포 스릴러는 개인적 취향이라 ㅋㅋㅋ,,,,,,,,
2058,미국 박스오피스 1위햇대 기대돼내,,,,,,,,
2059,신을 믿는다면 악마도 믿어야 한다,,,,,,,,
2060,후.....진짜 방금보고왔는데요..; 후... 무섭긴 좀 무서운데...결말부분 진짜 ㅄ,,,,,,,,
2061,이야 86분내내 눈을 못때게 만들엇다;,,,,,,,,
2062,재밌넹 ㅋㄷ 생각보다 괜찮더군요 ㅎ,,,,,,,,
2063,와우 뷰티풀!!!!!!!!!!!!!!,,,,,,,,
2064,볼때는 몰랏는대 보고나니까 생각보다 여운이 많이남네,,,,,,,,
2065,여자친구가 옆에서 꺅꺅하느라 재대로 못보긴햇으나 그래도뭐...,,,,,,,,
2066,와...손발이 오그라들 뻔햇어 영화관에서 말이야...,,,,,,,,
2067,호호;; 이정도면 굉장히 잘나온 공포영화지,,,,,,,,
2068,역시나 결말 이야기가 많이나오네,,,,,,,,
2069,;; 결말이 조금 그래서 그렇지 재미없는 영화는 절대 아닌걸로 보이는데,,,,,,,,
2070,결말 정말 충격적...완전 소름 돋음,,,,,,,,
2071,완전 긴장... 쫄면서 봤음,,,,,,,,
2072,솔직히 재미없읍니다.. 저만그런게아니라 제 친구들도 다 실망했어요,,,,,,,,
2073,음... 어제 봤는데 무서운건 아니고 그냥 놀라는 정도?돈주고 보기에는 약간 아쉬운듯,,,,,,,,
2074,진짜 이런거 안남기는데 생각보다 넘 괜찮아서 남겨요 이게 리얼이지...,,,,,,,,
2075,영화 진짜 무서운듯 ㅠ.ㅠ ㅎㄷㄷ 보기 겁나지만 궁금해서 봐야겠어,,,,,,,,
2076,끝나고 완전 ㅠㅠ 헉 했다는 ㅠㅠ 진짜 무섭 ㅠㅠ,,,,,,,,
2077,여자 넘 무섭던데 ㅠ 결말도 완전 맘에 들었어요~,,,,,,,,
2078,생각보다 넘 괜찮았던 영화,,,,,,,,
2079,첨부터 집중해서 봐야 합니다... 계속 집중하게 만드는 영화..,,,,,,,,
2080,갠찮다~ 중간중간 완전 떨었음,,,,,,,,
2081,배우들의 열연,,,,,,,,
2082,여자애 연기 짱 잘함!,,,,,,,,
2083,생각보다 재밌던데여?,,,,,,,,
2084,레알 공포,,,,,,,,
2085,새로운 공포..>< 완전 반함..,,,,,,,,
2086,영화끝나고 사람들 다 욕했다.지루한 페이크다큐&엑소시즘장면 2~3분이끝 개허무결말.,,,,,,,,
2087,영화가 끝난후 심장이 후덜ㄷㄷㄷㄷ 해,,,,,,,,
2088,아.. 이런 다큐물이 더 무서운.... ㅠㅠ,,,,,,,,
2089,올해 공포 영화중에서 가장 무섭지 않았나 싶군. 다큐라 더......,,,,,,,,
2090,완전 무섭다_-;,,,,,,,,
2091,영혼이 바져나가는 기분.................,,,,,,,,
2092,진짜 무서웠다. 친구랑 두손 잡고 봄!,,,,,,,,
2093,별 한개이상 주는사람은 배급사 알바라고밖에 안보입니다.. 관객들의 하나같은표정..,,,,,,,,
2094,폐가가 훨씬 무서웠음..ㅠ 개독교들만 보세용,,,,,,,,
2095,하반기 최고의 공포물! 심장약한분은 보지마세요ㅠ 아직도 무서움,,,,,,,,
2096,폐가랑 뭐가다르냐? 아 레알 영화가 장애야 요즘 다큐형태로 찍는게 유행이냐?,,,,,,,,
2097,짱짱짱 무섭다! 헐~,,,,,,,,
2098,망할 졸라 무섭자나 ㅅㅂ,,,,,,,,
2099,결말쓰레기,,,,,,,,
2100,아침에 조조로 봤는데 와 장난아님 ㅋㅋㅋㅋ 뒤로갈수록 절정,,,,,,,,
2101,헐... 완전 개쩔 무서울꺼 같음 ㅠㅠ,,,,,,,,
2102,사실 앞엔 쪼끔 지루,,,,,,,,
2103,파라노말도 잼나게 봤는데,,,,,,,,
2104,뒤로 갈수록 빠져드는 몬가가 있다!,,,,,,,,
2105,이건 뭐,,,,,,,,
2106,별로 였어요... 폐가보다 더 리얼성이....흠...,,,,,,,,C급
2107,별로 재미없던데.. 평점이 너무 높아서 어이없네요,,,,,,,,
2108,처음 볼때도 무서웠지만,,,,,,,,
2109,세심하게 구성된 리얼리티공포물~,,,,,,,,
2110,흥미로운 영화였는데 조금은 아쉽네염,,,,,,,,
2111,사람의 어두운 본능을 잘 살린듯,,,,,,,,
2112,허리꺽기가 테크노 후,,,,,,,,
2113,흠조냉무섬,,,,,,,,
2114,오….주여…,,,,,,,,
2115,공포장르를 새롭게 리얼로보니 신선하네요,,,,,,,,
2116,파라노말 엑티비티 다음으로 오랫동안 잊혀지지않을듯,,,,,,,,
2117,정녕 사탄은 있구나…그런 생각이 든다,,,,,,,,
2118,사실감 넘치는 공포가 대박일듯..,,,,,,,,
2119,오 이것이 진짜인지 가짜인지 몰르겠,,,,,,,,
2120,공포영화중에 사실적인 비쥬얼을 담은거 같아여,,,,,,,,
2121,매달녀 ㅋㅋ 디박,,,,,,,,
2122,생생한 공포를 느낄수있음,,,,,,,,
2123,궁금해하지도마세요그냥보지마시구엑소시스트1에밀리로즈다시보세요절때보지마세요,,,,,,,,
2124,엑소시스트정도라 생각 노. 결말도 이상하고..관람10분후 지루하면서 바로 후회했어요,,,,,,,,
2125,이것이야말로 새로운 리얼 공포네,,,,,,,,
2126,환타지 영화를 보는듯한 기분이 드네요,,,,,,,,
2127,ㅡ.ㅡ 재미도없고작품성도없고 거짓말안하고 얘고편이다입니다,,,,,,,,
2128,기대를 해서 봤는지 조꼼 실망헀음,,,,,,,,
2129,좀더 자극하고 잔인했으면 아쉬움이 있지만 전체적으로 괜찮았어영,,,,,,,,
2130,엑소시스트랑 비슷한거 같은데 괜찮을듯?,,,,,,,,
2131,공포영화치고는 몰입도가 조금은 부족한듯?,,,,,,,,
2132,알바는 그만~ 결말이 이상하잖아~걔는 병원에 있어야 되는데 왜 나왔어~,,,,,,,,
2133,중간,,,,,,,,
2134,심오하게 공포스럽진 않지만 그래도 볼만은한데,,,,,,,,
2135,다큐멘터리식의 공포영화라 신선은하넴,,,,,,,,
2136,공포 조성형식이나 사운드가 예술;;;,,,,,,,,
2137,헐 존나 무섭네,,,,,,,,
2138,잘 쪼여 오다가 한순간에 무너지는구나,,,,,,,,
2139,내 인생 최악의 영화,,,,,,,,
2140,파라노말 재밌게 본 사람인데 이건 좀 아닌거 같네요^^내가 더 잘만들겠다,,,,,,,,
2141,완전 낚였다...상투성의 극치....허무함의 절정 ...블레어윗치가 그립다 ...,,,,,,,,
2142,어제 여기서 8점인거 보고 오늘 보러 갔는데.... 아.....내 친구는 졸았음.......-_-,,,,,,,,
2143,정말 예고편이 다인 영화..,,,,,,,,
2144,보면서 왠지 블레어윗치가 생각났습니다. 특히 중후반엔 분위기에 완전 압도됩니다.,,,,,,,,
2145,후아 ... 내가 진짜 이런거 안쓰는데;; 공포영화 못보는데 진짜 웃으면서봣네;;,,,,,,,,
2146,공포영화에서 필요한건 다갖췄음 굿임,,,,,,,,
2147,구로CGV]내가 영화평점 100OO게 별줬지만 이건 확실히 1점에 돈 아깝다. 쓰레기다,,,,,,,,
2148,나름신선했다 일단은 다큐멘터리 형식이라는게말이지 사소한 반전이 몇번있엇나,,,,,,,,
2149,완전 돈아까울정도는 아닌데-.-,,,,,,,,
2150,네이버 평점은 정말 알바들 땜에 이제 신용이 안가.솔직히 볼만한데 1점짜리들은 뭐야,,,,,,,,
2151,완전돈아까운영화 절대 보지마세요 ㅡㅡ,,,,,,,,
2152,공포영화의 지존 엑소시즘..~~,,,,,,,,
2153,정말 알바 쩌는 듯..블레어위치 따라한 B급영화 시사회 끝나고 관객들 동시에 웃음,,,,,,,,
2154,학교에서같이같음...애들이한말헐~!차라리 초능력자가더재미따. 졸라게재미없다는거임,,,,,,,,
2155,시간을 먹는 영화 넘 집중해서 나올때 눈 사팔됐어요,,,,,,,,
2156,관점의 차이인듯.. 처음엔 몬야~ 이랬지만.. 볼수록 집중력 발휘된다,,,,,,,,
2157,이제좀 재밌어지려나 하는순간 끝난다 하하^^ 80분 쯤 되는데 50분은 날로먹는다 ㅋ,,,,,,,,
2158,이영화땜에 내남자친구랑도 라스트됫다,,,,,,,,
2159,이런류'의 영화 매니아들에겐 '식상'. 처음접했다면 '충격',,,,,,,,
2160,진짜 예고편이답니다 .,,,,,,,,
2161,반전이라고 할수도없는 뻔한스토리와 공포감이라곤 전혀없는 영화.. 알바들쩌네,,,,,,,,
2162,유일한 특수효과는 카메라 흔들기뿐,,,,,,,,
2163,알바들많구나;; 어제시사회를 보고왔지만...당신은 예고편이 다라는것을알게될것이댜,,,,,,,,
2164,이게 라스트라니 쩝 씁쓸하네 재미도없고 ㅉㅉ,,,,,,,,
2165,포스터 카피때문에 개독들 드립치겠네,,,,,,,,
2166,오늘 미공개시사회보고옴. 예고편에 나온 게 전부임...한두번 깜짝놀랜거빼곤끝,,,,,,,,
2167,저거 포스터가 다야..,,,,,,,,
2168,리얼하다...이것도 보고싶다...ㅋㅋㅋ,,,,,,,,
2169,오.. 잘만들었다..,,,,,,,,
2170,포스터 보니 엑소시즘 공포가 잘 나타난듯...기대된다~,,,,,,,,
2171,밑에 전문가라는 사람들 우끼지 않냐? 쟤넨 뭐 특별한사람들인가보네,,,,,,,,
2172,worse than skyline ...,,,,,,,,
2173,안봐야지...하면서도 보게되는영화..거참 신기하네..,,,,,,,,
2174,시사회후기 !! 당신은 새로운 영화를 보게 될것이다!!,,,,,,,,
2175,시사회 보고왔어요! 영화카페에서! 평점 잘안남기는데 정말 대박@,,,,,,,,
2176,영원히 못잊을거야 !!!,,,,,,,,
2177,포스터예고편 다 정말 무섭다 정말 오랜만에 이렇게 무서운거,,,,,,,,
2178,새로운 시도가 돋보이는 공포영화,,,,,,,,
2179,이야 신기하네 10점준애들 이층의악당 다 같이봤냐? 다 10점리플달구 왔네?,,,,,,,,
2180,이정도면 정말 훌륭한거같은데 굳이 1점주는 이유를 모르겠네,,,,,,,,
2181,알바들 꺼져주세요^^,,,,,,,,
2182,예고편을 보셨다면 본 영화는 보지 않으셔도 되겠습니다 -_-,,,,,,,,
2183,매달녀언니 완전 무서워요,,,,,,,,
2184,마지막 한방이 끝장인 영화.. 아이디어 공포영화다,,,,,,,,
2185,여주인공 연기 쩐다,,,,,,,,
2186,졸작 졸작 장난 치나,,,,,,,,
2187,시리즈중최고졸작장난감으로엑소시즘하고예고편이그냥영화한편좋게돈아끼고dvd봅시다,,,,,,,,
2188,아..보고싶다...개봉하자마자 보러가야지,,,,,,,,
2189,ㅋㅋㅋㅋ진짜알바들티난다 ㅋㅋㅋㅋ,,,,,,,,
2190,별점하나준애들은 당최 어떤애들일까?궁금하다..ㅡㅡ^뇌에 개념이 있나?,,,,,,,,
2191,ㅋㅋㅋㅋ알바쩐다,,,,,,,,
2192,재밌던데 역시 평 좋네여 ~ 개봉기대되요 ㅎㅎ,,,,,,,,
2193,아나 솔직히 알바들 넘 티남;; 무슨 수행평가에서 느낀점 가식떠는것도 아니고 원...,,,,,,,,
2194,공포영화 원래 못보는데,,,,,,,,
2195,아 제발좀 의당 악마라면 살인마보단 무서워야 될거 아니냐??,,,,,,,,
2196,마지막 한방이 진짜 끝내준다... 이런게 진짜 아이디어 영화가 아닐까?,,,,,,,,
2197,다큐식으로 찍은 공포가 대세인듯...,,,,,,,,
2198,오.. 포스터 대박!,,,,,,,,
2199,연기 참 잘하더군요 ㅎㅎ 어떻게 저런 연기를..어린거 같은데,,,,,,,,
2200,ㅋㅋ 다큐식이라 너무 어지러운 영화....무서운건 왜 하나도 안보여주는거야....,,,,,,,,
2201,나 이거보구 일주일 내내 악몽 꿨다...,,,,,,,,
2202,파라노말엑티비티1,,,,,,,,
2203,간만에 지대로 된 공포영화 봤네요~,,,,,,,,
2204,와우 소름쫙... 정말 등에 식은땀이 줄줄 나네요,,,,,,,,
2205,포스터부터 쫙 돋네요! 기대됨,,,,,,,,
2206,매번 같은소재 같은이야기로 놀라게 한다~!!,,,,,,,,
2207,현실감있는 엑소시즘...완전 기대됩니당!,,,,,,,,
2208,포스터 여자 윤아임?,,,,,,,,
2209,헐...공포 최강임~~~,,,,,,,,
2210,사진만으로도 무섭다.. 완전 무섭네.....,,,,,,,,
2211,완전 기대됨!!극장가서 보면 엄청 실감날것같아!!,,,,,,,,
2212,<엑소시스트>보다 더 무섭다!! <블레어위치>보다 더 리얼하다!!,,,,,,,,
2213,화면에서 눈을 떼는 순간 허를 찔릴것이다!! 생각할 수록 깊어 가는 공포감!!,,,,,,,,
2214,간만에 보고 싶은 공포영화! 기대중 ㅋㅋ,,,,,,,,
2215,올하반기 최고의 기대작!,,,,,,,,
2216,엑소시스트 이후,,,,,,,,
2217,뒤로 갈수록 몰입도가 장난아니다!,,,,,,,,
2218,광고가 다에요........이건 뭐.........,,,,,,,,
2219,예전 엑소시즘처럼 기대? 기대하지마세요 완진 비추에욤,,,,,,,,
2220,살짝 루즈하긴 하지만 볼만 한 수준.,,,,,,,,
2221,절대 포스터 예고편에 속아서 영화보지 마시길... 마무리 완전최악 쓰레기임,,,,,,,,
2222,난 너무너무 무서웠음 다큐 형식으로 가는게 신선하고 몰입도 나쁘지않게 되었음,,,,,,,,
2223,내 시간이 아깝다 ㅡㅡ....,,,,,,,,
2224,기대안하고 봤는데 재밌었음 반전도 충격적이공,,,,,,,,
2225,이건 뭐 본 것도 아니고,,,,,,,,
2226,간만에본 쓰레기영화! 강력추천! 꼭 보세요!,,,,,,,,
2227,마지막개애바인듯 ㅋㅋ 마음은0점을주고싶은데그게안돼서,,,,,,,,
2228,GP 506 보다 재미없습니다 보장함 제목숨을검,,,,,,,,
2229,그래도 1편은 어느정도 볼만 합니다.,,,,,,,,
2230,긴말없이 시간아까운영화 결말이 참 ...,,,,,,,,
2231,케이블에서 보여줘서 봤는데..어째서 페이크 다큐는 만날 똑같냐..ㅡㅡ;; 식상하게...일단 돈안들인 티 만큼은 팍팍난다..가정용 비디오로 찍은것같은..,,,,,,,,
2232,리얼함 실종과 허접한 내용 전개...처음부터 끝까지 다소 산만하고 지루하기만했던...페이크 공포/다큐...,,,,,,,,
2233,진부한 소재지만 잘 살려냈다.,,,,,,,,
2234,진짜 이런 개 씨,,,,,,,,
2235,저예산b급 영화수준에도 못미침 엑소시즘 시리즈의 수치입니다.,,,,,,,,
2236,훌륭하다,,,,,,,,
2237,이런게 공포영화라고는 생각하지 않는다.,,,,,,,,
2238,훌륭함,,,,,,,,
2239,훌륭한 공포영화,,,,,,,,
2240,OOO들 이게 1류냐?? 알바들은 언제쯤 그만할까..리뷰 장난질..18욕나온다,,,,,,,,
2241,처음엔 좀 지루한면도 있었는데,,,,,,,,
2242,무슨 배짱으로 2까지 만든거지...;; ㄷㄷㄷ공포라고 붙이지도 말았으면 좋겠네...이런 영화는...,,,,,,,,
2243,제목이 비슷해서 몰르고 2편에다 평점 남겼는데 지우고 여기에 남긴다. 농담 안하고 엑소시즘물 영화 중에서 가장 허접 쓰레기 영화라고 자부한다.,,,,,,,,
2244,뭔가가 더 있을 것 처럼 긴장되다가 뜬금없는 결말. 엑소시즘은 이제 흔하고 페이크다큐는 답답해,,,,,,,,
2245,화면이 왜케 어두워 진짜 막장이다 이건,,,,,,,,
2246,아오 이거 왜케 평점 높냐 ㅡㅡ,,,,,,,,
2247,베스트 오브 베스트 . 최악의 엑소시즘 영화,,,,,,,,
2248,존나 재미업어서 평점10줌,,,,,,,,
2249,뭐지 재밌는데?;; 왜 1점이 한꺼번에 몰린거지?? 이 영화 개봉때 상대영화 뭐였더라??,,,,,,,,
2250,저평가 댓글처럼 쓰레기 영화는 아닙니다.. 완전 재밌게 봤는데,,,,,,,,
2251,와 이거 예전에 여자친구랑 볼 영화 없어서 보러갔다가 욕하면서 나온 그 영화네,,,,,,,,
2252,파라노말 액티비티 3편보고 충격받았던 때와 같은 기분이다. 이게 뭐래??ㅋㅋㅋㅋ,,,,,,,,
2253,페이크다큐는 몰입도를 떨어지게했고 결말에대한 힌트를 좀 줄이는게 좋을듯 전혀 없거나 낚시를 해도 좋고.,,,,,,,,
2254,예고편이 전부인 영화지만.. 짧고 강함 나름 신선했음,,,,,,,,
2255,정말 숨어있는 수작이다  이 영화는  tv 전기세가 전혀 아깝지가 않은 영화였다!,,,,,,,,
2256,마무리빼고는 재밌게봣는데;;,,,,,,,,
2257,기독교 신자들이 아마 낮은 평점을 몰아줬기 때문이지,,,,,,,,
2258,끝까지 얕은 수로 몰고 간다,,,,,,,,
2259,초반부에 보통 악마영화다운 루즈한 전개 하지만 중후반부 반전과 신앙심도 결국 아무쓸모 없다는 것에서 공포가  찾아왓다,,,,,,,,
2260,2보다 1이 더 좋다.,,,,,,,,
2261,영화의 80%까지는 아무런 재미도 의미도 없이 흘러가다가 마지막 20%에서 뭔가 보여줄 듯 자세만 잡고 결국 아무 것도 보여줄 게 없었던 영화..  핸드헬드는 이제 좀 그만 써먹기를..,,,,,,,,
2262,은근히 무섭고 재미있네요. 새벽에 봤으면 더 무서웠을 뻔..,,,,,,,,
2263,이렇게 끝나면 사람들이 놀랄것같았나...,,,,,,,,
2264,전혀 무섭지도 긴장되지도않고 소녀가 거울에서 지손가락으로 엽기표정짓는건 존나웃겼다,,,,,,,,
2265,블레어 윗치는 무섭기라도 하지 이건;;,,,,,,,,
2266,못볼 정도는 아니고 Rec보다 약간 떨어진다라고생각하면됨,,,,,,,,
2267,나만 당할순 없지 나의 아까운 시간 누군가도 평점에 속길 바란다,,,,,,,,
2268,공포냐 드라마냐... 참먼가 애매하다. 또한 목사가 너무 답답. 이영화의가장큰 오점,,,,,,,,
2269,기대안하고 보면 생각보다 흥미진진한 영화입니다.. 마지막 반전도 꽤 괜찮아요,,,,,,,,
2270,몹시 취향타는 영화,,,,,,,,
2271,쓰레기 개독교 영화...,,,,,,,,
2272,페이크다큐에 점점 끌리네,,,,,,,,
2273,이게 3류 라고? 1류를 못 보는 니들 잘 못이겠지,,,,,,,,
2274,내가볼때는 그렇게 쓰레기라고 말할 영화는 아는듯하다,,,,,,,,
2275,블레어 윗치에는 못미치지만 그럭저럭.,,,,,,,,
2276,신을 믿고 악마를 믿는다면 주변을 주의해라.,,,,,,,,
2277,내생의 최고의 공포영화 개추천!!꼭보셈,,,,,,,,
2278,와 진짜.. 몰입을 지대로 하고 봐서인지 진짜 긴장하면서 봄.. 마지막 반전이 충격..,,,,,,,,
2279,평점들이 다 왜이래,,,,,,,,
2280,극장에서 봤는데  재미만 있더라. 복선도 좋고. 안좋다고 평하는 사람들 돌려보기했나?  반전도 좋음.,,,,,,,,
