,content,,,,,,
1, ÿ Ŵ ޻縦    ֱâ    ־ ȭ  ϳ '䰡п'̶ ٴ ٶ 󿵰,,,,,,
2,ͽź   ,,,,,,
3,ο  ȭ.   .,,,,,,
4,츮   ȭ հ ӿ  ų ־  忡 հ ġϰ   ȿ  Ǿִµ  ȯ   Ű鼭   ϰ  Ǿ ־     ...,,,,,,
5,Ŭ̸   ѵ ,,,,,,
6,ҽ,,,,,,
7,λ  ѱ ȭ.   ƴµ    ﳭ. Ư   źο  ҳĳͰ ſ Ҵ.    ѱȭ . ȭȫ,,,,,,
8,̸ ѱ ȣȭ  .  忡 ȥںµ Ѹ  ־. ׿ڰ ȭ  ȥ   ȭ ...,,,,,,
9,躸... Ѵ.. Ȯϰ,,,,,,
10,̰  ĸ,,,,,,
11, ȵǴ 츮 ȭ  ܿ ְ ϰ ʹ. 丮,,,,,,
12,     θ ,,,,,,
13, ڴʰ  ߽ϴٸ ..  ȭ  ߴٰ ϴ .. ƴ ..ϰ  ̷ ״ ˾ҳ׿   մ ȭ   .. ƿ.. ̰  1 ÿ  ߴµ  ...,,,,,,
14, ѱȭ ž5ȿ ȭ,,,,,,
15,   ¥ӻִ  ȭ鵵 ʹ ,,,,,,
16, ѱ ȭ ӿ  ǰ  Ѱ. ׷  ϰ!,,,,,,
17,ٽú ̴.. ߴ  ͽſ  ѱ ȭ..  ִ 丮 ̵ ɸ ̴..,,,,,,
18,ḻ ϱߴµ ʾҾ ϰ ߸ ȭ!,,,,,,
19,ȭ µ ҽ  հ þ! ص   Ű ׷  ƴϰ ޽ٰ ؾϳ..?  ü żϰ   ¿ ڼ 帮 ;.   ʰ ...,,,,,,
20, 10 ޾Ƶ ȴ   ,,,,,,
21,ġ  ȭ..Ʈ ҽ ְ,,,,,,
22,ѱ ȭ ܿ ְԴϴ.   Ű ȿ ƴ  . ϰ 尨 ʰ ְ ׸   ȭ.,,,,,,
23,¥ Ͱ̾ ȭ,,,,,,
24,ٽ ޽ '' Ʋ س 帧 ̳׿.   źźϰ ȭμ ⵵ źźؼ հ  þ! ޽  Ű⸸ ϴ ٸ ȭ麸 Ȯ !,,,,,,
25,ڴʰ ˰Ե .. ݺ ,,,,,,
26,ճ׿  ̷  ǰ ݱ ̸ѹ ,,,,,,
27,  ȭ. ⸸ Ѱ   ϰѴ.,,,,,,
28,ѱ Ʈ ȭ. ߰   .,,,,,,
29,ͽ ȳµ .... ٸܴ¾ ְ....  ٸ    ,,,,,,
30,ȣ  輱 ѳ ̾߱Ⱑ Ǵ° ϴ. ùٸ   ؼ   ǰ.    ´.,,,,,,
31, ȭ  ߿ϴ° ⿡ ϰ .. ȭȫð ̿ȭ ׵ΰ Ų ȭԴϴ !Ⱥúе ø ȸϽǵ,,,,,,
32,վ ¥,,,,,,
33,¥ ϰ  ...,,,,,,
34,¥ ͽ ͼ   ͵ ƴϰ н θ ͼ ĥ ϴ ͵ ƴѵ ̳ . ѱȭ ô븦 ռ ȭ. Ҹ,,,,,,
35,ó  ȭ  ,,,,,,
36,Դϴ.  ҽ Ѵ   ϴ ȭ. ⿬ û ⸦ ֽϴ,,,,,,
37,̱  ũ źΰ  ʰ ó  տ    ε ̵ ȭ!,,,,,,
38,ͽź  .. Ư   躸 ó  ʹ ,,,,,,
39,ȭġ 丮  źźѰŰƿ!ģ 翡 ٰ  ״,,,,,,
40," ""ҽ"" """" ٴ 뵵  Ǿ .",,,,,,
41, ģ 鶫 ҽ ָ ϴ . ְ ׾µ ϳ Ÿϴ ģ ,,,,,,
42,ȭ ̳ Կ  ȭ     Ŀ ѱ 幮 ѱ ȭ.,,,,,,
43,ġ 츮 µϿ  ϴ OO Ѥ,,,,,,
44,⵶ν   ȭ ұϰ ȭ ü  ,,,,,,
45,̰ż   ,,,,,,
46, ߴٸ 300   ͽ ȳ͵  ȭ,,,,,,
47, ̴ ׷ Ÿ ,,,,,,
48,Ⱥⰰ ֵ ȭ ξ....ٸ Ĺݿ ¿  ϸ鼭  ȭ....۰  ̴ ׷Ŵ...ƽȭ..,,,,,,
49,ڸ Żϴ ͽڵ,,,,,,
50,    ı ҷ ȭ.ۺ  ϳ   츮 ȭ  ž .׸  а ~!,,,,,,
51,׷ ߸ ǰ 95,,,,,,
52,2019⿡ ٽ ϴ... ̵ ȭ...,,,,,,
53, ̶   ȭ,,,,,,
54,ѹα ȭ   幰 丮 û źź.  ⵵ ʹ  ɸ  ¥ ...幮 .ѹα ȭ  ְ ̴´ٸƮ ҽ  !!,,,,,,
55,뵵  볪 ,,,,,,
56,... ׷׽ũϰ ϴ.  ̶ ȭ ణ  ε ̰ź  ϰ д Űǰ طο .,,,,,,
57,ѱȭ ܿ 1,,,,,,
58,ȭȫ,,,,,,
59,ѱ ȭ ,,,,,,
60, ƿ鼭  ѱ ȭ   ž...  θ     ...  ...,,,,,,
61,² Թ ȭ ܿ   ٰ  ȭ   츮 ȭ  ȵ ,,,,,,
62, ϰ...Ҵµ ̴. ̻̾..׸ 躸  ģ   ǰԿ̴ּٴ.. ׸    ¿....^^,,,,,,
63,  ϴٰ   ׳ฦ 迡 ôµ  ճ׿  ö ϴ ȭ ƴ ,,,,,,
64,ѱȭ  .  ǰ.,,,,,,
65,ѱ ȭ    Ǵ . ( ȭȫ /  / ҽ ),,,,,,
66,  ֽϴ..,,,,,,
67, վ!! ٺԵɰŰƿ,,,,,,
68,ѱ ȭ߿ ղ ,,,,,,
69, ѱ ȭ  տ  ̶ մϴ.,,,,,,
70,  Բ  Ͼ ̾߱,,,,,,
71,ȭ    ȭ,,,,,,
72,    ƽ ȭ,,,,,,
73,  ǽ     ñ  ۿ  ѱ ȭ Ʈ   ƴұ մϴ.,,,,,,
74,  ⵵ ,,,,,,
75,̽͸  ̾߱Ⱑ  Ե  Ǵµ   ϼ  ȭ ̶° ,,,,,,
76,̻   ǿ    վ ,,,,,,
77, ʿ   ,,,,,,
78,ȭϴµ  ճ!!,,,,,,
79,ֱٿ  ѱȭ߿ ְ׿.,,,,,,
80,... ͽ ϳ ȳ   ü ٸ ȭ   ׿...  ⵵ ϳ Ҿ,,,,,,
81,̷ ǰ ݺôٴ..   ߽ϴ,,,,,,
82,̷ ȭ  ž ϴµ..    ġ .. Ф    .. ȭ õش޶  ڱ  ̶ ϴ.,,,,,,
83,̰ ¥ ѱ   ߿    ,,,,,,
84,ʹ   ȭ  ڳ,,,,,,
85, . ʹ ڱ̰  Ǫ  ,,,,,,
86,ѱ 4 ȭ淡 հ  ϴ,,,,,,
87,հ ߺýϴ ħϴ ׿,,,,,,
88,ְ ȭ.   ְ. ̷ȭ .,,,,,,
89,ü   ̷??? ̰ ¥ 丮 źźϰ ѱ ȭ տ  !,,,,,,
90,丮  ϰ. Ⱑ . ѱ    ׷´.,,,,,,
91,,,,,,,
92,쿬 ôµ  ̿  ߸,,,,,,
93,,,,,,,
94,̶   Ʈ ־ ο  ߰ ǰ! ¥  ͽ ƴ ̴!,,,,,,
95, ȭ ¥   ó  尨  ֳ̾,,,,,,
96,   ..,,,,,,
97,ڴʰ ôµ  ĵ鵵  ̱ վ,,,,,,
98,;  ̰  ٴ ...   ǰ ̷ żϰ ׿... 츮 ȭ ž5ȿµ ;;,,,,,,
99,ϳ׿ е   ̺  ε  ȭ    ø  ϴ  ￡ ׿,,,,,,
100, ƹµ Ҳ  ȭ    ߰  ح 𸣰ڳ ʹ Ư Ⱑ...,,,,,,
101, ѱȭ Ű   ʴ.   ȭ ٸ.  ȵǴ ѱ ȭ ̶ Ѵ.,,,,,,
102,  ȭ 丮   ʰ ⵵ ̽ ʴ ϰ ȭ  . ͽ   ʴ´   ,,,,,,
103,  븦 ߴµ 뺸   Ǹ ΰ . Դٰ 3 аб~   ҰԿ~,,,,,,
104,   ϴ ѱ ȭ ɼ.,,,,,,
105,Ѱ ٴ հ Ű.,,,,,,
106,ΰ ͸  ,,,,,,
107,ݱ  ѱȭ  ϰ ӿ ִ .   ýϴ ^^,,,,,,
108,ҽ ص   Ű Ÿ ȭʹ ٸٴ  ŵ鸰 ҳฦ   Ⱑ λ. ٸ ḻ ƽ  ߴ.,,,,,,
109, ٽ ôµ  ȭ ͽ ȳ͵ Ҹ  ŭ  ־ϴ,,,,,,
110,ѱȭ  ,,,,,,
111,հ Ҵ,,,,,,
112,ͽ ־ ºκ ȭô  ˸ ȭ,,,,,,
113,ȣ  θ ѳ ,,,,,,
114,̷  ȭ   ,,,,,,
115,ȭȫķ    ȭ ̰  ¥ ó̾,,,,,,
116,뵵 ⵵  մ!,,,,,,
117,ѱ ̷ ȭ ٴ,,,,,,
118,ѱ ȭ ̳׿.   ȭ  尨  ʾƿ,,,,,,
119,￡ °  ̸ ..,,,,,,
120,ҽ̶  ȭ ҽ  ü ̶ ̱ ̿ ȭ   °   帣  ´ ȭ  õ 帮ڽϴ,,,,,,
121,  ̰  վ,,,,,,
122,ӵǴ ϰ   ⸦    λ ȭ.  ȭ ⸦ 󸶳  츮Ĵ.,,,,,,
123,Ժ ٵ ̽׸ ȭ.    Ʒ ϴ ε,,,,,,
124,¥  Ѱ ʹ ƽ,,,,,,
125,...  ̾׿.,,,,,,
126,鸸  ȳ߸,,,,,,
127, ʴ.10,,,,,,
128," ٽú ̴ ""Ʈ"" ҽ ѱ ȭ   OO    ǰ پѴ ȭ  ϰ ִ;;;",,,,,,
129,⺸ Ÿ ҽϴ. Ա Ǿ  .. 丮 ſ .,,,,,,
130,  ȭδ 幮 .,,,,,,
131, ƽ .ʰ ôµ ʹ վ. .. ƽ,,,,,,
132,ѱ Ʈ ȭ߿ ְ,,,,,,
133,ͽ ȳ͵ ,,,,,,
134,̿  ȭ  ְ.Ф   ߴ 2000 ȭ,,,,,,
135,Ҳ ٰ ٽ ״ ,,,,,,
136,ȭ ŴϾԴϴ.ҽ  ôµ     ȭ մϴ. ѱ߿ հȿ ٰ մϴ.,,,,,,
137,óͳ 尨 ¿ ݺϱȣȭĳü..⸦ ٵ ϼż  ..㿡µ 밡   ȭ ġϰų  ؼ  ð ôµ̰ ʰ ¥  ...,,,,,,
138,sns  λ.. ̴°͸ ϰ Ƶ  ð....,,,,,,
139,̰  ̸  𸣰ڴ.  ߸Ǿٰ  ⵵ Ǹ߰ Ѽ ̿ ȭ  ѱ ȭ ̶  ۺ 󸶾ȵ,,,,,,
140,丮    ְ.¥ ߸翵ȭ. 츮 ȭ ž3ȿ ,,,,,,
141, ȭ  ϰų   丮  帣  찡 ټ ҽ  ޶,,,,,,
142,̿  ȭ ¥  ,,,,,,
143,¥ մ٤,,,,,,
144,ôµ   ׷ ְ ,,,,,,
145,쿬  ȭ  ȭ! ź ¿ȭ ,,,,,,
146,ְǰȭ.,,,,,,
147,ѱ ȭġ ׳  Ҿ ٵ ߰߰ ¦¦ ϴ°  ض и ,,,,,,
148,  ϸ ְ ýϴ. ð  Ʊ  ȭ  ± Ǹ  žŬ ȭ Դϴ.,,,,,,
149,ݺϱ  ̿ȭ   ó δ. 츮 ȭ ߿ ϳ .,,,,,,
150, ̸鼭  Ʈ... Ư ڵ ϳ   ϳ...,,,,,,
151,ְ ȭ.  ʾƿ,,,,,,
152, ħϰ ̲ ȣ ߽Ű° Ҵµ  ڱ ϰ  մٰ ϰڳ׿.,,,,,,
153,躸,,,,,,
154, ȭȫ  մ ѱȭ Դϴ.,,,,,,
155,ñ ȭȫ ҳ... ѱ ȭ ̶ ϴµ  ʹ ׿Ф Ѹѵ,,,,,,
156,ѱ ȭ Ʈ Ҿ ְ ,,,,,,
157,㿡  ἳƾ Ѥ,,,,,,
158,ѱ ȭ  žε,,,,,,
159, ִ ̳׿.  վ,,,,,,
160,ָӴϰ  б ĥ   .,,,,,,
161,̰ ¥  ѱ ȣȭ ̷  ȭ ° ε Ұҵ ѱ ȭ ׻ ׶°͵ ̴,,,,,,
162,Ե  ġп ٸ  ϼ  ƽ   ְ ,,,,,,
163,   ߴ. 丮,,,,,,
164,ȭȫ-Ʈ- ķ ѱȭ  ƹ ãƵ µ ҽ  ,,,,,,
165,  ° ΰ,,,,,,
166,ȭ бⰡ ٴ,,,,,,
167,ȭ   ֳ׿   µ ȯ ˾Ѵµ;,,,,,,
168,ٰŸ    ϰ ó׿.    Ƴ׿.   ȭ  ,,,,,,
169,    丮  ѱȭ  ,,,,,,
170,ȭμ    ƽ.. ٵ ٵ  δ. Ư !! õε.,,,,,,
171,Ǹ ȭ.   .,,,,,,
172,Ŭ̸  ƽ ͽź  Ⱑ ξ  հԺ,,,,,,
173,¼¼bbbb,,,,,,
174,հ  ҽϴ.,,,,,,
175,濬 ʹ¯,,,,,,
176,,,,,,,
177,߰ ߰  ¦ Ű  ο ü 丮 ׸   Ҵ.  ҽƮ,,,,,,
178,¿!!,,,,,,
179,ȭ ؼϱκ ʹ,,,,,,
180, ѱ ȭ  Ż ͸ε . ¡ 弾 ݸ  ģϰ   ,,,,,,
181,ȭġ   ̶ 簡 Ȯؼ Ҵ Ű  ƴ...ٵ  ž̶ ⵶    ƽ..Ưص ̰    ذ Ȱ...ƹư ...,,,,,,
182,  ,,,,,,
183, ѱ ȭ  ؼ    ε ҽ Ե    ߵǴ󱸿 ḻ ¦ ƽ ֱ ׷ ְϴ,,,,,,
184,  ѱȭ  ؼ ýϴ.  ,,,,,,
185,  ְ ѱ ȭ,,,,,,
186,  ϰ ȭδ ״,,,,,,
187,Ϳ  ȭٿ ȭ f.¥ ó ϰ ,,,,,,
188,  .մ ȭ.,,,,,,
189,   Ѵٴ° ߳ ...,,,,,,
190,ΰ  Ǵ   ٰϱ⿣ ʹ ׷ϰ ߴ.  ᳪ λ ȭ ã  ȭ߿ ,,,,,,
191,ְ . ѱ̶   ִ ,,,,,,
192, 10,,,,,,
193,ѱ ȭ ġ  .,,,,,,
194,10 ڿ ȸڵǴ  .,,,,,,
195,ȭ    ԰¿ ̤̤ ƽ,,,,,,
196,ѱ ,,,,,,
197,ȭȫ,,,,,,
198,丮 źźϰ ⵵ ,,,,,,
199, ƴϿ  ٵ ƽ.¥   ȭ̴ õմϴ.,,,,,,
200,  ѱ ȭ  ټ հ ȿ ,,,,,,
201,10 ְ  Ʈ   Ҹ ι  Ͱƿ.    Ҹ鼭 Ʈ︲..ȭ Ǯ ٽϱ淡 ʶ Ҹپ˾ҳ׿. ¥ ҸûũԳ   Ϳ...,,,,,,
202,  20Ⱓ ѱ ȭ ߿ ְ  ϰ .,,,,,,
203,... ̰ 2009⵵ ȭ? ̳ ߸,,,,,,
204,   ȭ.뵵 ȭ鵵   ǰ !,,,,,,
205,Է  ۻ̳...,,,,,,
206,ȭ  ϴµ Ű° ٶ   ϴµ  ̰  ̻ ...ȭ  ü     Ҹġ Ҽ  Ư    ...,,,,,,
207,ѱ ȭ ȭ ⵵     帳 ׷ ־߸ Ѵٰ ϴ  ֵ   ׷ ƴ̷ ҽ     ʴٴ...,,,,,,
208, ѱȭ    ϴ  ־µ  ȭ   Դϴ.  ٸ ܱ ȭ ص  ȭ     ȭ     ,,,,,,
209,ѱ ȭ ֱ ÷̴.  ̿Ȱ  ??  ôµ ʹ Ҵ.  Ҳ µ ʹ Ƽ  ؼ ô.   ϴ  ؾϴµ..   볪...,,,,,,
210,ֿ° ˾⿵ȭ ڵ  ȭ Ⱦմϴ. ־ ƴ ɸ   ̰Ŵ,,,,,,
211,ǿܷ 򰡵  տ Ŵ ȭȭ Ѵٸ  !!,,,,,,
212,ѱ  ȭ Ʈ 3  .  ƴ   ϰ .,,,,,,
213,ȭ   ￡ Ƽ      ȥ ȭ µ  ڰ ãƿԴ   .. ٵ ⵵ ̰.. õ,,,,,,
214, ѱ   3 ϱ?  غҰ.     .,,,,,,
215,  ؼ ýϴ,,,,,,
216,  οϺ  ٽú̴ϴ,,,,,,
217,ݱ  ѱ ȭ߿ ټհ  ȭ  ճ,,,,,,
218,ѱ ȭ߿  λ,,,,,,
219,  .. ׷,,,,,,
220,躸  ǰ..,,,,,,
221, Դ  Ư   ..,,,,,,
222,ѱ ȭ   ̴.,,,,,,
223,  ¥ ....̷ȭ   ,,,,,,
224,ѱ ȭ ߿ ׳  ǰ.,,,,,,
225, ><  ̰  ѱȭ ȹ  ȭ.,,,,,,
226, Ƽ 븦  ߴµ ⿡  ʴ ..   ʾҰ  ,,,,,,
227,? ̷ ̶  ..,,,,,,
228,ѱ ͽŰ  ͽ ǽº. ΰ 󸶳  ΰ...,,,,,,
229,̻ϴ  д ׳ ͽŵ鸰ҳడ °Źٲ ȳ  ʰ,,,,,,
230,û ϴ Ѥ,,,,,,
231,  ٴٰ ڸӸ  ̾ؿ ġ  ̰ ;.,,,,,,
232, ôٰ ¥  ȭ. ι鰣 ȭ Ư  ȵǴ ൿ.  ǿ  Ȳ̸  ʾ ൿ ʹ Ѵ.  ϰɸ.  絵 ׷ ֺ . ¥ õ.,,,,,,
233,̾ 彺丮  ,,,,,,
234,̰ ..   ׾.. Ʈ ݵ iƿ ׷ȭ    ȿ   ... ³ ߰   ȭ Ұϴ,,,,,,
235,ǰ   ȸ  Խ ,,,,,,
236,ȭ  ϰ µȵ ϰ λ ־ ȭ,,,,,,
237, δ ..,,,,,,
238,ѱȭ ġ   Ƽ ʹ Ƽ հڱ  븦 Ȱ þ. ¥̳׿. ˹  Ѵٴ ¥ ֳ.  ¥鼭 ȭ ó׿..  ѱȭ Դϴ. ...,,,,,,
239, ߰Ǹ   Ϳ Ǹ߰ ȭ     ƽ. ű ڰ 'ϴ'̶ θ Ͱ 13 Ʈ 鼭 ʹ 11 Ű .,,,,,,
240, 켱 Űϴ !    űϳ׿ ʹ  ƴ  ܵ  ο  丮   ʰ Ǯ ̵ ǰ.  ְ ϴ  ƴ ȭ ...,,,,,,
241,帣 ε    ణ    ƴ.   ȭΰ ߴµ 󺸴 ū 谡  ʰ   ſ . ׷  ż ̻缭 8 ...,,,,,,
242,Ƣ ڱ  ȭ ޸  丮θ  ھƳ ѹ ,,,,,,
243, ðԶ߰ ,,,,,,
244,  ġҰŶ ߴµ Ư   ¥  ,,,,,,
245,,,,,,,
246,ǵ ڿ ΰ ,,,,,,
247, ̻ڳ  ϰ   ⵵ رʵ ֵ ٰ̾ 丮 ־Ҵپƴ¸ŭ δٰ ̰ ȭ  ϴµװ ܼⰡ ƴ϶ ̴     ...,,,,,,
248,ȹٴ  Ƽ Ƚϰ ôµ ߹  .    ʹ    ƴѰ? ׷ Ѱ ƴѰ ߴµ ȭ  ٽ ,,,,,,
249, Ʈ ҽ پѴ ѱȭ¸ 2019ε,,,,,,
250,  ̾߱⵵ ǳ     ޾Ƶ鿩,,,,,,
251,  ־.,,,,,,
252,ѱ ְ ȭ õմϴ,,,,,,
253, Ŵ ѱ3 ȭ ȭȫ,,,,,,
254,  ͼ Ұִµ,,,,,,
255, ѱ  ȭ  ,,,,,,
256,Ե ,,,,,,
257, ϰ  ٸ,,,,,,
258, ͽų Ű ȭ  ġؼ ȹϴµ,,,,,,
259,̴. ٵ  ؼ κ  ߴ,,,,,,
260,   ʴ ,,,,,,
261,ƴ ȸٴϴ   ұǰ ?,,,,,,
262,÷ Ƽ ,,,,,,
263,¥ ƴ  ֱ .  ߽ ¾.  ô,,,,,,
264,... ...  ѱϰ ޶,,,,,,
265,ó  ѱȭ . ȣ   ƴϰ ó  ºؾѴ,,,,,,
266,ϴ   öϱ.,,,,,,
267,20 鼭 ÷Ƶ   ˾,,,,,,
268,. ȭ ? ̻.  ϰ  ׷?,,,,,,
269,ѱ  ȭ   ϰ  ɸ 㸦 ȴ,,,,,,
270, ̻ ѹα ȭ  ƾ Ѵٰ  ߴ    ٲ ̵...ȺⰨ پѴ ȭ  źΰ ; а  ̶...,,,,,,
271,  Ʈ ҵ Ǹϴ...,,,,,,
272,    ,,,,,,
273,7 ַ  簡 ż ϰ  鼭  ȭ Ư Ư  츰 ǰε ؼ Ҵ.  ƽ  ḻ  㹫߰,,,,,,
274,̷ ȭ ־,,,,,,
275, ,,,,,,
276,ȭ󳴰ϴ  ,,,,,,
277,ҽ ҽ,,,,,,
278,ͽ. Ѱ ð ϰ  鿡Դ ϼ  Լӿ ִ±׷ ȭ,,,,,,
279, Ƣ ʰ 尨   ִ  ȭ,,,,,,
280,Ʈ,,,,,,
281,̽ ȭ ǥ ѱ ȭ վ ,,,,,,
282,״     θ ̷ 尨 ġ ,,,,,,
283,ѱ  ,,,,,,
284,ѱ  ȭ  ֻǿ  ȭ,,,,,,
285, ճ׿,,,,,,
286,¥   ŵ鸰 ҳడ ƴϿ,,,,,,
287,ȭ 7̸̻ ѵ ڷΰ鼭  尨 ..ð  ߰ʹ  Ǵ,,,,,,
288,ѱ  ȭ Ʋ  ٲ㼭 ο ɸ ȭ ٰ    ü ̾ ȭ,,,,,,
289, 3⵵  ȭ   ȵٰ ˹ ϴ   ,,,,,,
290,ȣ ҵ ,,,,,,
291,׸   ϸ鼭 װͿ ġ ʰ  Ǯ   ϰ Ǿ. ߰ ߰ ġ  ü Ͽ ⵵  ȭ 츰. ⿬ڵ ⵵ .,,,,,,
292, Ʈ ȭ,,,,,,
293,Ƶ פФФФ,,,,,,
294,¥,,,,,,
295,ó  ̾   ٷ   ,,,,,,
296,ȭ ϴµ ̰ ¥  3     ̤,,,,,,
297,ѱ  Ʈ   մ..,,,,,,
298,   ,,,,,,
299, Ǹ  ϴ ȭ.  ӿ Ȧ  Ѵ. ưų ĺ̴ . ȭ ӿ 巯 ¡  ￡ ´. ׸ װ .,,,,,,
300,   ƴ  ڲ     .  ⵵  ϳ   .. 丮  ʾ ٵ ü   ڲ  ϴٴ  ܸ̾..,,,,,,
301,   Ե.  ̰ ? · ȫ ū  ū  Ѿ õ縦 .,,,,,,
302,հߺþϴ.. ϰȭ׿ 丮  鿬⵵,,,,,,
303, ϸ ߺ.¦ ƽ ϸ鼭  ḻε ұ... ĳð  δ .,,,,,,
304, ѱ ̷ ȭ   ִٴ Ʈ  غ ջ ׿  ִ ġ  ƴ ?   ְ ϱ⵵ ϰ ϴ ,,,,,,
305,¼  Ͼ    ̾߱⸦ .. ̳  Ƽ . 丮  ,,,,,,
306,  ȭx   ȭ O  츮󿡼  '' õ Ű     ȭ  Ǵ°? · û ,,,,,,
307,¦¦     ´.,,,,,,
308,ؼ ѱȭ ŬĿ ղʳ ,,,,,,
309,  ,,,,,,
310,1ִ ͵ ̰ų ų ͵̳? ѱ ȭ߿ ̸  .  ͽŰƢŰ   ̳  ٸ .  ȭ   ƴ϶,,,,,,
311, ȭ ȣȣ  ..,,,,,,
312,Ĺݺΰ  µ  .,,,,,,
313,丮  ̳׿.. ȳͼ ƽѤ;;,,,,,,
314,丮   § ȭ.   ̷ο.,,,,,,
315,.. ǰ̿..!!  ̿ 鼭 ó..,,,,,,
316,丮ؼ  ˾ƼϰԲ ȭ  Ӹӿ ɵԲ ϴ° ̿ȭ ŷ ƴѰʹ,,,,,,
317, Ÿ,,,,,,
318,丮ذ߾ȵ..߰ͺ׷ κп ߳̾? ̸γ..,,,,,,
319,̿ȭ ȭ. ׷ٰ 丮  Ǿ ȵȴ. ȭġ ̶ ̷ Ȱ Ȯ κ . Ȯ   鿡 ǹְ 尨 ϴ° ..ణ...,,,,,,
320,   ƽ~Ȥ  ٸ ʹ!,,,,,,
321,ҽ  ̷ԵȰ ⵶ڵǾ,,,,,,
322,Ծ  ° ̾߱絵 ׿ ʾƿ,,,,,,
323,1ػ  . κŸ ȭֺ... ⵶  .. ÷ ȭʰ  谨ִ,,,,,,
324,not good enough,,,,,,
325, ѱ  ȭ ˴ٿ  ʾҴ.,,,,,,
326, ȭ..ٵ     ذ ȵȴ..,,,,,,
327, ѱ ߿ ̴. ϴ 丮 źźϰ  ⵵ ջ̾...ٸ Ĺݺΰ Ÿ鼭 Ѱ ʴ...־  ƽ ״ ϵ ܼؼ ʹ ڱ ..,,,,,,
328,ȭ ȭ  ãƼ      ڽְ õҼִ ȭ ҽ! 丮,,,,,,
329,̰ɿ    볪׿  ȭ   ƿ ,,,,,,
330,δ  ƴ϶ ¥  ̳׿.,,,,,,
331, ֺ Դ  ̽ſ ͽ   ɸ 簡 ,,,,,,
332, õ ̾....    ִ ȭ,,,,,,
333, ۿ Ѿ,,,,,,
334,ѱ Ҽִ ,,,,,,
335,   ʾҴٸ 8  ٵ...,,,,,,
336,   ͽ   ô ȭ,,,,,,
337,ѱ ȭ   ˾Ҵµ  ۵ ִ,,,,,,
338,ó  Ѽ   ϰ ϴ ⸷ ...,,,,,,
339, Ⱓ ãƺ     ѱȣ.,,,,,,
340,ձѵ... ḻ  ƽ..,,,,,,
341,̽͸  ѹ .  ź  θ űⰡ  .,,,,,,
342,׳ ̴°ͺ ս,,,,,,
343, ְ,,,,,,
344,԰     .,,,,,,
345,հԺþ,,,,,,
346,԰ԺþФи԰ְ!!!,,,,,,
347,̰ ¥ ְ ԰ ̳,,,,,,
348,׵  ̾,,,,,,
349,Ѱ͵  ȵ ^^; ̿ȭ ٷ°  غ,,,,,,
350,. ϰ ؼ  ϴ ȭ. ط    ƾ  .,,,,,,
351,԰ ׿,,,,,,
352,մ,,,,,,
353, ........,,,,,,
354,  ....,,,,,,
355,ϴ.... ¥    ġ OOO,,,,,,
356,ΰ ' '̶  ' ',,,,,,
357, ѱ   Ư   ŵ鸰 ,,,,,,
358,  ¼,,,,,,
359, ,,,,,,
360,ȭ ƴ  ̽׸ !  !,,,,,,
361,regi,,,,,,
362,װ ȣŴϾ ε.. ̰.. ְ!! ȸ Ⱑ99%,,,,,,
363,ѱȭ   ɸ   ,,,,,,
364,̿ȭ ̰ ,,,,,,
365,ѱ ȭ   ȴ. µ ǰ̴. ű ̵ ´,,,,,,
366,ü  ѵ,,,,,,
367, ϸ ְ ô.,,,,,,
368,  尨ְ   ԰ְ 尨 ..,,,,,,
369,鼭 򤻤  ְ,,,,,,
370,ȭ ġ .. õ ְ  ʴ,,,,,,
371, ɸ    ҵ ü,,,,,,
372,⺸ٴ ,,,,,,
373,͸   ,,,,,,
374, ΰ  մ īο   ǰ̴,,,,,,
375,ȭ  ٰ ƴ϶  ϸ ̷ ȭ ´.,,,,,,
376,ΰǹ  ӱ淡......,,,,,,
377,ű ĸ ֳ,,,,,,
378,鼭гۿȭ..οȭ Ҹħ 濬⶧ Ȧ´ m..,,,,,,
379,ѱ ȭ ̷Ը شٸ  ڴ!!,,,,,,
380,û ,,,,,,
381, .  丮 ²  ȭ  źź,,,,,,
382," ߸ ?     躸ΰ? ڲ ""ϴ""̶ ϴ",,,,,,
383,ѱ  ȭ ߿  ,,,,,,
384,׳ѱȭ..ұ.Ͼ..,,,,,,
385,̷   Ժη   ,,,,,,
386, ְ ó׿  ׷    ƽ,,,,,,
387,ΰ ̱  ū ...,,,,,,
388,ΰ վ  ų丸ŭ   ..,,,,,,
389, Ǹϴٰ .,,,,,,
390,ѱ ȭ  ȭȫ  ְ,,,,,,
391,,,,,,,
392,  ż߾ ȭ ְ ǹ̵ ִ ȭ  õ~,,,,,,
393,̶ ߵ žߤ,,,,,,
394,̰ ȭ    ʰ    1 Ʊ,,,,,,
395,ФФФФФФФ,,,,,,
396, ѵ...;;,,,,,,
397,ؾȵŴ¸黩¥Ф,,,,,,
398,ñ!,,,,,,
399,,,,,,,
400,  ̵ տ   ϴ ȭ!  ̵ ȭ׿~,,,,,,
401,丮 .,,,,,,
402, ƽѵ º ȭ  ,,,,,,
403,޼     .. ϴ. ߸. ̴.,,,,,,
404,̷Թٷ̵ѱȣ!!,,,,,,
405,峭ƴմϴ. ̳ ..ѱȭ¯,,,,,,
406,ȭȫ   Ҵ ѱȭ ٱ  ,,,,,,
407,ѱ ȭ߿ Դϴ    󵥸 ܤ,,,,,,
408,,,,,,,
409,   ȭ ƴϴ. ׷ ϰ  ϰ  մ ȭ,,,,,,
410,վ,,,,,,
411, ð ߰. ٵ ⵶ ȭ ˾Ҵµ  ȭ󹧼..,,,,,,
412, ݵ   ȭ.,,,,,,
413,հ ,,,,,,
414,͸ ߸    ϴ ൿ    ִٴ°  ְ,,,,,,
415,߸翵ȭ ³ 尨 ,,,,,,
416,̶ ̸Ʒ   ,,,,,,
417, ¥  ѱȭ ġ  ߸ 尨 ...,,,,,,
418, ͽź  ִٴ  ˷ ȭ,,,,,,
419,  ȭ,,,,,,
420,¦Ű   ,,,,,,
421,,,,,,,
422, ,,,,,,
423,    Ĺ.,,,,,,
424, all    ž̾߱,,,,,,
425,ѿȭӱٵȭνõϱ½ȭ,,,,,,
426, ؿ !,,,,,,
427,ϰ ο  弾 Ư λ ȭ,,,,,,
428,2011Ҵ 54/ ΰ ⸦  ׷ . ̵ ڰ,,,,,,
429,߸ ȭ   ȵȵ;;,,,,,,
430,"׹ 2  ""⵶""vs"""" ǽº!!",,,,,,
431,.. ȭ  ..,,,,,,
432,߸~,,,,,,
433,ǹϳ   ѽ ⵶ε ̾߱Ⱑ ִ.,,,,,,
434,ѱ  ȵǴ ̵!,,,,,,
435,   ȭ,,,,,,
436,~츮̸ 2̳ ~װ͵   Ѱ...,,,,,,
437, ̻ !,,,,,,
438,̾,,,,,,
439,͸    ,,,,,,
440,·澾 ͼ  ƴµ    ȭε?,,,,,,
441,̽׸ȭμ ̳ ȭμ ۽,,,,,,
442,  Ƽ ô´..̷..ƴ ȭ - -) Ȳ,,,,,,
443,̾.,,,,,,
444,ѱ ȯ  Ƹ..  ϸ鼭 𸣴  ʹ ,,,,,,
445,ѱȭ ׸ ϰ µ ,,,,,,
446, ߸ ȭ׿,,,,,,
447,ϰ    ̵ ̷ ϰ  ڸ   Ŵ.,,,,,,
448,ϱ⿣...׷  ź!! ϳ ߳¼,,,,,,
449, ż  ־...װ ο.,,,,,,
450,帣  𸣰 ׳  ôµ ¥ɿϰ ߸翵ȭ,,,,,,
451,׷ ,,,,,,
452,  ܸ 鼭 ,,,,,,
453,ȭ ̰ .  ͽų ƴ ô  ִ.,,,,,,
454,뵵  ⵵ Ҵ ȭ,,,,,,
455,9ȸ 2ƿ 8Ÿڰ Ȩ ġٴ!,,,,,,
456,丮 źźϰ  ⵵ Ǹߴ.,,,,,,
457,"̰ ٺ ο""ҽ ""ϰ ˻ϼż ñǮ ־",,,,,,
458,  ʾ ﳪġ ߸ ѱȭ ߿  ,,,,,,
459,ȭ ôµ ݿ  ׿,,,,,,
460,²  ȭ  ߰   ³ ϰ  ȭ,,,,,,
461, Ҿ ѱȭ   ,,,,,,
462,丮 丮 ٵ ⸦ ̸ ϳ.....,,,,,,
463,Ҵ,,,,,,
464,,,,,,,
465,  ,,,,,,
466, ̿ ž Կ  鿡 Ǹϳ  ű..,,,,,,
467,ѱȭ ֿ ߰!  Ҹ̶ Ҹ..,,,,,,
468,ѱȭ ̳,,,,,,
469,ҸҾ..,,,,,,
470,̾ƴ ɸ . ϼ. 尨.  Ҵ.  2% ḻ. ɿ ,,,,,,
471,  ~ ѻ翬 ġ ɲ ƽ   @@,,,,,,
472,ü  ȭ,,,,,,
473, Ǹ ƴѰ!,,,,,,
474,Ϻ ⵶ŵ ı鰣  ϰ  ȭ.,,,,,,
475,⵶ Ӱ ̰  Ф,,,,,,
476,  ֽ,,,,,,
477, ʿ ְ,,,,,,
478,ѱ尨. ߹ݱ  丮. ٵ ǹ̾ ִ° ־..,,,,,,
479,ḻ  ƽ,,,,,,
480,丮  . ñٰ Ű.,,,,,,
481,ȭ ߺþ  ⵵  ȭü ߸ٴ ̵ϴ,,,,,,
482,.....,,,,,,
483,ģ 鸸  ȭ. ׾ õ ã   õ !,,,,,,
484,ϱ ߵȴ.. ׸ ؼ   ̴  .  ,,,,,,
485,ѱ  ȭ Ư ʴ  ϳ .,,,,,,
486,׷ ϴ,,,,,,
487,ḻ  Ǹ ȭ.,,,,,,
488,ͽ  ϳ ȳ    ŵ鸰  ...,,,,,,
489, ѱ ȭ ~ մϴ.^^,,,,,,
490, õ  ᱹ ū Ʈ  ȭ,,,,,,
491,ش ġݴ ĳͿ .     ̴ ǹ .,,,,,,
492,ѱ ȭ .,,,,,,
493,  ¥Ⱑ ƽ    ȭ...,,,,,,
494,׷ ѱ ҽýƮ.,,,,,,
495,ѱȭ߿ ׳  ..,,,,,,
496, ʿ. ϼ ϴ.,,,,,,
497,¥  ѱȭ 鼭 Ҹ...,,,,,,
498,̱̰ ش ͽ ϶,,,,,,
499,.,,,,,,
500, ̰ 7 Ѿ 𸣰ڴ,,,,,,
501,,,,,,,
502,츮ȭġ Ϲ ϼ. ׷ 10,,,,,,
503,ѱȭμ ϳ ż õ.. ⵶  Ʊ,,,,,,
504, մ..   ϳ׿..  ܸ . ҽ. ְ ,,,,,,
505,հ ߺ,,,,,,
506,2%ߴ..Ÿ,,,,,,
507,մ. ǽ ٴ ɸ   ,,,,,,
508,ѱ ȭ ߿ <ȭȫ> ķ ְ ȭ,,,,,,
509,ȭ󿡼  ʹ̰ ڰ  Ѵٴ°  Ÿ ,,,,,,
510, Ƽ ôµ   ȭ ..  λ 1ð 30  !,,,,,,
511,..,,,,,,
512, 3ȭε  ⵶Ͼ ȱ׷  ׷Ҹΰ?,,,,,,
513,  ٿ  ô. ̰ 'ѱ ȭ' ƴұ?,,,,,,
514, ̰ ΰ ״ ⸸ ִ  ѱȭ ¥... ..,,,,,,
515, Ⱑ Ҵ ȭ.   ,,,,,,
516, fµ...  Ѵ. ԰ ¼µ,,,,,,
517,ϸ   Ȱ  ƽ.  3ȸ ̻  Ҹ. ¦¦.,,,,,,
518,,,,,,,
519, ,,,,,,
520,ż  źź 丮. ǿܷ Ҵ ѱȭ׿,,,,,,
521,հԺþ~,,,,,,
522,׷ ¼?,,,,,,
523,ͽųη  ȳͼ ߴ,,,,,,
524,ḻ ذ Ȱ°ǰ.. 㹫Ѱǰ..,,,,,,
525,ѱ ȭμ   ȭ,,,,,,
526,.,,,,,,
527,ȭ ġ  丮  ִ ȭ,,,,,,
528, Ͽϴ..  հ  ѱ ̽׸ ,,,,,,
529,⵶Ե  ȭ ȭϻ..  -;;;;,,,,,,
530,ذȵǴ°  ̿ȭ ⵶ǿȭϴ°?ϻ̴.,,,,,,
531,丮 Ҵµ,,,,,,
532,ν 丮    ϸ ȵ. ǰȭ ,,,,,,
533, Ⱑ Ҵ٤ ÿϰ ߺ,,,,,,
534, 簡 ̸ ƺġ  ϱ   ʳ..,,,,,,
535,ϰ 7      µ ,,,,,,
536, ణ Ѱ ,,,,,,
537,ƿ. ƿ. ƿ.,,,,,,
538,̾...............,,,,,,
539,ѱ ȭ   ־.,,,,,,
540,ѱȭ  ʾ ...,,,,,,
541,̰   ó  ȭ.,,,,,,
542,̿ȭ 7̳ _,,,,,,
543,źźѽ丮 ѱȭ Ͱ,,,,,,
544, ο ;,,,,,,
545,  丮  ߸ٰ  ,,,,,,
546,    ̷ ȭ ֵ  ϳ   ..,,,,,,
547, ...̷ 忡  ФФ +_+,,,,,,
548,͵ ȳ ̰  ȭ³?嵵 ξȳ  λ,,,,,,
549,ΰ  ִ ҾȰ ɸ   ȰѴ,,,,,,
550,̷ǿȭ ʹϴٽ丮,,,,,,
551, ڵ尡   ´ ȭ  .,,,,,,
552,  Ҹ ~,,,,,,
553,   ....     ȭ,,,,,,
554,׳ ⸸ߴ.,,,,,,
555,㿡 ȥ ڰڴ  ,,,,,,
556,ƿ ȥڹ㿡 ,,,,,,
557,,,,,,,
558, ȭν ѵ.,,,,,,
559,츮 ȭġ մ ,,,,,,
560,ó  尨ִ ̵ ȣ,,,,,,
561,   ȭ ...,,,,,,
562,̷   ִٴ Ϳ ̷οϴ. ǰ ¯̿ ^^,,,,,,
563,볭.......,,,,,,
564, ϴ~~ȭ   ȥ^^; ȭ  Ȱ~,,,,,,
565,մ.  ְ. Ư 翪   ǥϳ Ҹ ƴ.,,,,,,
566,ְϴ.   ϰ ϳ׿,,,,,,
567,վ.  ϰ ǰ  ʰ! մϴ,,,,,,
568,躸 ¯̳..,,,,,,
569, ѱ ϴ¼ ,,,,,,
570,հ ýϴ. ̾ Ⱑ  ߳׿.,,,,,,
571, ̴   ϴ..,,,,,,
572,ൿҾȴϴԲūֽŰͰپƸ,,,,,,
573,ѱȭ    !!,,,,,,
574,ְ ȭ ѱ 翡 µ پ!  õ!,,,,,,
575,  Ҹģ. ¥   ѱ ȭ,,,,,,
576,߸   ڽ ʶ߸..,,,,,,
577, 縦 ҽϰԳ Ǯ ,,,,,,
578,Ҵ.   ,,,,,,
579,ѱȭ !,,,,,,
580, ΰ  ִ°,,,,,,
581,丮 µ ̾,,,,,,
582,Ѽ     ¥ӻ!,,,,,,
583, !Ȳ̳ 丮 ʴµ ĳͿ ǰ׸.,,,,,,
584,ѱȭ ȭ Ǹ  Ȱ־µ  ǰ ܿ ̴.,,,,,,
585,ͳ ̶ ѱȭ߿    4ÿ ȥ ³ Ժ,,,,,,
586, 20Ⱑ̻ƿ ѱȭ5ôµ ܿ̿ȭְ,,,,,,
587,  ϰ  ˰ڴµ     ;䵵 η繶. ¯!!,,,,,,
588, ְԺôµ   ,,,,,,
589,ͽ     ũ.  ѱ  ְ ȣ ȭ,,,,,,
590,ټ ڱسϴ   ܿ ȣ ְ ϼ...,,,,,,
591,...ʹ ߸......... ۿ,,,,,,
592,ɸ   ѱȭ ߿ ְΰ  ⵵ ڿ,,,,,,
593,̴ ̻...,,,,,,
594, ̱⸸ϰ ƹ Ǯ,,,,,,
595,õ .,,,,,,
596,ѱ  ȭ~,,,,,,
597,ڸ       ȥڼ..  ¥ ,,,,,,
598,ݱ  ȭ ְ,,,,,,
599,õ 尨  . ¥ӻִ .,,,,,,
600,1ð 30б  ϸ鼭 ôµ.. ¥  ̤,,,,,,
601,ڰ ִ  ¥ӻ ִ 丮    ƽ  .,,,,,,
602,  ;;,,,,,,
603,ῡ ȥںϱ ְ  ̿ ,,,,,,
604,Ү˧ !? û ϰ  ࿡ ϱ ó̴.,,,,,,
605, Ⱑ ؿ  ϳ׿. ü ...,,,,,,
606,ѱ ̷ ȭ ٴ.... Դϴ!!!,,,,,,
607,   ȭ ߵ..,,,,,,
608,˹ֱֱ..̰ ̰  ϰ͵ ϴ. ..,,,,,,
609,ȸ Ϻ ̻ е  .,,,,,,
610,ʰ   Դϴ. ~,,,,,,
611, ̰   û   ....,,,,,,
612,     ,,,,,,
613,ִ  ں  ,,,,,,
614,ѱȭν Ļ ʰ ϱ ,,,,,,
615,ȸٴϸ鼭 Ƕϴ ѹαε~~ƶ!!!!!!!,,,,,,
616,ϴܰ  ..^^ŴϾƷν10,,,,,,
617,ѱ  ߸....,,,,,,
618,ũõ  ʰ Ͼ   ȭ   ֳ䤻,,,,,,
619,!!! Ծ!!! ߸巶!!!!,,,,,,
620, ȭ ϰ ε  ȭ  Ű  ߴ.,,,,,,
621,  ,,,,,,
622,  ̰  10 ִ°ǰ????,,,,,,
623,ѱȭ   ʾ ִ ȭ,,,,,,
624,ѱȭġ   ..,,,,,,
625,̴ !  ⵶ ̿ȭ  10!!,,,,,,
626, Ƹٿ ѹα ,,,,,,
627,Ӵϰ  ⵶ƴ ̴,,,,,,
628, ƯҰ͵ ȭ 10к     ˾Ҵ,,,,,,
629,־ ܼ ⵶ ϴ ̶   ,,,,,,
630,Ű   ׷±.,,,,,,
631,°ִ...̴ ........... ƽ̾...,,,,,,
632,ۼҳ ص  ڳ ˻   ȭ ?,,,,,,
633,뺸ٴ ణƽ.   ǰ ,,,,,,
634,  ʶ  ڸ  ׷´,,,,,,
635,Ʈ ķ   ȭϴ,,,,,,
636,õҸ ȭ!,,,,,,
637, ׳....,,,,,,
638,س ȭ. ,,,,,,
639,ȭȫ ְ ̳׿. ¥ӻְ  ϼ ϴ,,,,,,
640, Ź . ׿  ŭ  źź ȭ׿,,,,,,
641,   ѱ ȭ  丮    ȣ,,,,,,
642,ȥںµ 峭ƴԤ ⵶̵  µ ,,,,,,
643, 0  ? ¥ 0¥ȭ ð  ȭ Ʈ ǳ װͱ,,,,,,
644,尨ִ 丮 Ҹ    ¦ ƽ,,,,,,
645, ְ   մϴ. ȭ ..,,,,,,
646,ѵ . Ư ͵ ̴µ..,,,,,,
647,̷ םoⰰ ȭ ó ξ˹پ!!!!!!!!!!!!,,,,,,
648,׳  ׷...,,,,,,
649,ĳ ؼ ϱ⸸ϳ,,,,,,
650,̰ź ⵶ ϴ  ϴ    ,,,,,,
651,δٸ  ,,,,,,
652,ױ⸮ ,,,,,,
653,̰   뿩 ..  .,,,,,,
654,ũ ࿡     ѱ . 8 ȴٰ .,,,,,,
655,  ȭ׿.... ¸  ,,,,,,
656, Ⱑ .ٸȭ ʾ 2009   ǰ̾ .,,,,,,
657, ѱȭġ  ߸ǵ...,,,,,,
658,    ġִ,,,,,,
659,ǥ 幰 õ ȭ,,,,,,
660, װ ȭ .   ̷Ӱ ִ.,,,,,,
661, ϰ  ִ. Ư     ..,,,,,,
662, Ѱ Ƣ ͽŵ  ȭʹ  ٸȭ,,,,,,
663,׷,,,,,,
664,... ׷       κ ־.,,,,,,
665,λ .. Ƹٿ ..,,,,,,
666,󹫼,,,,,,
667,׷ . ȹ.,,,,,, Фְ
668,....ʰ....,,,,,,
669,ѱ  ȭ ϰ  ؼ! ϼ 100%Ϻ,,,,,,
670,۳  ߿ ϰ   ȭ  ̾...  ƽ,,,,,,
671, ѱ . ͽ̳ н   .,,,,,,
672, ... ȶ ̻ϴ.,,,,,,
673, ȵ  ? ݱ  ȭ ְ .,,,,,,
674,źź ó ƽ ,,,,,,
675,ȭ  µ Ҹ̵Ƽ  ̷ǰ ٴ Ʊ װڵ.,,,,,,
676, ׿.   ״ ˾ ФФФ,,,,,,
677,...,,,,,,
678,.. ̷ ḻ  ȭ  ϳ ƴұ?,,,,,,
679,ߴ  鵥? ӾҴ ,,,,,,
680,뵵 źźϰ   ϳ׿. Ư 翪 Ͻ ...,,,,,,
681,Ⱑ ,,,,,,
682,Ư  Ⱑ  ,,,,,,
683,7 ƴѵ .. ߸ ȭ...8 ,,,,,,
684,ȥ Ҳ  尨 ġ     ǥѰ ƿ.,,,,,,
685,ȭ   źź 丮Դϴ~ Ű ȭ ٸ׿,,,,,,
686,.. ܻ ƿ,,,,,,
687,Ʈ ̵  츮Ʈ ٸ ,,,,,,
688, ǹִ ȭ.,,,,,,
689,ȸܸ ̶ аŸ  ¥. ׷  վ. ,,,,,,
690,ѱȸ ϰ ִ   ǥϰ ִ. õ~,,,,,,
691,ȭ     .  ȭ ؿ  .,,,,,,
692,Ǹմϴ.,,,,,,
693,ϳ ְ þ~ ¦¦~,,,,,,
694,̰ ̸  ǰ پ.. ȭ ǰִٴ° Ѱ..,,,,,,
695, ߴͺ  .,,,,,,
696,   ƴϾٸ...........  ƽ ,,,,,,
697,,,,,,,
698,㹫 .,,,,,,
699,,,,,,,
700,ϰ Ҹġ  ȭ..,,,,,,
701,߸  ,,,,,,
702,ǰ ̽͸,,,,,,
703,Ϳ!!!!,,,,,,
704, ȭ ..  ϸ ȵȴ  ,,,,,,
705,...   ѱȭ ž̰ ϰ ߸,,,,,,
706,,,,,,,
707, 7 ¥ ȭ,,,,,,
708,ſ ̾.,,,,,,
709,Ҹ Ŀ ְ ѱȭ! ġ ׳ !,,,,,,
710, ..,,,,,,
711,̰ ٷ ѱ ȭ,,,,,,
712,   ȭ.  ѱ ȭ ϳ .,,,,,,
713,߶ϴ ѱȭ   ־! ȭ Ҹ    Դ.,,,,,,
714,,,,,,,
715, ....̰   ñ...,,,,,,
716,ȭν   Ǹ..,,,,,,
717,Ưϰ  Ҵ  ణ ƽ,,,,,,
718,׳ɺ Ľ   .,,,,,,
719,,,,,,,
720,޺κ ణ ƽ. ׷ ,,,,,,
721,մ,,,,,,
722,09 ȣ!!!!!!!,,,,,,
723, ߴٸ   ǰ  ...,,,,,,
724,ϴ 帣̱⵵ ϰ  ְ ô,,,,,,
725,ḻ ʹ 㹫ϴ.. 帣   ̽͸  ٲ,,,,,,
726,̷  ȭ ó̾.  丮 λ.,,,,,,
727,̹ ˹ٰ ʹ ... Ͼ ׷ 볭 ȭ  ̴!!,,,,,,
728,Ҹ..乫..αιϴ»ؾȵƾµֳ׿!,,,,,,
729, ȭ ϴ ..,,,,,,
730,׷  ϴ.,,,,,,
731, .,,,,,,
732,ḻ 㹫ϴٰ ,,,,,,
733,Ҹ ڱ ־θ ų ȣȭ  ̿ȭ  ݼ϶.,,,,,,
734,ѱ ȭ ,,,,,,
735,̰ ⵶  ȭ  ȭ ˲ ðų ȭ  ,,,,,,
736,ȭ ̷͵ ȭİ ϴ» ѹ ʹ Ѥ,,,,,,
737,!!! ƿ!!,,,,,,
738,׳ Exorcistȭ   ...   ~~~,,,,,,
739, ϸ鼭 ô.    ʹ Ҹ Ҵ.,,,,,,
740,¥Ԥͤµ䤻߰¦¦ٵϹ..,,,,,,
741,Ե 100%!!! û뿵ȭ ֿ ̰ ޾Ҿߴµ,,,,,,
742,  ݿϴ  .   .    ŵ.,,,,,,
743,ޱ Ҿ԰  尨 츰 ̵.,,,,,,
744, йڰ     ȭ    ,,,,,,
745,̳ ̷ ȭ,,,,,,
746,ѱȭġ ,,,,,,
747,ż   ȭ...   ȭ..,,,,,,
748,   ѱȭ.  ܱȭó ϵ ƴϰ,,,,,,
749, ص ߾ȵǰ,,,,,,
750,׷~   ϰԵǰ  ȭΰ !,,,,,,
751,̿ ·游 ȳԾ 1ִ ȭε... ̸  ϴ 츸..,,,,,,
752,׳ ̰ ͼ 9. μ ôµ  丮 ¥.,,,,,,
753, ѱȭġ ~,,,,,,
754,ȭ.,,,,,,
755,ο?? й??   ʹ ,,,,,,
756,Ͼ̾߱... ȭҰʹؼ ȭĹ...,,,,,,
757,Űºκ ..ֱٺô ȭ ־ǰȭ!,,,,,,
758,  ϴ.,,,,,,
759,4.  ̻ ϵ ƴ..,,,,,,
760,ʹ ҽ;;  ;; ̤,,,,,,
761,¦¦  ͺ    ־ ټҸ ȭ.,,,,,,
762,̶ ̺ôµ ῡ  ..  Ǽ,,,,,,
763,ȭ  ýѵ ̰   尨  վ䤾,,,,,,
764, ʹʹ  ,,,,,,
765, 尨  Ѱ .. Ư   Ĵ,,,,,,
766,  ȭ..,,,,,,
767,ѱȭ   ۿ 𸣴 Ϻ Ⱑ ƴұ?,,,,,,
768,  M̳//// 4οŹ Ʈ ϰ;...,,,,,,
769, ̴. ⵵ 븸 ~   ~ ϰ ϰִ,,,,,,
770,ϰ Ҵµ.. ¥ .. ߺþ,,,,,,
771, ;;.. Գ׿,,,,,,
772, ȭ Ҵµ   ... ȯ ȹ 5,,,,,,
773,ϴ ȭʹ  ٸ.,,,,,,
774,...  ׿.. Ф,,,,,,
775,   ְ ó׿ ι   ְ ó׿~,,,,,,
776,ôµ ..ص Ȱ ¥... ̰ ,,,,,,
777,ϱѵ ̷ ȣ ? ظ޳,,,,,,
778,ϰ  ʾ  ޼ ,,,,,,
779,Ҵµ?嵵ǰ!,,,,,,
780, ̿ȭ  ⵶ε ` ߸翵ȭ` ѻ .. (),,,,,,
781, ε ȭ ô,,,,,,
782,... ¸ ޻޻...  ...,,,,,,
783,鼭¥ Ȳϳ׿ ̾,,,,,,
784,  峭ϴ?,,,,,,
785,  ־µ ,,,,,,
786, ,,,,,,
787,ðƱ ó,,,,,,
788,ΰ ϴ°͸ ...  ȭ ...,,,,,,
789,̷ Ǵ ȭ ̳     վ ׿~,,,,,,
790,ϴ ⸸ .,,,,,,
791,Ÿ ..  ...,,,,,,
792,ʹݿ 丮   ʾ 䵵  ϴ ǹϴ ٰ ū!,,,,,,
793,⵶ ϴ  ̱.   ˹    .  ,,,,,,
794, ô ~~~ ٵ ⸦ؼ ȭԵȴ٤~~,,,,,,
795,̵   ̳,,,,,,
796, ȭ ýѵ վ,,,,,,
797,ö ȸȰ ٴ Ͻô ܸ ;,,,,,,
798,ذġ ϴ» ڱ  ϴ»  ϴٱ .,,,,,,
799,⵶  Ͼ  ϰ...    ,,,,,,
800,1ð ſ  40 ʹ ɾҴ.  .,,,,,,
801,  ȭ.,,,,,,
802, ⵶   ƴ϶   õ,,,,,,
803,~  ~,,,,,,
804, ͰƼ ÷ַ غ ȭε Ϳ..ѱȭ,,,,,,
805,̶ ѱ ȭ ߿  ,,,,,,
806,"ѱ ȭ  ϳϵ. ٵ  ""ҹ ͽϸ ""̾.",,,,,,
807,..  ,,,,,,
808,   ʹ ¥,,,,,,
809,ƴϿ 8.. ȭȫ  ￡ ȭ Ҵ,,,,,,
810, Ѱ ƴѰ..,,,,,,
811,  ,,,,,,
812,ϴ°  丮  ... ʹ,,,,,,
813,ḻ ʹ.. ׷ 츮 ȭġ  Ҵ.,,,,,,
814,丮    ϰ Է־ !,,,,,,
815, ⵶ ϴ°ų? ⵶ ϴ°ų?,,,,,,
816,⿵ȭ Ҭ,,,,,,
817,丮 ׹ . . .   ȭ  . . . .,,,,,,
818, mistϴ¿ȭ.ش ⵶ ϸ,,,,,,
819, .... ٸ  ٸž  Ѥ;;ٰ ٴ  ۿ..,,,,,,
820,ְ..,,,,,,
821,Կ Ͽ հ    ȭ. . .,,,,,,
822,йǿ±....Ʊȭӿиϴ,,,,,,
823,ʹ  .,,,,,,
824,ֱ ѱ ȭ  ̵ ȭ,,,,,,
825,ſ  ΰ  װͿ  ,,,,,,
826,ְ!!!,,,,,,
827,¥ӻ ִ  ̴ ǰ..   ..,,,,,,
828,....   ....ʹ 븻   ...,,,,,,
829,ѱȭ߱,,,,,,
830, ȭ ּ 8 ǾѴ. ϼǾִ ¥ ȭ.,,,,,,
831,  ׼  ϰ  ɸ   ǥ ,,,,,,
832,⺸ ,,,,,,
833,Ӵ ver. ѱ = ű⵶,,,,,,
834,   ȭ   ׿   ÷~~,,,,,,
835,̰ ̰   ⿬  .,,,,,,
836, 5 ѵ 10 ġ...,,,,,,
837,Ƴ տ ......,,,,,,
838, 츮 ȭ  ش,,,,,,
839,ȭ? ƴ ̻ ¥,,,,,,
840,ȭٿ ȭ ̳׿,,,,,,
841,ż  ȭ,,,,,,
842,ű ߴٱ   ϳ׿,,,,,,
843,̷ ȭ  ȶ????,,,,,,
844,ȭ ߸׿,,,,,,
845,׷ȭϰŶ   ȭ,,,,,,
846,ٸ ٸ  ~,,,,,,
847, ٸ ......,,,,,,
848, ȭٿ ȭ׿,,,,,,
849,Ҿ.. 尨 ְ~~ հ ߺþ,,,,,,
850,ظ ѱȭ ߰  Ⱥµ ̰  Եǳ׿,,,,,,
851,  ϴ !,,,,,,
852,ȭ ٸ  ű ǥ  ߵִ ȭ׿,,,,,,
853,ȭ ޴  ȭ,,,,,,
854, ,,,,,,
855,~~~ĪĪ,,,,,,
856, ̸  ؾȵ,,,,,,
857, ߻󿡼 ,,,,,,
858,߸µ   忡 ȴ,,,,,,
859, ,,,,,,
860,̷ ȭ ߵǾ ѱȭ ٵ,,,,,,
861,ؿ뿡  ȭ Ÿ.....,,,,,,
862,߸,,,,,,
863,̷  ѱȭ.......־ٴ,,,,,,
864,뺸 ξ ߸翵ȭ,,,,,,
865,ְǹ ְ ,,,,,,
866,̿ȭ   ,,,,,,
867,Ư  ....,,,,,,
868,ݹ泻 ôµ Ⱥ ȸһ ȭ,,,,,,
869, 򰡵 ȭ ϳ,,,,,,
870,Ϳ  ߻츰ȭ,,,,,,
871,ְ ȣ ȭ,,,,,,
872,߸ տ  ȭ,,,,,,
873,ְ. ȭȫķ ̷ȭ ó̴.,,,,,,
874,Ʈ ķ  ѱȭ.. ,,,,,,
875,ѱȭ̹߽ϴ!,,,,,,
876,ѱȭ Ưȭ  ο . ڿ  ż ѱ.,,,,,,
877,   ߻츲,,,,,,
878,忡 ~~~~,,,,,,
879, μ ׿,,,,,,
880, ȭ  ׿,,,,,,
881,̷ȣ  7????10 ൵ ȾƱ,,,,,,
882, ѱ ȣ ,,,,,,
883,忡 ɻ Ǵ....,,,,,,
884,־ ̷ο,,,,,,
885,忡     ôµ...  ~ 뺸 ѽ.. ^^,,,,,,
886,ѽϰ   ,,,,,,
887, ʹ ̻... ѱȭ 幮 źѰ...,,,,,,
888,۷ 幮 Դϴ.,,,,,,
889, Ⱦؿ.   ȭ  ̷ӳ׿.,,,,,,
890,ٷ  Ⱓ  ѱ ȭ  ż,,,,,,
891,ѱ ,,,,,,
892, ϰ ôٰ  ȭ ,,,,,,
893,ѱ ȭ ,,,,,,
894,縦  ߻     ,,,,,,
895,򰡵 ȭ ƴ,,,,,,
896, ȭ   .,,,,,,
897,ѱ  ֱ ̱!!!!,,,,,,
898,縦 ̲½ϴ. ⵶. ŵ鸲 ǥ߳׿..ϴ,,,,,,
899,~ ٸ ..   .. ... µ Ǹϴ.,,,,,,
900,ְ ȭ ϳ,,,,,,
901,򰡵 ȭ ϳ,,,,,,
902,  ~~~~ ϳ;;;±,,,,,,
903, ̿ȭ  ??,,,,,,
904,Ư  !!!,,,,,,
905,̿ȭ 縦,,,,,,
906,  ~~~~ ϳ;;;,,,,,,
907,ű ֵ  ߳ ........,,,,,,
908,   ְ,,,,,,
909,8 ̻ ȭ,,,,,,
910,  ̷ ߸ ȭ,,,,,,
911, Ǹ ȭ,,,,,,
912,׷ȭϰŶ   ȭ,,,,,,
913, һ ~~~!,,,,,,
914,   ,,,,,,
915,ѱȭ top5ȿ  ,,,,,,
916,¼   丮  ѱȭ ̷ ɼ Ե ȭ,,,,,,
917, ôµ...     ȭ,,,,,,
918,Ʈ . Ȥ  ̻.,,,,,,
919, ̶  ٸ,,,,,,
920,ʹ¥~~8  ̻ϴ,,,,,,
921,߸ ȭ̳ ű  µ,,,,,,
922, ￡  ȭ ϳ,,,,,,
923, ׿. ̰ ,,,,,,
924, ϰ ôٰ ~~~,,,,,,
925,õ ,,,,,,
926,̷ȣ  7????,,,,,,
927,ѱ ȣ ~~!,,,,,,
928,  ~~~~ ϳ;;;,,,,,,
929,ʤӰ ,,,,,,
930,߸ ȭġ  ,,,,,,
931, ְ 丮 źź,,,,,,
932, ȭٿ ȭ,,,,,,
933,߾￡ ̾ ҽ.. Ϻڳ׿,,,,,,
934, 幰  ȣ!!,,,,,,
935,  Ѥ ׷  ˸?,,,,,,
936, Ű ...ǳ  Ȳ ȥ ,,,,,,
937, 丮 źźϱѵ  丮 ذȰ ,,,,,,
938, ,,,,,,
939, ڸ   ѱȭ   ȭ,,,,,,
940,񺸰 ׷ȭϰŶ ߸ ˻ ~~ȭ ,,,,,,
941,8 ̻ ȭ,,,,,,
942,̷ .....,,,,,,
943,2009ְ ȭ,,,,,,
944,߸  ̷  ȭ,,,,,,
945,   ְ,,,,,,
946,ű ֵ  ߳ ........,,,,,,
947,ȭ߿ տ ȭ,,,,,,
948,  þ.....,,,,,,
949,߸µ  Ⱥ Ѥ;;,,,,,,
950,繮 ,,,,,,
951, ؼ ڹǿ⵵ Ǹ̰ .. 길ϴ..,,,,,,
952,ϰ.. Ǽ ... ϴ...,,,,,,
953,ʹ վ~!..... ^,,,,,,
954,ϴ ѹ ° ְ... ó   ݸ  ְ!,,,,,,
955,... ͽ  ұ?~?   ,,,,,,
956,湫ο ȭ       ٷ ̷ ȭ ̴.,,,,,,
957,ɸ ڱ ϴ     ƴұ ϴ  .,,,,,,
958,ϴ  ...   ȭ?,,,,,,
959,ѱ ȭ 1~~!!!,,,,,,
960,ȭġ  ,,,,,,
961,ϻ Ȱ  ٰü ˰ ȭ,,,,,,
962,Ҹ  . ߰߰ Ȱ  ḻ ƽ. ,,,,,,
963,ΰ.... ....  ϼ  ȭ ...,,,,,,
964,ѱ ߿  Ҵ..   ǥ..ΰ ǰ  ..,,,,,,
965, ƴ϶  Ҵٴ..µ  ߾,,,,,,
966,ḻ  ȵ;;;,,,,,,
967,2 Ҳ ȥ  ȹ ȭ..  ?,,,,,,
968,  ȭ׿.    Ѱ ƽ...,,,,,,
969,1ÿ ȥںµ . ḻ ʹ 㹫ϰ ,,,,,,
970,Ȩͷ  Դϴ ¥ ε Դϴ!  ξ ,,,,,,
971, װű  OO Ҹ,,,,,,
972,ֱ Ⱓ  ȭ   ׷10,,,,,,
973,뿡 ġ ߴ ḻ. ׷  ³ ǰ Ҹ.,,,,,,
974,  ¿ ڼ..  ŸƲ ν ǰ..,,,,,,
975,¥ִ   ḻ ణ ƽ,,,,,,
976, ߸ Ưִ ѱ ȭ ʹ 򰡵Ǿ.,,,,,,
977, Ҹ   ȭ  ̵,,,,,,
978, ׿. ̰ ,,,,,,
979,  ε ȭ ýϴ ¥ ѱȭ߿ ȵǴ ,,,,,,
980,¥ Ҹ ,,,,,,
981,׷ 尨  ϰ  ȭ,,,,,,
982,ȮƲŬ̸ºüαѱȭġA,,,,,,
983,Ĺ ϰ  Ե   ū ٷ,,,,,,
984,ȭ  ȭ. ϰ Ҹġ  Ư ,,,,,,
985,׳   ѱȣ߿ ...,,,,,,
986,  ο. ϰ   ȭ,,,,,,
987,̶⺸.. ̻ȸ ܸ  ִ ǰ̾.,,,,,,
988,尨  ̵ ,,,,,,
989,δ ο 鿡 Ҵ ƿ^^,,,,,,
990,  ȭ߿  ,,,,,,
991,ȭ5 ̾10ؼ 7 .   ̻.,,,,,,
992,ѱȭ  ...,,,,,,
993,  ָ  .㱸,,,,,,
994, ...  Ưȿ ݸ  ־...,,,,,,
995,    â? ,,,,,,
996,ź,,,,,,
997,ϰ   ȭ,,,,,,
998,츮 ȭ Ѱ踦.,,,,,,
999,  ȭ߿ ְ ȭ,,,,,,
1000,ȭ   ʹ   6,,,,,,
1001,  ؾ .  ġ.  ƽ ! ,,,,,,
1002,09 ѱ ȭ  . Ҹ  .,,,,,,
1003,õ ҽ Ǹ ȭϴ...,,,,,,
1004,ٴ  ־.. ϳ׿.,,,,,,
1005,1  ͵ ׳ ֿ̳ ѹ  ĺ  ȭ  ,,,,,,
1006,    ϰ ϳ׿~~  ư ̴ ..,,,,,,
1007,̽͸  ȿ ¿,,,,,,
1008,ѱ'ȭ . ڱͽŵ ,,,,,,
1009, ־ ǿȭ  尨  ??Ӿ??ȵ,,,,,,
1010,.  .,,,,,,
1011,ȭ ޴ϾƷμ,,,,,,
1012,ȭ  ׷   ,,,,,,
1013,¥Խø!!!!,,,,,,
1014,ϱ ƴϰ ׳ ⵶ε ⿣ !  ְ,,,,,,
1015, ־  ׷ȭ...,,,,,,
1016,¥ӻ  ȭ.,,,,,,
1017,ظ ⿵ȭ  ߸׿.丮¥,,,,,,
1018,尡ȭ  鼭̳߷ ߰Ǹ  Ȯ 翵ȭ,,,,,,
1019, ķ   ȭ.. Լҹ Ÿ  ѵ..,,,,,,
1020,,,,,,,
1021,  մϴ...,,,,,,
1022, ,,,,,,
1023, ~ ߸µ..,,,,,,
1024,ְ  ̰   ڵ ƿ-_-,,,,,,
1025,ټ ϰ ״  κе  ʾ.,,,,,,
1026,׳  ȭ,,,,,,
1027, ϸ鼭 ȭó׿. &  ʹ ѵ,,,,,,
1028,100   ɸ Ѻ...,,,,,,
1029, ߸  ̶ ǳ׿. ϴ.,,,,,,
1030,ʹݿ  ܿ ;µ,,,,,,
1031,   ȭ ְε ..   忡  ȸ ...,,,,,,
1032,  ̻^^ ׸  з ,,,,,,
1033, ο  µ  ¥.,,,,,,
1034,·̺ ¥ ϴµ  ̻ڴ,,,,,,
1035,ѱ .ǹ̾°ͿŰ.ƹ͵µִµѿ.,,,,,,
1036, ǰ   䳢 ,,,,,,
1037, .ȭ  ״´ ׾.,,,,,,
1038,1fµ ذȵ ̤ ׷  ٸ׿,,,,,,
1039, ԽŰ  ɷ Ҹģ!!,,,,,,
1040,츮 ̷ źź ȭ ־?,,,,,,
1041,뵵 ߴµ,,,,,,
1042,縦  Ȱ,,,,,,
1043,ѱ ȭ ҽ   ִ,,,,,,
1044,ȥڼ     ׷ ̶   þ   ,,,,,,
1045,Ҹĥ ⺸ٴ ³ ϰ ٴ.. 尨~,,,,,,
1046,巴 פ..,,,,,,
1047, ϴ. 㿡 ȥںٸ û ︸  ٷ ȭ~,,,,,,
1048,԰ ׿,,,,,,
1049, ... ְ..   ۿ ,,,,,,
1050, ԉ....㿡 Ҳ ȥ   ׿ ֿ  ְ,,,,,,
1051,࿡    ƽ,,,,,,
1052, ,,,,,,
1053, ȭ ҽ ! ó  ѱ ȭ .,,,,,,
1054,  δ   ʹ η,,,,,,
1055,Ĵ޴ 춳  س   ϴ,,,,,,
1056,ѱ ȭ  ( >,,,,,,
1057,.,,,,,,
1058,׿,,,,,,
1059,츮 ȭ   ..䰡п ҵ,,,,,,
1060,츮 ȭ  ٸ .,,,,,,
1061,츮..̰ ߴ...ѱȭ ߴ,,,,,,
1062,   ƴ ɸ̸  .!!!,,,,,,
1063, ׳ ѱȭ ,,,,,,
1064,ٶ  Ѵ´. ҽɰ Բ.,,,,,,
1065, ѱ ȭ ȴ!! ȭ  ̸ŭ ~,,,,,,
1066,ѱȭ ̷!,,,,,,
1067, ״  ˾,,,,,,
1068,˹ٶѵ ? ̿ȭ   ˹Ÿ̾,,,,,,
1069, 볲,,,,,,
1070, to the ,,,,,,
1071, ϰ þѴ............¥ӻ  ִ ȭ.ѱȭġ,,,,,,
1072, ճ Ǵ ..  ׷ڿ   Ҵµ..,,,,,,
1073,"  ....""",,,,,,
1074,α   ˸ ʳ...   ѱȭ 弭...Ф,,,,,,
1075,츮 ȭ Ʈ  óΰ  µ Ұ,,,,,,
1076,츮 ȭġ ҵ... Ư ̰ ʹ  ,,,,,,
1077,˹Ÿ         ε ȭ,,,,,,
1078,־ ȭ  Ʊȭ 䵥 ̸ž ˹ٻ¯,,,,,,
1079, ᱹ ΰ  ü..  Ҷ  ܳ.,,,,,,
1080,  ȭ,,,,,,
1081,ûϰ ϴ ٸ ó  ¥ӻְ ǥƴ,,,,,,
1082, ޼. ϰ  ʹ  ȭ.,,,,,,
1083, η ô.,,,,,,
1084, ȭ   ̽ſ  ö ̾µ   ݴ,,,,,,
1085, 丮  ˴ ... ְ  ص и ̻ ȴ,,,,,,
1086,츮 ȭ ġ ְ...ٵ  οϰ κ ΰ ,,,,,,
1087,˹ٵ 庻;;; л?84  ϱʴ !,,,,,,
1088,ѱ   ҽ ҽ ذ,,,,,,
1089,׷ ѱ ȭ  ϶  ,,,,,,
1090,  ѱ ô. Ⱑ Ƽ Ե ߵǰ 15 ¯.,,,,,,
1091,ϴ    ر̰ ü Ƽ곪 ⵵ ߴ..,,,,,,
1092, ȭ ܿ ְ. 丮 ü źźߴ.,,,,,,
1093,  .   ߿ ε....,,,,,,
1094,7.  Ϻ 9.  ̸ ȭ  ׷10,,,,,,
1095,õ ҽ...  մ...  ʰ...,,,,,,
1096, վ..,,,,,,
1097,ȭμ ſ ~ſ..,,,,,,
1098,¥ ְ.. ׵ ̷ İ Ѥ,,,,,,
1099, Ŭ̸ ... ׷ ü   .,,,,,,
1100, ٰ ƴϱ......ְ!!,,,,,,
1101,̶ Ȳ ƿ  10¡ ,,,,,,
1102,âȭ ̿ ϰ  ѱ ,,,,,,
1103,..  .. 尨 ְ.. ٵ Ƴ ƴѰ 𸣰ڳ׿..,,,,,,
1104,Ϳ! ̷   ȭ ¥ 幰.  !,,,,,,
1105,ḻ ¦ ƽ  !!,,,,,,
1106,   ȭ.    ±±!,,,,,,
1107,... 32 鼭 ô.... .... 鼭  ...Ѥ;;,,,,,,
1108, Ф  ḻ ε,,,,,,
1109,׷,,,,,,
1110,õ ҽ,,,,,,
1111,ٷ  ȭ ܿ !!!!,,,,,,
1112,ְ׿. +_+ .,,,,,,
1113,  ȭ!,,,,,,
1114,   ,,,,,,
1115,̿.  ķ ̸ ϰ  ǰ  .,,,,,,
1116,ͽ,,,,,,
1117,¾.,,,,,,
1118, ݸ Ű    ȭ ɼ ־µ ׷  ȭ,,,,,,
1119,Է ֳ. ⿬ڵ ⵵  .,,,,,,
1120,̷ ȭ  αⰡ ...  ...,,,,,,
1121,ص 尨 Ե ְ    ѹ ƽ,,,,,,
1122,   ȭ,,,,,,
1123,׷ ϳ׿,,,,,,
1124, ĸ ư ߸  Ȥ ŵ,,,,,,
1125,.~~~~~~~~~~~~~~~~~!,,,,,,
1126,ϾϾ,,,,,,
1127,ȭ³ 尨  ḻ  ϳ׿  ,,,,,,
1128,2009    ȭ.,,,,,,
1129,ѱ ó 幮   ѱ ȭ!,,,,,,
1130,  ְ ȭٿ ȭ....... ǥ ...... ,,,,,,
1131,Ͼ ? ȹϾ ? ƴϸ  ̿Ϸ ؼ ?,,,,,,
1132, ¼׿. Ĵ,,,,,,
1133,  ȭ.,,,,,,
1134,ḻ  ̻..  ׷ ߴȭ,,,,,,
1135,״  Ȱ ,,,,,,
1136,վ.. ٵ ḻ  𸣰ھ...Ф,,,,,,
1137, ѱ 幮 ż ̿ !! ,,,,,,
1138,ᱹ ׳ Ƴ ΰ ΰ װ ˰ʹ,,,,,,
1139, ڶ  Ȯ   ...,,,,,,
1140, ȭ  Ͱ... ḻ ټ ƽ ,,,,,,
1141,,,,,,,
1142, ,,,,,,
1143,尨¯!,,,,,,
1144,ְ!!!  忡   ƽ ФФ!,,,,,,
1145,5⵿  ȭ߿..ְܿ..  ݾƼ..ƽ..,,,,,,
1146,  ȭ ܿ ְ(ѱȭ ܱȭ ),,,,,,
1147,¥ӻ ܴϰ  ⵵ ʹ Ҵ ȭ,,,,,,
1148,鼭  վ,,,,,,
1149, ʹ ...   ȣ...  ȣ ȭʹ ȭ ȣ,,,,,,
1150, 忡 -- 䰡п ְ..  ̰,,,,,,
1151,  ȭε  ̷   ˼  ׷,,,,,,
1152, Ҵ  帣  ǵ ׷  ,,,,,,
1153,ε ű 1 ༭  ߴ ߴ. ȭ ̳ ŵ ,,,,,,
1154, ȭ,,,,,,
1155,ū ߴµ,,,,,,
1156,ĥϴ   ƴ ɸ ڱ ִ  ȭ ,,,,,,
1157, ʹ ,,,,,,
1158,,,,,,,
1159,丮    ȭ,,,,,,
1160,ḻ ֱ׷...,,,,,,
1161, ȭ.  ,,,,,,
1162,Ҹ  ѱȣ Ĵ尡 ڰ ,,,,,,
1163,䰡п  ʾҴٸ...  ߾?,,,,,,
1164,  ¥ 츮 ȭ  ...............,,,,,,
1165,  ȹ 㿡 ߶    ѱ ȭ  ȭ,,,,,,
1166,  ȭε,,,,,,
1167,̾߱ ٰŸ  źźմϴ  ȭν ȹ,,,,,,
1168,ȭġ 丮 ..?Ͻźе....,,,,,,
1169,¦¦    ־..;; ׳ ׷׿.,,,,,,
1170,  и ε̴ Ѥ,,,,,,
1171,尨  ,,,,,,
1172,Ѹ̶   ֱ ٶϴ.,,,,,,
1173, ¥  ,,,,,,
1174,ͽžȳ ȭ.. մµ..,,,,,,
1175,  ο       ȭ,,,,,,
1176,ٰŸ Ҵµ ȭ ȹ,,,,,,
1177,׷     ȭ׿.,,,,,,
1178, ѵ   ִ...ϳ Ѵµ,,,,,,
1179,  ʾҴ... ׷ ٰŸ .,,,,,,
1180,׳䰡пܳ,,,,,,
1181,ϳ Ʈ. ￡°͵丮׷ݾ.,,,,,,
1182,ϴµ  丮 ̻;; ,,,,,,
1183, ϰ µ  ...  ¦ ¦  ϱؿ~ αٵα,,,,,,
1184,ְ ְ~~!!! ¥  ϰ  ȭ,,,,,,
1185,ϰ    ȭ ... ϳ г 6.....;;;,,,,,,
1186,źźϰ  ȭ.   ϱ 1ִ ֵ ʵ̳ ˹ٳ,,,,,,
1187,ȭ ؼ 丮    ....;;;,,,,,,
1188, Ҵµ Ѱ Ҽ. ̷   . ,,,,,,
1189, ׳ ׷...,,,,,,
1190,ؼ     ٸ   ִ...ܱ ҰͰ׿..,,,,,,
1191,̷ ϼ  ȣȭ ó̴. ˹ٶ?  ȭ   𸣴°Ű,,,,,,
1192,³ 氡ٰ ִ̳ ȸλٴ¤¦ʱٵ,,,,,,
1193,˹ٵ ; ɾ߷ģƹ̵̺ôµ .ѹչٴ ..,,,,,,
1194, ߴ ѱȭ~ ϴٴ~,,,,,,
1195,䰡п   ̰ ôµ... 䰡п ׳  ¥ ְǿȭ,,,,,,
1196, ˹ٵ   ġפ  ϰ 뵵 Ѥ,,,,,,
1197, ü ʹ żߴ. ⸶ ѹ  ѱ ȭ .,,,,,,
1198,ȭ簡 ο,,,,,,
1199,Ӹ ƴ϶  ߸   ̾߱.,,,,,,
1200,ȿ ¦¦ȭ...  ¿ȭ ,,,,,,
1201,ȣμ ƴ϶ Ƿμ  ȭ.,,,,,,
1202,Ű° 90 Ƹ ;;ѱġ !!!!!!!,,,,,,
1203,ʹ 븦  ߴ ,,,,,,
1204,ż....,,,,,,
1205,븦 ʹ  ߴ ſϱ......,,,,,,
1206,ͽ ȳ  ȭ ó̴  丮  ,,,,,,
1207,õ,,,,,,
1208,ѱǿȭ迡    ¥ ϴ ḻ ݸ  ʾ.,,,,,,
1209,γ ڱϴ ִ  췯,,,,,,
1210, !! ż ɿ ȭ!!,,,,,,
1211, .............  ְ ȭ,,,,,,
1212,ͽŰ  ʾƵ  鸶  й ,,,,,,
1213,1鶧 10  ѱ ǳ õϴ ݵ Ѱ    ϼ,,,,,,
1214,1¥,,,,,,
1215, ׿  ֳ?  ,,,,,,
1216,̷ ⿵ȭ óf,,,,,,
1217,ü  ȭ  ݱ⵶ ȭ ų?  ,,,,,,
1218,¦¦¾ʾ ,,,,,,
1219,   ΰ ԰ ̱ ݰ  ȭ.,,,,,,
1220,ͽų;  ƴ..̾ -_- س   ...,,,,,,
1221,̵Դվ Ű⸸ϳ ģ̶µ ̾Ʊm,,,,,,
1222,̳ ϰ  ȭ..,,,,,,
1223,丮 ,,,,,,
1224,  ǰ   ٽ  ū      Ǵ ȭ,,,,,,
1225,װƼ  ȭ,,,,,,
1226,   ȭ!,,,,,,
1227,??  ճ ̾µ ; ͽ  ι µ ϳ ȹ.,,,,,,
1228,Ҹŭ !  ȭ  Ժô.,,,,,,
1229,    ...   ,,,,,,
1230,ؼ Ұ 丮 ¥ӻվ ,,,,,,
1231,Ѹŭ  ̻ ̸ ڲٻ¿ȭ,,,,,,
1232, ߸ ѱȭε 󿵰  پٴ° ƽ..,,,,,,
1233,   ε ȭϳ Գ׿  ,,,,,,
1234,Ʈ ε ȭ ӳ׿  ḻ ذ Ȱ,,,,,,
1235,߽ϴ^^,,,,,,
1236,մ,,,,,,
1237,̵ ȭ ҽ õ,,,,,,
1238,̰ ִµ  ʹ ׿,,,,,,
1239,  ̰ ° ,,,,,,
1240, ̻ ٵ  ߰  ׳ ߰.. ٵ  ü  ?,,,,,,
1241, ̷  ;;鼭 µ;;;;;;;;;;;;;;;;;;;;,,,,,,
1242,µ  絵   ,,,,,,
1243,  ׷ ٸ  ȭ麸ٴ ,,,,,,
1244,ü ϰ      ?.--ḻ .,,,,,,
1245,䰡п ִµ  ............... ؿ Ǻ...,,,,,,
1246,¥ Դ *.*,,,,,,
1247,⺸ ̵ ѱ .  ̶   . 10!,,,,,,
1248,..............׳ 䰡п ν  ֳ׿....ҽ... Ʊ,,,,,,
1249, ׷  ..?,,,,,,
1250,ȹڰڡڿڡڿڡڡ,,,,,,
1251, ʿٴ ٵ ؿԸ ͺ,,,,,,
1252, ʹ ߾-_ -,,,,,,
1253,ȭȫ ķ  ߴ!! ʹվ~!!!!!!,,,,,,
1254,Ҽϰ  ѵ.... ° 帣 ȭΰ?;,,,,,,
1255,̵   ...,,,,,,
1256,,,,,,,
1257,ǹ̾ 丮... ؼ ...  Ư ƽ ȭ,,,,,,
1258,ȭȫ  ε ȭ.  ,,,,,,
1259,ƹ ص ذ ȵ,,,,,,
1260,,,,,,,
1261,ٷ ѱȣȭ ȭȫķ Ͱ,,,,,,
1262,   ȭ,,,,,,
1263,ȳϼ ˻ϸ˼ֵ  ִεұ ,,,,,,
1264,  ¥ Ѵ~ְ~Ҹġ  ȭ~õմϴ  ,,,,,,
1265,ȣ ȭ Ⱦϴ    ȣȭ,,,,,,
1266, ̳׿,,,,,,
1267,޴ ̴׺ٹž,,,,,,
1268,Ÿ ȭ    Ʈ ׸...,,,,,,
1269,ȣ ,,,,,,
1270,䰡пٿ ̰ź° ξ.. ̾ Ҹư ,,,,,,
1271,̰ ȭ,,,,,,
1272,̰ ¥    ȭ߿ ְ!!,,,,,,
1273, 忡 ȣȭ Ѵٸ,,,,,,
1274, ,,,,,,
1275,̰ ˹ٵ ް 䰡п   ,,,,,,
1276,ȭ    .  ƴ϶ Ұ ....,,,,,,
1277,ѱȭ  m,,,,,,
1278,  Ѽ      ȭ~ ְԴϴ,,,,,,
1279,׷¥ ̰ հԺô.. ͽŸ ﳪ´ٰ  ƴϴ.,,,,,,
1280, ٸȭʹ´޸ żմϴ !! ¥ Ҹ ճ׿.. 䰡п ۹,,,,,,
1281,ڵ ϳ   ؼ ȭ ,,,,,,
1282, ȭ   ̰ź  óٺ ,,,,,,
1283, ż  ,,,,,,
1284,źź 丮 Ǹ   ƽ ޸,,,,,,
1285,ΰ   浹  ȭ ƴ,,,,,,
1286,丮    ȭ     ݱ⵶  Ž,,,,,,
1287,   ḻ,,,,,,
1288,  հ  Ǹ ǰ..,,,,,,
1289,ֱ ̿ Դ ѱ ȭ ְ.,,,,,,
1290,ȭκմϴ,,,,,,
1291,â ȭ,,,,,,
1292,ιþ ѱ ȭμ ż ,,,,,,
1293,¥ û  ̤     .. õҸ ȭ !,,,,,,
1294,׸ ͽ Ӹ      ¡׷  ,,,,,,
1295,  +  + ¥̾ 9.5 ׷   ̻ϰ ϴ,,,,,,
1296,,,,,,,
1297, ,,,,,,
1298,뵵 ̻ϰ ...հ ̻߾..ϳ ȹ ̤̤,,,,,,
1299,վ.,,,,,,
1300,Ŀó ؿ,,,,,,
1301, οµ,,,,,,
1302,׳ ?,,,,,,
1303,ѱ ȣ ̴. ¥  ʿ .,,,,,,
1304,ļ  . ׷ հ  ˽ΰ  ȴ  -,,,,,,
1305,  ʴ  ȭ,,,,,,
1306,Ǵº⸦  ϰ Ҹ ġ Ծ,,,,,,
1307,¥ !! ̰   Ǹ ¦¦  ־  ȹŰ,,,,,,
1308,׳ɸ.......,,,,,,
1309, ݵ ôµ...  ͽ ȳµ . Ⱑ  --;,,,,,,
1310,Ǹ,,,,,,
1311,  źź 丮 ȭ!! ̶ ϰ   ,,,,,,
1312,ǹԸ°ȭʹ޸.丮..Ư..̾,,,,,,
1313,....  ״پ˾ҳ -.=;;,,,,,,
1314,Ӵ. ǿܷ մ.,,,,,,
1315,̰  Ѹ ¯... 츮 ο ȭ ,,,,,,
1316,ذʴ ... ⺸ٴ    Ҽۿ..,,,,,,
1317,ȭ 󸶿 . ͽžȳ.׳ ,,,,,,
1318,Լҹ  ֳ׿ Դϴ. ¦¦¦,,,,,,
1319,䰡п̶ 4 װ͵  ̰  򰡵Ȱ ̰͵  õ,,,,,,
1320,ѱ  ο ɼ Ҵ.   ٰ Ҹ  ǰ̾.,,,,,,
1321,ûԴ ƴ  ԰ ȣ ġ   ѿȭ,,,,,,
1322,   !,,,,,,
1323,ѱȣ ó ȣ ٰ  ε,,,,,,
1324,ģٰؼ-_-;( ߸)ģôµ,,,,,,
1325, Ƽ ôµ  ص   е ָϰ ̾,,,,,,
1326,  ѱ  ƿµ ȭ.  ȳ ...,,,,,,
1327, Ⱑ ̴ ȭ!!,,,,,,
1328,÷ ̹ ް  ȭ...⵵ ȣ ̾߱⵵  ִ ȭ...,,,,,,
1329,ȣ  Ʈ Ѱ .Ư ð  ȭ,,,,,,
1330,   ʴ 帣,,,,,,
1331,  ,,,,,,
1332,ͽŰ Ѱ ׷  ȳµ 尨  ֳ׿.߸ŰŸ,,,,,,
1333,  ϴ ߸ ȭ..,,,,,,
1334,¼  5ִ.׿ܴ ̾߱  ణ ,,,,,,
1335,ٷ  ѱ  ְ ѱȭ  ְ.    ,,,,,,
1336, ִµ  ѻպ ..,,,,,,
1337,1Ʊ,,,,,,
1338,³,,,,,,
1339,  ⿣ ..׿ 򰡴...  𸣰ڴ.,,,,,,
1340,ͽžȳͼ ƽ⵵  վ~,,,,,,
1341,ѱ ȭ ϶پ ..............................,,,,,,
1342, Ͻø Ⱥô° ,,,,,,
1343, ȭٿ ȭ ô   ,,,,,,
1344,ͽŵȳµ ߾,,,,,,
1345,ͽŵ µ ̸ ǰ..㿡 ȥ ȭ ,,,,,,
1346,ȭȫ  ҽ,,,,,,
1347, ô ͽ ȳ  .,,,,,,
1348, ҵ ,,,,,,
1349, 幮  ѱ  ȭ...,,,,,,
1350,ƾ ӾҴٴ Ѥ  Ѥ,,,,,,
1351,վ~,,,,,,
1352,̶fµ... ѰͿ 10  Ծ ,,,,,,
1353, ̷? մ.......... ο 絵 ,,,,,,
1354, ȭٴ  !!    ~,,,,,,
1355,;1 ˹پ??;;   ⵵ ..⵵   10!@,,,,,,
1356,̰   7.38̳ ʹ Ʊ Ѥ   ̰ ְ ,,,,,,
1357,⿬ е  ͼ ̷  θø ȵ˴ϴ..,,,,,,
1358, οȭ~ 븸ŭ Ǹ ũ ḻ  ȵǰ ߾Ȱ,,,,,,
1359,  .  ȭ  Ʊ...ؿ ˹ٵ ,,,,,,
1360, .  ȭ.,,,,,,
1361, 㹫 ḻ ... ̾,,,,,,
1362,̷㹫ϰ Ҹϴ ȭ ó  1 Ʊ,,,,,,
1363,¥  ̸ ڰɰ ̰ δ ˹ٻ...λ긻 ̶,,,,,,
1364, 忡  ...,,,,,,
1365,  ȭ~~!!  Ĳ  ̴ ǰ! ؿ뺸 100 ,,,,,,
1366, ʰ  ȭ ,,,,,,
1367,...ұ...   ȭ,,,,,,
1368,      ,,,,,,
1369,ȭ  ׵  ȹ;    õ  ȵǿ;;,,,,,,
1370,    ƴϰ  ˹ٵ ׸ ֵվƸĴݾƶ ׸ض,,,,,,
1371,ó   ʰ,,,,,,
1372,¥⸸ ̵ ȭ..丮źźϰ..ǿ ¥ǰ,,,,,,
1373, ? ǿ ؼ  ܸ ȭ,,,,,,
1374,ðߴٰ  !!丮źź!!⸸ ¥ȭԳ!,,,,,,
1375,¥  ϳϰôµ ó ưưѿȭ ,,,,,,
1376,̷ȭó......Ʊ¥..,,,,,,
1377,ְ ȭԴϴ...ۺ  ñ  ְ...?..̶ Ҽ ,,,,,,
1378, ޽ȭפ̾,,,,,,
1379,  ?? Ҿ ,,,,,,
1380,۽....  ߴµ... 丮 Ҵ,,,,,,
1381, Ƣ ͸  ƴϴ. 丮 !! ̵ʸ!,,,,,,
1382, ׷ վ  渮 ȭ ϴ 鵵 ֳ׿ ,,,,,,
1383,¦¦   鸰   Ҽ  ְ ȭ,,,,,,
1384,̾ Ф....   .. 㹫ؿ,,,,,,
1385, ʾƼ ۿȭ   ݾƿ~,,,,,,
1386,̳ƼٱؼôµṈ̀乫 ʾҰ̳ʹ㹫ϰԳ,,,,,,
1387,ù̴  ϴ̴~ѱȭȱ,,,,,,
1388, ѱȭ  ̳ٱߴµ...־̿ϴ.,,,,,,
1389,   ȭ Ҵ Ѹ  ȾƱ׿,,,,,,
1390,ȥ ۺ ̾,,,,,,
1391,丮    ȭ ׷  ʴ;,,,,,,
1392,̶ ϱ ϰ  ¿ȭ ȭ ̾ȵ,,,,,,
1393,ѵ .. ϴ  ƴ϶,,,,,,
1394,乫.;;   丮 Ų ʾ..;;,,,,,,
1395,Ÿ°ų ׳ɴϰԔf Ǥ ȹ!,,,,,,
1396,   ˹ٰ  ,,,,,,
1397, ¥  ϰ .,,,,,,
1398,ġ ڶ  Ǹ..    źź ѱȭ õ!,,,,,,
1399,  ¯.  ۽..,,,,,,
1400,⵶   ȥ ߱ϴ ü ̴ ȭ,,,,,,
1401,  ٸ 濡 Ҷ   ū ڴ  ,,,,,,
1402, ,,,,,,
1403,ȭ ʰ ġΰ Ͻñ;;;;,,,,,,
1404,ȭ  ٰ  ϴµ ʹ ФФڲ ޿Ф,,,,,,
1405, ذȰ..  ,,,,,,
1406,2009 ȭ߿ְ ƿ!!!   鼭 ýϴ^^ !!,,,,,,
1407,ȭ ̷     ,,,,,,
1408,  ǰ ȭ,,,,,,
1409, ФƯѱͽž̹ Ф,,,,,,
1410, Ǹ ,,,,,,
1411,ѱȭ ̷ȭ  ׿. ְϴ,,,,,,
1412,̰ ƴѰ ? ,,,,,,
1413,  Ǵ߰ .    ߴ   ٴ..,,,,,,
1414, ȭ ְ!,,,,,,
1415, ȭε...;,,,,,,
1416,..  Ф,,,,,,
1417,ֱ⵵Ʊ  Ȥ ְ 尡    ø,,,,,,
1418,  ѱ ȭ߿   ȭ..,,,,,,
1419, ɸΰ....  ڰ  ¿ȭ,,,,,,
1420, ʹ . ɸ   µ. 尨 ,,,,,,
1421,ȭ ʿ īŸý ׿. ó ȭ ϱ⸸ ϳ׿,,,,,,
1422,ܼѰ̾ƴѹϰԸ,,,,,,
1423,ִ ŵ鸰ҳ̾߱..츮 ⸶ϴþ  ޾Ҵ٤,,,,,,
1424,  ȭ. 丮 尨  ִ ȭ,,,,,,
1425,ɸ   ž~ .,,,,,,
1426,  3޸   ;;;;,,,,,,
1427, Ⱑ  .,,,,,,
1428,   ȵǴ ȭ+丮 ִ ȭ,,,,,,
1429,ô Էְ ޽ϴ. Ⱑ ǰ̴.,,,,,,
1430,Ծ ѿȭ  ѱ ȭ  ¤ ȭ,,,,,,
1431,ȭ ο 帣  Ưؼ Ծ1ִ»ؾȰ,,,,,,
1432,.. ٵ  ..,,,,,,
1433, 丮.     ô 𸣰  ȭ.,,,,,,
1434, ȭ ýϴ ٵ ̸ ̿ظԴ   ,,,,,,
1435, ΰ?,,,,,,
1436,,,,,,,
1437, Ư ȭϴ. ְ ҽϴ.,,,,,,
1438,ִ,,,,,,
1439,... ôµ 0.5Ʊ׿,,,,,,
1440,̽ 尨̻ڴ,,,,,,
1441,ָ!!̺ɸ̻ڶʴ30뿩ڶ¹...ϼ,,,,,,
1442,丮 ΰ  ͵ ƴϰ ḻ .. ̷ ְ ôٴ,,,,,,
1443,Ϳ.. ȭȫð Ʈ ̾     ѱȭ....,,,,,,
1444,̰ ȭ ε   ̰ 丮 ׷ źźѰͰʳ׿,,,,,,
1445,ȭȫ  ȭ ߿   1 ִ°͵ ˹ΰ? Ѥ,,,,,,
1446,̴ϱ ִ°ž --,,,,,,
1447,- - ϵ -  Ͼ ,,,,,,
1448, ߿ ׳ ϳ׿.,,,,,,
1449,    ȿ    ټ,,,,,,
1450, ¥ ְ ! ̵ ȭ  ֳ,,,,,,
1451,̰ ϴ.. ¥ Ѥ;,,,,,,
1452,ʹ Ǹߴµ ..ϴ  ʹ  ʹ  ִ¿ȭ,,,,,,
1453,ȭȫ-Ʈ- մ ȭ,,,,,,
1454,     ϴ     !! õ !,,,,,,
1455, ʰ ͽŵ ȳµ ,,,,,,
1456,ȭε  ٴ....ѤѤ,,,,,,
1457,#NAME?,,,,,,
1458,ͽŵȳµ ̹ó̾ߤФ,,,,,,
1459, ̻ ǹ̸ ִ.   ߸ ȭ õ.,,,,,,
1460,ĥϰ  Ÿٰ  ȭ ƴϴ,,,,,,
1461,¦¦ ȭܸ,,,,,,
1462,Ĺݺΰ ...  õϰ ȭ ƴ...,,,,,,
1463,ʹ  ȭ 1/3 ó... ׳ɰ µ  ׿..,,,,,,
1464,߸ ȭ Ҵ..,,,,,,
1465,....㹫........,,,,,,
1466, 󸶳ʰ .....  𸣰 ȹm,,,,,,
1467,,,,,,,
1468,  ȣȭ . ݱ ٴϴ ڱͽſ  е մϴ.,,,,,,
1469,¦¦׿  ϱ,,,,,,
1470,ʹ ....ݵ Ҹ °ͰƼ ,,,,,,
1471,    ū ȭ!      ^ ^*,,,,,,
1472,ݵ -_-;;;.ʴ Ϳ  ..ɸй Դϴ.,,,,,,
1473,  ̶  ߰. ñϸ ȭ ö.,,,,,,
1474, ׳ ¦¦ µ  ͼ ٽûغ....,,,,,,
1475,ֱ Ⱓ   ȭ.,,,,,,
1476,䰡п ξ վ 䰡п   ̰ɺ  ̰͵ ̾,,,,,,
1477,ŵ鸲̶ 簡 ż ~   縦 ϴ~ ߿~^^,,,,,,
1478,.. ٰ ;;,,,,,,
1479,ͽ ȳ  ȭ... ,,,,,,
1480,ڱ Ƣų ϴ  .ż ȭ 丮   ȭ,,,,,,
1481,  ̵ ѱ ȭ!   ,,,,,,
1482,,,,,,,
1483, ȫ  ߸Ҵ. ׷   ϰ ϴ ȭ,,,,,,
1484,ȭҾ,,,,,,
1485,  ȭ鼭   ʰ ̵   Ʊ,,,,,,
1486,,,,,,,
1487,  Ѥ;;; ,,,,,,
1488, Ʈ     ȭ... ̴  г,,,,,,
1489,,,,,,,
1490,ҽ̶ ũ  °Ͱ ü  ..,,,,,,
1491,̵  ȭ³߻ ?? ? ̰ ȭ? ׷Ⱥ?,,,,,,
1492, Ų ,,,,,,
1493,ġ    ȭ.,,,,,,
1494,Ʈ ±;;;,,,,,,
1495,ݱѱȭ  õ  ȭ,,,,,,
1496,... ... ؿ....;;,,,,,,
1497, ȭ ߿ տ ŭ վ.,,,,,,
1498,ʾ,,,,,,
1499,  ճ׿... ׳  ʹݿ   ̼ϰ  ,,,,,,
1500, հ ôµ.. հ ̾ װ » .  ˹Ÿ̾ Ѥ,,,,,,
1501,ʹ  ߺýϴ !! ִ¿ȭ ~!!,,,,,,
1502,ͽų°ͺξ.,,,,,,
1503,뵵ֱ û ߸翵ȭƿ^0^*,,,,,,
1504,ϰ Ű  . ÷ ¥ӻ  ѵ,,,,,,
1505,̰ ȭ? .... ̾,,,,,,
1506,̾ Ҹ  ׾߸ ͽ ϴ´  ǰ?,,,,,,
1507, Ծ.    ϴµ...,,,,,,
1508, վ.        ,,,,,,
1509,10ػ  ˹ٳ ~ȭ ְ ⿣ Ʊȭ  Ф,,,,,,
1510,ó  ¦ϰ ߿  ...,,,,,,
1511,ÿ...̸Ը..± ذԺξ...,,,,,,
1512,߰   ̸ ...  ̴ ̻ڳ׿...,,,,,,
1513,ȭ Ų ..  ü~~,,,,,,
1514,ƿ!  ȥ!,,,,,,
1515, ,,,,,,
1516, ¥ ̿ȭ   ̾,,,,,,
1517,  ....̷Գʰ ְ  ̷  ±׷ȭ,,,,,,
1518,   ȭ~~~ 3 ' ε' ְ   ǰ..,,,,,,
1519,´.............,,,,,,
1520,״..;;,,,,,,
1521,ޱ椻վǿܷ ѹɵѻ,,,,,,
1522,ʹ ſ?  𸣰ڴ٤ḻκ ذ  Ȱ ٸ,,,,,,
1523,ߴµ ̻,,,,,,
1524,ѹ  ,,,,,,
1525,̰ Ȥ  ,,,,,,
1526,и ڰ  ̾,,,,,,
1527,Ʈ ޸ ť͸ ϴ ȭ.,,,,,,
1528, ˹ ¥  -- ʰ,,,,,,
1529,ϰfµ ¥..¿ ¯!,,,,,,
1530, ϴٰ ôµ  ٴ!!,,,,,,
1531, ¥ հ þ ŭ  ؼ   ,,,,,,
1532,ġ ýؿ.......,,,,,,
1533,ÿ ְ ȭ  .,,,,,,
1534,   ߳.........................,,,,,,
1535, ȭ ߾ȹϴµ  ̰ ,,,,,,
1536,ѱ ȭġ ߾~,,,,,,
1537,..,,,,,,
1538,ȭ!̿͹ο~,,,,,,
1539, Ҵ  ϸ鼭  þ~~,,,,,,
1540,ִ°Ͷõؿ ..׷ϱ!!,,,,,,
1541,͸  ִ  ,,,,,,
1542,ֱ Ⱓ  ѱ ȭ  ~ õմϴ.,,,,,,
1543, ȣȭ ƴ. ׳ ⵶,,,,,,
1544,.......̤   ~  ¯¯~^^,,,,,,
1545,ȭȫ ķ ְ ȭ.  §~   ѱȭ,,,,,,
1546,  ƾ.....,,,,,,
1547, ϴµ Ѱſ   κп 㹫޴ٴ,,,,,,
1548,.. ʹ ߳.. ̷  ,,,,,,
1549,10˹ٰ,,,,,,
1550,Ȳ Ћ OOOپ˾Ҵ,,,,,,
1551, ⿣ ʹ Ʊȭ.  ȭ ְ~!,,,,,,
1552,ְ! ٵ..  ׳ ׷..,,,,,,
1553,ߴµٹ٤; ó!! 鿬ⱻ!!,,,,,,
1554,Ļ ѱ ȭ ο   ?!,,,,,,
1555, ̾~,,,,,,
1556,ѱ  帣 ٴ 򰡰  Ʊ  ŭ ϼ ִ¿ȭ!!,,,,,,
1557,ٸ ȭ  ȭ,,,,,,
1558,  ΰ ѹ   ٽûϰҿȭ  ʹ,,,,,,
1559,̰ ȭ ¦ Ű° ٰƴ  µ ....,,,,,,
1560,,,,,,,
1561,ϰ ؼ  ڴ...  Ҹ   ִ,,,,,,
1562,ÿ ô 5 񱳹...  1~5 ؾȵ.. !,,,,,,
1563,¥ ȭ  Ҹ  ̳ ~ɸ  ̴  ̷ ,,,,,,
1564,ΰ ߾   ǥ ѱȭ .. ó ܺϴ..,,,,,,
1565, ȭ.,,,,,,
1566,Դ,,,,,,
1567,渻  ظ ؾ ҵ  ߸ ϸ ҽ ó ɵ մϴ.,,,,,,
1568,  ʾҾ....;;;;,,,,,,
1569,ö Ҹ¿ȭ ȭ ̷Ը~,,,,,,
1570, ̵ ̷ ȭ ̴ Ű. ó  尨 մϴ.,,,,,,
1571,̹𸣰ڰ.³.߼.10˹ٶۿ,,,,,,
1572,ȭ ܺ ε ֱ ѱ پ   ȭϴ.,,,,,,
1573,óҴµ 츮ȭ ǳ  ζ° Ѥ,,,,,,
1574,پ .پ .,,,,,,
1575, ʰ 丮 ̻ϰ  ФФ,,,,,,
1576, ᳪ  2-3⿡ ѹ  ѱ ȭ ,,,,,,
1577,ʹݿ ܶ 븸 ְ 㹫ϰ 귯  ɳ ߹ݺκ ¥,,,,,,
1578,  ȭ. ⵶ε  ϰ..,,,,,,
1579,ϴܺ,,,,,,
1580, ʹ   .￡   鵵 .ڻ츸 ￡ ,,,,,,
1581,˹ٰ ͵ ,,,,,,
1582,  𸣰ڴ    ,,,,,,
1583,츮׿  ,,,,,,
1584,óȭ Ʋڸ ͼ ĥҸٺ⵵˰ڴ ,,,,,,
1585,ϳ ~!,,,,,,
1586,׳ ġ ̴ϱ 5,,,,,,
1587,ϰ ε巯 !  5 ڸ.,,,,,,
1588,  .׷  ´.߸ ȭ,,,,,,
1589,  κ Ұ,,,,,,
1590,¥  ü  ׿ϴ~!   ģ̶ ~!!! ,,,,,,
1591, ؼ ȭ  ϴϱ ƹԳ ְ 丮 ,,,,,,
1592,15 ָ. ѱȭġﱦ ϰ ȭŴϾƶ .,,,,,,
1593, ϳ  ʾҽϴ,,,,,,
1594,ͽϳ ȳµ ׳  ٵ  .. ׷ ȭġ ,,,,,,
1595,ȭȫ ͽŷ Ʈ͸ 0̴  ̷ Ļ ȫ,,,,,,
1596,ҽ..  ȭ ߿  ..,,,,,,
1597, ְ ȭ ɵ!,,,,,,
1598,ǥ9.5 ؿ/8 9 شٸ ҽ 8.5 ȭ ȴ,,,,,,
1599,Ժ ȭ   ߴ.,,,,,,
1600,   ̾      ̰  ,,,,,,
1601,ݱͽų ȭ  Դ,,,,,,
1602,ðûƴΰ̱⿡ۿ°,,,,,,
1603,¥ӻ  ߸ ȭ~!!,,,,,,
1604,Ҽ .,,,,,,
1605,ͽų  ǰ ־ ʹ  ȭ.  ̵,,,,,,
1606,ѱ ȭ   .,,,,,,
1607, ⿡ ¾ ΰ ..Ư XX -_-,,,,,,
1608,   ȭ- ,,,,,,
1609,ȭ  ̾ݾ..,,,,,,
1610, ¿ȭ,,,,,,
1611,¦ ¦  ϸ鼭 þ. 뵵 ϰ ô ʹ .,,,,,,
1612,ϸ鼭 볪 ó..     ū..,,,,,,
1613, ˹   ʾƿ?;;'~''~',,,,,,
1614, ߴµ  ..  ٰ ֽϴ.,,,,,,
1615,ѱ ȭٿ ,,,,,,
1616,׷ ¾ ׹ ٸ鿡  ְ׿ µѺп;,,,,,,
1617,¥ ȭ   ʹ  վ,,,,,,
1618, ִ  ǹ... ! ̴Ե ¯!,,,,,,
1619,丮 ̻ϰ  ʰ  ϳ Ϻߴ!,,,,,,
1620,ؿ Ⱦ ȭµ ,,,,,,
1621, ͽ Į Ѿƿ°Ծƴ϶   ~~ հԺ,,,,,,
1622,ó Ȳϴٰ  Ȳ ȭ.,,,,,,
1623,ϴٰ  ,,,,,,
1624,ֿ¿ȥǺȰ ۿȭ... ȭË  ȴٰѱ׿ȭ,,,,,,
1625, ϳ׿ ٵ  ȹ ,,,,,,
1626, ׳ ׷,,,,,,
1627,۳⿡ 簡  ״ ѱ ȭԸ ٽ ߴ  ȭ...,,,,,,
1628,  ð ȸ¾  ڸԱ ϰ ôµ ̻!. õ!,,,,,,
1629,Ƴ  ġڳ   ,,,,,,
1630, ȶ   ...,,,,,,
1631,Ե ְ!!!,,,,,,
1632,ϰ  Գ׿ õ ~,,,,,,
1633,¥-_-ҽؼ 1;;  㿡 䰡п̳,,,,,,
1634,̷ο     尨,,,,,,
1635,ְ... ó  ϰ ....  ð ȾƱ,,,,,,
1636,ؿ  3õְ  Ʊµ,,,,,,
1637,  ָŸȣϱ      Ҹ  ,,,,,,
1638,صǰ  ѵ   !   ŴϾƴ !,,,,,,
1639,¥ѿȭ ٺλ   ¥ ѹȭ,,,,,,
1640,۽....ָŸȣѿȭ,,,,,,
1641,û ̾ Ѹ ϸ ߴ٤Ѥ,,,,,,
1642,  ȭ Դ..,,,,,,
1643,̰ ȭ.  ִ   ȭ   ...,,,,,,
1644, ¥ ̾.  Ǵ ũ ö ? ̷ . .,,,,,,
1645,򽺷 Ȱ θ  ؼǴ ǵ ʹ ƽ.,,,,,,
1646,¥Ծ...¥¿....˹ٵ12ִ°԰ȸ!¯..,,,,,,
1647,ѱ ȭ 縦 ٽ . ,,,,,,
1648,丮  ̰.  . ġ  ϴ.,,,,,,
1649, ִ  ѱȭ,,,,,,
1650,...  ؾߵǳ? ׸ ϰ  ʰ 븸 ʹ,,,,,,
1651,̷ȣȭٸ־,,,,,,
1652,  ϴ.,,,,,,
1653,뵵 ְ մµ ȭġ ¦¦°.. ξ󱸿װԾƽ,,,,,,
1654,ſ߸!  ''ٿ ȭ ׸  ѱ̾ ϴ,,,,,,
1655, ȹ..ﻷ..ФФо̱..,,,,,,
1656,̽׸ ߸?? ߰ ...  ..     ,,,,,,
1657, ѱȭ  ȭ Ϥ.,,,,,,
1658, ! ݱ ְ Ҭ  ȭ  °  !,,,,,,
1659, ׷ ־䤻,,,,,,
1660,¦¦ ,,,,,,
1661,ȸ ִ ȣȭ,,,,,,
1662,ȭ鵵 鼭 ٰ̾ϴ ϳȹϴ Ѥ,,,,,,
1663,ͽž̵ ! Ѱ ߺ  հ ôµ..,,,,,,
1664,ؿ  ...ȭε  .,,,,,,
1665,⸸ϰ Ʊ-- õ!!!!!!,,,,,,
1666,¥ ְԺýϴ  ϰ ⵵ ϰ ư־ ,,,,,,
1667,  ̿ ְ ýϴ~,,,,,,
1668,̷̰̻...1010.·澾 ø־..,,,,,,
1669, մϴ. ⵵  Ͻð,,,,,,
1670,   ?Ȥ,,,,,,
1671, ,,,,,,
1672,ó .,,,,,,
1673,մµΰ,,,,,,
1674,̰  ƾƸ ,,,,,,
1675, ׿.    ߸  ϴ ΰ  .,,,,,,
1676,   ȭ!!,,,,,,
1677,̾  ׿. ȭ ϼ ϴ. õմϴ.,,,,,,
1678,--  Ű ~,,,,,,
1679,ͽž  ȭ..󿵰 ɾ߿ȭ ,,,,,,
1680,    б....ɾ߷   פ,,,,,,
1681, Ѥ  ߻ߴ ű⼭ ֳ̿.... Ⱑ  ̻մϴ,,,,,,
1682,̰  Űƿ ɾ߷κ Ҽ Ф,,,,,,
1683,̰ ʹ ϴ ɾ߷ ٰ һ߾ ̸   ,,,,,,
1684, ɾ߷ ôµ...ߺýϴ...,,,,,,
1685, ?;;¥ οµ..״ڹ ʰ.6¥ Ƽ5,,,,,,
1686, ̾.ȭ ĳ 浿 .-_-;   ȭ.,,,,,,
1687,     Ǹ ȭ.. ٵ   ʾƼ ƽ.,,,,,,
1688,  ȭ !!ȭ ؾ ϳ???ư õմϴ!,,,,,,
1689,ߴ.. 鼭 ...........,,,,,,
1690,鼭 ̷ ʹ.. Ҹ   ȭ óΰ  ..,,,,,,
1691,̷ ȭ ؾ...׷ ·ǿ  ߾.,,,,,,
1692,Ĺݺ  ؼ  Խϴ....͵ ׷...ФоƳ,,,,,,
1693,߾ ̳..  ٵ    ο켼-  սô!!,,,,,,
1694,  ,,,,,,
1695, ̿ȭ ζ?? Ӹ ű..,,,,,,
1696,  ̸ . 츮 . ˹ٴ .,,,,,,
1697,ű ǳ 1 ֱ⿡ ¥ ϴ.,,,,,,
1698,  ϰ  ȭ!!!!!!!!,,,,,,
1699,   ׵鿡  Ŵ. ׷Ƿ  йڴ.,,,,,,
1700,˹¥׿..µ,,,,,,
1701,ణǽ.. ḻ Ǿ ȭ... ٵٸȭϰ  ٸԾݾ,,,,,,
1702, Դ ͤ,,,,,,
1703,̼䱫߰ȥ̾Ǹ.ݿ츮ѹαó..,,,,,,
1704, ʿ ±±±±,,,,,,
1705,׳߰¦°Ż ׳ Ͽ ¾Ʊȭ,,,,,,
1706,   Ѵ. ̷ ȭ. Ųٰ  ƴϴ.,,,,,,
1707, Ҵµ.......  ġ.....!!,,,,,,
1708,  µ,,,,,,
1709,̷ ѱȭ   ٴ ˹پƴϰ  ͽų; Ծƴ,,,,,,
1710,ϰ ¥ ̾߱      ,,,,,,
1711,ְ̿   ׿. մٱ⺸ '߸' ȭԴϴ,,,,,,
1712,ͽź  .  İ  ......,,,,,,
1713,ȣŴϾƷμ  8 ȴ. ų ξ  Źѵ ^^,,,,,,
1714,  յ絥 ¦¦°͵ ׷~,,,,,,
1715,ѵ...,,,,,,
1716, ð  Ʊ,,,,,,
1717,׷   ȭ  ѱ ȭ Ѱ踦 ..,,,,,,
1718,ʹ ϱ ....̰ ⸦ ؼ ׳ 3 ش,,,,,,
1719, ʹ !!,,,,,,
1720,޸ ϸ   ,,,,,,
1721,.    . ٵ   鼭 ȭ ̻ϴ,,,,,,
1722,ȭ  . Ư 躸 ܸ ģ ⵶  ְ!,,,,,,
1723,ѱ ȭ   Դ. Ư ȿ .,,,,,,
1724, ū ȭ  Ѹ  ȥ  Ư ,,,,,,
1725, ݰ ϴ ? ¥  ٴ;;,,,,,,
1726,ٺ ϴٺôµ ¥ȵǴºκϷ° ʹ̰,,,,,,
1727, ʰ ḻ ణ..۹̤̤,,,,,,
1728,޽ִ¿ȭ,,,,,,
1729,ȣ ȭ ƴѵ,,,,,,
1730,. ׷ . ,,,,,,
1731, ¥  ϰԵ Ѥѱͽŵȳµ   ,,,,,,
1732,߰߰   ... ,,,,,,
1733, ߴ...  ߰,,,,,,
1734,¥  ̷ ȭ .. ƿ!!!!!  ķ  ϳ׿.,,,,,,
1735,ϰfµ ο..,,,,,,
1736, ϰ ׳ ôµ ٴ Ҿ ÿ ó  ε ̳׿,,,,,,
1737,ϰ  ׷  Ҿ. ͽų   ׿.,,,,,,
1738,⶧Źߴµ ǳοŰ Դٰؼؼ׷,,,,,,
1739,̶ ̸ ,,,,,,
1740, 巹׹￡ ̾ ְǰȭ,,,,,,
1741,ƿ,,,,,,
1742,ФФ,,,,,,
1743,̰   丮 ͵ ƴϰ o???,,,,,,
1744,ͽ ȳµ      վ~  õõ!!,,,,,,
1745,ϰôµ ǿ,,,,,,
1746,M   ,,,,,,
1747,.....̾.  鿬⿡  ״,,,,,,
1748,  ε...,,,,,,
1749, ȭ ٴ   ü Ե ǽʴϱ? 鵵   ,,,,,,
1750,̹ ûȸ   Գ׿~̾  ~ Ф,,,,,,
1751,ͽžȳ  ȭ-.-;;;; ̶  ٰ տ 㳵 Фa,,,,,,
1752, ְ ȭ.,,,,,,
1753,̴ ..,,,,,,
1754,̶ 10'' ׳ ȭ 鼭 (?) ġ ϵ  ,,,,,,
1755,״  ʾ  ϴ ȭܳ,,,,,,
1756,    ǰϳ °Ű.,,,,,,
1757, ȭϳ ֳ;,,,,,,
1758,ְϴ.............. ̾  ⵵   ϰ ڽô ..,,,,,,
1759,۱ ƴϿϴ. ׷...Ѽ,,,,,,
1760,1ִ е ;; 10 ƴϿ ־µĤĤ~!!!,,,,,,
1761,̽׸ ذذ   ڱϳ׿... .,,,,,,
1762, ̷ ˾Ҵ,,,,,,
1763,Ѥ,,,,,,
1764, ְ  ô ÿϳ.... Ҽ ,,,,,,
1765, ̻ϴ..е ̻ϰ..........׷  ߴ.,,,,,,
1766,ȭȫÿ  鿡  ġ  丮ΰ  ,,,,,,
1767,/ؿ/ǥ ٺ ž ȭ ־̴٤뵵 ־..,,,,,,
1768,ε ȭ ȭ ƴϴ ̵,,,,,,
1769,ѱ  ̷ δ,,,,,,
1770,Ե ..,,,,,,
1771,뵵 ణ ̻ϰ ¥ӻ  ʾ. ٵ ȭ  Ҹ ġ,,,,,,
1772,¥̾ ..; Ʊ 4߸׷ ȭ ,,,,,,
1773, ˹ٶ µ  ˹پƴϱ.;;;   ;;Ѥ  ;,,,,,,
1774,   丮 ,,,,,,
1775,ſ  ȭ. и    ־  .,,,,,,
1776,ذ  κ 10 ƴϸ 1̴  1¥  ˹ٴ,,,,,,
1777,ͽ ѹ ȳ ٰ  ó.  嶳,,,,,,
1778,̿ȭ³ȭ߰ġؼȭ̴ٰհԺô,,,,,,
1779,丮   ȭ  ? ,,,,,,
1780,    ¥,,,,,,
1781,ѱ ȭ  ִ!,,,,,,
1782,׳ɺ Ͼ  ʹ   ̾,,,,,,
1783,̰ɹ̷κ?Դٴ° ;,,,,,,
1784,"  ""~""  ̸ .  ƴϾ ƽθ Ⱥ ..",,,,,,
1785,    ̾   ׿.,,,,,,
1786,̶... ߰ ȫ ø Ѵ.    Ҹ..,,,,,,
1787,̴ ο    ȭ  ° Ҵ.,,,,,,
1788,  峪Ϳ. ~ Ʊٰ Ǵ¿ȭ.˹ٿ .,,,,,,
1789,Ҹ  ѱ ȣ ȭ  ϳ ,,,,,,
1790,  ְ.. ϸ鼭   ..,,,,,,
1791, ̷ ̾߱Ⱑ 翡 Ǹ⵵ Ѱ ô!!  ɸ!!,,,,,,
1792,⵵ ϰ ⵵ϰ. !! ׸  ˹پƴϰŵ.,,,,,,
1793,״ ʰ..  ϳ ̴ ̻ڴ ! ٵ ȯ?,,,,,,
1794,ѱ ȭ س͵,,,,,,
1795, øô~~ ׷   ̾~~ հ ^^,,,,,,
1796, ѱȭ ôµ 丮 Ұ 鿬⵵ Ҵ ƿ~,,,,,,
1797,Excellent,,,,,,
1798,ȭ   ׷  ʹ ... ʹ ڳ׿;;;,,,,,,
1799,  츮 ȭ ΰ  󸶳  ִ¿ȭ.,,,,,,
1800, ݰ Ʊ ,,,,,,
1801,ѱȭ ׷̵ ų  ǰ.  ,,,,,,
1802, Ҹ ͽſȭ  .,,,,,,
1803, ٵ...鼭 ĳ ڸŵ ƽϳ? ⵵ ϸ ٵǴ ƴ  ,,,,,,
1804, ׷ ȭ...,,,,,,
1805,ΰž,,,,,,
1806,Ѥ  ,,,,,,
1807,   !!!!!!!!!!!!!!!!!!!!!!!!!,,,,,,
1808,,,,,,,
1809,!¥ ;;  ,,,,,,
1810,  ־ ȭ.,,,,,,
1811,1ִ°? ¥ؾȵ ˹پƴ,,,,,,
1812,츮 ȭ ɼ ,,,,,,
1813,¥ ̾   Ʊ!!!!!!!!!!մٰϴ ˹ٵ ,,,,,,
1814, ͽ  ׷  ȭ ƴ  սϴ!,,,,,,
1815,1 ʹ ϴ...   ȭ ߿ ְ...  ,,,,,,
1816, ȭ   ¼? ̰͹ۿ ȳ´.,,,,,,
1817,,,,,,,
1818,ߺϴµ...ΰι...̳Գµ...,,,,,,
1819,ٴ¾  Ѿ ϸ纸 󸶳 Ǹѿȭ ¿ȭ,,,,,,
1820,  ̸   ȭȫ ķ ѱȭ  ź̴,,,,,,
1821, ȭ  ޾ ˴ϱ?Ф,,,,,,
1822,ٲѴٿ ǥ ..,,,,,,
1823,̰Թ..,,,,,,
1824, ߴ.뵵 ,,,,,,
1825,ŵ ׾ܴ  ,,,,,,
1826, ˹ϱ ; ô OOO 帣   ٲҵ ,,,,,,
1827,õ ҽ̾ ̰͵~ ,,,,,,
1828,׳... ʾ. ͽų ׷  ε ̰ ,,,,,,
1829,Ѱƴ϶ Ѱȭ ƿ.,,,,,,
1830,......ȭ ü Ⱑ ...,,,,,,
1831,а ڱ Ʋ..Ф  ,,,,,,
1832, ȭ  ۿȭ... ̤,,,,,,
1833,մٰ ϴ»  ˹ٻԴϴ . ,,,,,,
1834, ȣȣȣ   ŵ鸰  ,,,,,,
1835, µ..........ФФ,,,,,,
1836,ó 弭³̿..Ĺݺλ尨~3̶,,,,,,
1837, ̻ ȭ庰 ѰͰ..  Ưϳ ̳ ̴ ,,,,,,
1838,־Դϴ ־  ȸҵ,,,,,,
1839,,,,,,,
1840,ٷ ѱ ȭ  õҸ մϴ.,,,,,,
1841,ϼ ְ׿!!  ȭȫ Ŀ óԴϴ!,,,,,,
1842,0ְ  0 ,,,,,,
1843, !,,,,,,
1844,̰ 10  е o;; ׳    ,,,,,,
1845,ʹ  ʾ  ϰ ô.2% ̸Ϲ ,,,,,,
1846,ȭδ 0 Ȩ ٸ. ̰ ͼ ΰ,,,,,,
1847,վ! 뵵 ϰе ⵵ ؿ,,,,,,
1848,~~κ ¥̾......常....,,,,,,
1849,簡 ϴ.  .,,,,,,
1850, ̷ο ḻ ѱȭ ġ ߴ.,,,,,,
1851, ְϴ..  ϸ鼭 ó׿..,,,,,,
1852,ǥ ..,,,,,,
1853, ū  .. ߴµ,,,,,,
1854, ߺ ε 鿡  ƹ Ҹ...  վ,,,,,,
1855, . Ѱų ¦¦ °Ծƴ϶ ڱѴٰұ..?,,,,,,
1856,ѱȭġ   ȭ~ Ĺݺΰ  ɽϱ   ־,,,,,,
1857,ѱ ӽž  ߴٸ Ĺݺΰ ɽߴ  ƽ,,,,,,
1858, ׷,,,,,,
1859,~  ̷.. Ʊ ...ʹ ..,,,,,,
1860, ̾..ۻ ϼ..ġ.....Ʊ..,,,,,,
1861,ġϱ ¦  ȭ׿ ....ְ  Ʊ ȭ  ó̿~,,,,,,
1862,븦 ʹ ߴɱ...  ƿ .. ðƱٴ ȸ..  ߰...,,,,,,
1863,̰  ϰ ̿?,,,,,,
1864,̴ ؿ,,,,,,
1865,̸ -.- ƱФ,,,,,,
1866,߰ Ŀ  ΰ ߰~,,,,,,
1867,8̸ . ߰ þ ..  ,,,,,,
1868, ̶¸ .. ε ָҸ ,,,,,,
1869,¥ Ʊ...ٸ ȭ~!!!,,,,,,
1870,վϴ    ö  ߴ ,,,,,,
1871,˹ ƴϰ  ¥ ̿. 忡 ϴ.,,,,,,
1872,ճ׿䤾,,,,,,
1873,Ҹ,,,,,,
1874, ȾƱ.   !,,,,,,
1875,... ׷ ¾  û  ....,,,,,,
1876,ϴ ͽ 簡 ƴϸ鼭 ο   ༭ ʹ  ,,,,,,
1877,ٸ ȣ ȭ .  Ÿ ְ. ܼ   ȵ.,,,,,,
1878,ð ٴ ɸ   . MB Ѵ.,,,,,,
1879,  µ ̵ ְ   Ҹ   ȭ!!!,,,,,,
1880,絵 ϰ ⸦  ǥ߽ϴ ⵵ ٵ پ!,,,,,,
1881, ִµ ׳ ׷,,,,,,
1882,Ƕĥ ϴ° ٴ .,,,,,,
1883,  ȭ,,,,,,
1884,   ¡-_- ̻ڰ ȭ ,,,,,,
1885,̾ ؿ !! ,,,,,,
1886,Ǽ ο翡 ǿ±  ȭ,,,,,,
1887,츮 ȭ ְ Ƽ ڶѴ   ִ ε ȭ!!,,,,,,
1888,  ģ ھ  ѱȣ...Ӵ,,,,,,
1889,     ,,,,,,
1890,   Ҵ. ģ ̼ ĥ.,,,,,,
1891,   '̵' ѱ ȭ..   ʿ ,,,,,,
1892,͸ տ  ΰ   ȭȫķ ȭ ,,,,,,
1893,  ־.  ȣϱϴ. ⿡ еߴ.,,,,,,
1894,ȭ Ҽ Ѵ awesome,,,,,,
1895,ϰ ׷,,,,,,
1896,¥   ְ ,,,,,,
1897,  帣  罺?   ѽ߽ϴ..... Ʊ~~.,,,,,,
1898,   ۵Ǿ!,,,,,,
1899,,,,,,,
1900,  ϰ ôµ  ķ  ְ  ȭϴ,,,,,,
1901, ȭ䤻 ⵵ Ҵ   ,,,,,,
1902,  ȭ~,,,,,,
1903,    ηȤ ¥ ,,,,,,
1904,¥  丮 ȳ-_-,,,,,,
1905, ι μ ټس´..׷ ι Ҷ ƺ..,,,,,,
1906,,,,,,,
1907, 尨 ְ  ߱  ȭ  ,,,,,,
1908,   ,,,,,,
1909,ȭ ĳ   .   ⿡ ڼ .,,,,,,
1910, ,,,,,,
1911, ŵ  ̻  Ұ,,,,,,
1912,ִ (̽)  ̿ ,,,,,,
1913,ȭ ִ йڰִ  ʹ ..,,,,,,
1914,  `-`,,,,,,
1915,  `-`,,,,,,
1916,к͸ϸ̾٤ ٸ̾߱⵵,,,,,,
1917, ߳   ÿġ ʾҴ ȭ,,,,,,
1918,..̰ ..ư ḻ̳ 鿡 οȭ ̽׸,,,,,,
1919,  ɸ   ̿ ȭ.. ³ Ҹ..,,,,,,
1920,й ִ ... ȭ  ̳,,,,,,
1921,7.71  ʹ  ó   Ե  ḻ  ,,,,,,
1922, ȭ.   ȭ տ  ȭϴ,,,,,,
1923, ̾߱  ׷ Ҹ°ſ ,,,,,,
1924,¥ ,,,,,,
1925,ڵ鸸̳¿ȭ..Եְ~,,,,,,
1926,,,,,,,
1927,̴ µ Ë ̴..... ̱..,,,,,,
1928,   ôµ.װ͸ ٷ   ǰ..ù   ״,,,,,,
1929, ƿ,,,,,,
1930,¥ ȭ  鿡 .  ȹ ýϴ.,,,,,,
1931,  ϴ^¥ .ȸմϴ.̻ ḻѤ,,,,,,
1932, ϸ鼭 þ ٸ ȭ Ư   پ,,,,,,
1933, ظ ȭ  ôµ  ȭ߿ ҽϴ.,,,,,,
1934,¥  ȭ~ ̤,,,,,,
1935,ֱٿ  ȭ  µ ̰  ߴ..1 ˹ٵ ,,,,,,
1936,  ...,,,,,,
1937,ϱȭ;;к³Ǹ԰ְƽִٸǾణ,,,,,,
1938, ȭ ~   -_-,,,,,,
1939, ٱ ٴ Ե絥 ϱ;;  쵵 鼭 ̴;;,,,,,,
1940,¥־..ؿ -_-    䰡п̳°Գ,,,,,,
1941,絵޾ƼûȸٿԴµʹ׸ƿԽϴ,,,,,,
1942,̾..  ¯@!!,,,,,,
1943,վµ 丮   ʴ´...  ط  ׷...,,,,,,
1944,¿,,,,,,
1945,ߴź ְ ΰġ Ǹ ȭ,,,,,,
1946,Ʈ  ִ ȭ~! ~ȿ~ !!!,,,,,,
1947,ʹ ȹ ܰ ȭ󹫼µ,,,,,,
1948,͸ žӿ ؼ ϰ ϴ ȭ,,,,,,
1949,˹ٶ Ѥѳģ ٰ  ¥ ȭȫķ  !,,,,,,
1950,ϴ but 帣 Ѱ,,,,,,
1951,ͽ ʾƵ... ¦° ,,,,,,
1952,η o....߻ ̺ ...,,,,,,
1953,virus606 ⵶ ³붧 Գ°ſ Ѥ ߳ü մ¿ȭ,,,,,,
1954,   ȭ!     ʰ ô.,,,,,,
1955, ʾ,,,,,,
1956,̰  ̸ 8 ̻  ׸ ؿ  ̻Ͻźе ḻ̷..,,,,,,
1957,⵶ ³ ٺִµ.. ׶  Գ°ǰ?;  ư ;,,,,,,
1958, ˹  ϰ 忡  m.,,,,,,
1959,̿ȭ¥˹ֱٰ. 8~9ƴϰ 10;;  ˹Ƽ;;,,,,,,
1960,ֱ  ȭ ߿  ϰ  ȭ!   Ʋ ,,,,,,
1961,̻ ܼѰپ ȭ ʹմ,,,,,,
1962,ֱٿ  ȭ ְ.,,,,,,
1963,ֱ  ̿  ȭ    ȭ!   /,,,,,,
1964, ȭ麸   ... ִ.,,,,,,
1965,߸. ,,,,,,
1966,ֱٿ  ȭ    żߴ. ߰߰ ʹ ¦ !,,,,,,
1967,̵ ȭ  ̷   ִ ذ Ȱ̳.,,,,,,
1968,ο ѱ .,,,,,,
1969,ġ19ȣ . (Ʊٰ!!),,,,,,
1970,    ޶.    ؾ  ȭ,,,,,,
1971,ΰ ɰ ͸   ڱ⸸   ȭ,,,,,,
1972,,,,,,,
1973,־ǰȭ..±̶ ʴ ΰ..ڹ̿׿ ׳ɤ,,,,,,
1974,    μ õϴµ Ѥ ̱    ,,,,,,
1975, ȭ  ٸ.. ־!ľƮ Ƽ..!,,,,,,
1976, ,,,,,,
1977,˹ٰ  ...  ¥ ̻.,,,,,,
1978, ſ ְ ְ ôµ..  ź  ִ,,,,,,
1979, ¥ ~  õ~  ѱε~!!,,,,,,
1980,̾..  ѵ,,,,,,
1981, ȭΰŰ׿ ... ...,,,,,,
1982, ׿ ٸ ȭó  κ  ͽ  ..̻.,,,,,,
1983,... ʹ  峪û ߴ,,,,,,
1984,ͽorѰ  鵵 ȳ ̷ ȭ óԴϴ. !,,,,,,
1985,...۽...,,,,,,
1986,𸣰ڴ..ִ° ̾°...״  -_-;;,,,,,,
1987, ʰ   ̵  뵵 .. ü !!!,,,,,,
1988,ߴ ŭ ̷Ӱ ߴ.,,,,,,
1989,˹ ӾҴٴ¸ۿ...  ϰ ̾..,,,,,,
1990,¥οڿ1120аùȭκôµ¥̾䳻뵵̻ϰ,,,,,,
1991,۽....,,,,,,
1992,۽....,,,,,,
1993,丮 ִ ȭ.....ߴ.,,,,,,
1994,ȭ   ־   ⵵ Źߴ.,,,,,,
1995,߸µ    ȭ ұ.. Ҹ + 4ο Ź??,,,,,,
1996,뱦פ ׷ٶԴµ...˹ٰ....ϴ.;ưȭ±᤻,,,,,,
1997, !   ȭ ٸϴ ⿡ еǳ׿. õ!,,,,,,
1998,ȯ  ѳ  ̹鿡  ȭ ȭٴ  ,,,,,,
1999,¥ ־  丮 Good    ôµ    ,,,,,,
2000,丮,,,,,,
2001,   ּͼ.. ,,,,,,
2002,..ѱȭ߿ ̳..丮 ̷  ޶. ̻ڴ .,,,,,,
2003, ̰  ˹ٰ^^;; ¥ ߿ø ȭ ,,,,,,
2004,ҽ  ˹õ,,,,,,
2005,峪ö δ 1818 Ҹ  ԰.. Ʊ.˹ ¥ ! ±,,,,,,
2006, ѱȭ ߿ ְϴ! !  ϴ~!,,,,,,
2007,ɸ  ׿ ,,,,,,
2008,Ű ޱ Ÿ ȭ ϸ ,,,,,,
2009,. ܼ Ű ȭ ƴ....׾ȿ 丮 źźϱ......,,,,,,
2010,,,,,,,
2011,  ־ Ҵ.  106  ʹ ªҴ.,,,,,,
2012, ȭġ  ׷ ȭ??׷   ϳ ¯ε,,,,,,
2013,ҹ̾پ˾ѴµóͳհԔf!,,,,,,
2014, ȹϰ fٰ к ,,,,,,
2015, ûȸ ٿԴµ.. 峭ϳ.. ߿ TV ص ,,,,,,
2016,ô....¥,,,,,,
2017,ĳ><4̼µ  ־󱼰 Ҹ >,,,,,,
2018,Ⱑ ְ... ͽ ȳͼ ,,,,,,
2019,ϴ  ̴ ͽ  ͼ Ұ ȭ⵵  ^^,,,,,,
2020,ѱ ȭ  ҽ ܹڿ ִ ȭ!,,,,,,
2021, Ⱑ  ȭ..  ٷ ̽͸ ..,,,,,,
2022,ֱ ѱ ȭ߿  ϰ ϴ,,,,,,
2023,Ⱓ  츮    ȭ̴... ͽ ʴ ,,,,,,
2024,˹ٻ ʹ Ƽ  .....  ްġ ȫض ȭ,,,,,,
2025,  Դµ ̾ .    Ѥ,,,,,,
2026,  ȭٴ.,,,,,,
2027, ŵ鸰  ְ.,,,,,,
2028, ̰ ϳ ,,,,,,
2029,ȣ  Ⱥµ...ճ׿... ¥ ȣƴϾ ƿ,,,,,,
2030,"̰   ""ŵȳ?""....ؿ뺼 ϴٰ ҽ......",,,,,,
2031,尨 Ұ,,,,,,
2032,ҽź    ̷ ̴  尨 Ǿ ð ؾ,,,,,,
2033, ,,,,,,
2034, ȭ ҽϸ ....,,,,,,
2035,ݰ ڸ ȭ,,,,,,
2036,.  ѵ,,,,,,
2037,³ ð   尨 ߾,,,,,,
2038,mumcci//Ƴ ȭ  ճ ִµ ... ׷ͳ ƿѤ,,,,,,
2039,   ȭ,,,,,,
2040,ֿпȭ..޺κоణ㹫ȰƴϾgood,,,,,,
2041,ȭ   .   ̻ڱ  ,,,,,,
2042,2%..,,,,,,
2043,ûȸ Խϴ.  ̰ ƴϴ ; Ÿ ϴ.,,,,,,
2044,.. ׳  ȭ...,,,,,,
2045,׷ ణ Ѻκ   ųŸӿ  .,,,,,,
2046,¥  ȭ. 츮   ϰ ش.,,,,,,
2047,̴ ^^,,,,,,
2048, ,,,,,,
2049,ҽ!   ѹ   ȭ!,,,,,,
2050,ο  ,,,,,,
2051,Ʈ  ó   ȭ!!!!!!!!!!,,,,,,
2052,5    ...,,,,,,
2053,ûȸ  Խϴ ⺸ܽɸ ϰԹ׿,,,,,,
2054,⵵ְ ⵵ְ  ѱȭ߿ Ϲ,,,,,,
2055, ִµϴٰ µ ϴٰ..װ͵ ƴϸ.. ƾ~̰͵ ƴѰ~!!,,,,,,
2056,  ϱ,,,,,,
2057,ͽ 극ũ ߴ°ͺ 丮 ϰԵǴ ɸ ̽͸!,,,,,,
2058, 鼭 ,,,,,,
2059,Ѱȭ վ,,,,,,
2060,վϴ^^ ѱ   ȭϴ٤,,,,,,
2061,վ~! λͼ ʹҴٴ ְ̾!,,,,,,
2062,ϴܺе ü Ѱ?? ³  þ~!⵵ְ!,,,,,,
2063, ûȸ ٿԾ~ ȭ ձ⸸ѵ??^^ٿ!!,,,,,,
2064,ȭ ι ýϴ,,,,,,
2065,ũԹʰ,,,,,,
2066,ϻ ̶  ,,,,,,
2067, ʴ.. ƴƴ ϴ..,,,,,,
2068,ü   ؾߵɱ,,,,,,
2069, ûȸ. ϰ ִ 丮,,,,,,
2070, 忡  尨 ԰ ־... .,,,,,,
2071, г ɸ ,,,,,,
2072,  Ʈ ȭ !,,,,,,
2073,7 ȭ ȴ.,,,,,,
2074,ȭôµ ٰ ̾ȭ,,,,,,
2075,    ϰ 鿡 ϴ κ  ذ ..,,,,,,
2076,¥ӻִ ó ż  ȭ. ~~,,,,,,
2077,̾ Ѥ,,,,,,
2078, վ ,,,,,,
2079,ȭȫ  ְ !ä   尨 ھƳµ. ,,,,,,
2080,ٸ չٴڿ 㰡 .       ϰ  ȭ,,,,,,
2081,̿ 躸      ȭ ƴѵ...,,,,,,
2082,ﳪ ȭġ Ͱƿ. 쿬Ⱑ... .׷ٰ.,,,,,,
2083,  սϴ..ؿ!!!õ!!!!,,,,,,
2084,  ̵ ȭ.  ,,,,,,
2085,ȭ   ߸ ü  ׷ ǰԴϴ. õմϴ.^^,,,,,,
2086,ûȸ ôµ,,,,,,
2087, ȭ ٰ̾ ϴ   ȭ   𸣴 . Դϴ.,,,,,,
2088,ȭ   ̾߱ ϴ  𸣰δµ,,,,,,
2089,   뿡  ¥ ׸   Ÿ,,,,,,
2090,  . ûȸ  Դµ  ̾. ؿ  ˹ٻ;;;,,,,,,
2091,˹¾٤ѤѾ⿵ȭ ĳ; ¥̾,,,,,,
2092,νð¥     ȭ.     .,,,,,,
2093, ȭ ϰ  ׷  ̤,,,,,,
2094, ȭ µ,,,,,,
2095,û ýϴ~ ŵ鸰 ڸ  鼭 ȭ ȭȫ ٴ,,,,,,
2096,ϱ   ̳׿~ ŵ鸰ҳ  ǥ ,,,,,,
2097,ʴԵ ̰ ⵶¿ȭ ̳ Ѥ;    µ,,,,,,
2098,  Ҵ. Ư .,,,,,,
2099,ٸ  ٸ . ޶ ,,,,,,
2100,Դµ.. ܻܷ  ǵ 丮 ..  ׷ Գ׿,,,,,,
2101,ûȸ ôµ,,,,,,
2102,մ..  丮 ,,,,,,
2103,  ϴ ̰ ȴ ¥ ִ,,,,,,
2104, Ʊ. ̰  ¥ ̾,,,,,,
2105,Է̴~   ŭ ϰ ޸ ̽׸~,,,,,,
2106,ҽ õ,,,,,,
2107,õ Ұ .̴Ե Ұ... ʾ....հ.....ϼ̽ϴ.,,,,,,
2108,ȭ  ߴµ 10,,,,,,
2109,õ!õ!õ!õ!õ!õ!õ!õ!,,,,,,
2110,......찡ƴ϶ ǰ ȭξȵǰ ڴ...,,,,,,
2111,ϰ  ȸ¾ ̰ 츮 ⹫ ° ű°ų ΰ,,,,,,
2112,¥  ̴  ŵ ?,,,,,,
2113,Ư ϰ ƴ ̱      ħ ϴ ȭ~,,,,,,
2114,  10..̾ ϾϾ,,,,,,
2115,  Ƽ ű(⵶)     ۿ Ⱥ,,,,,,
2116,ȭ  ߻ ü   .,,,,,,
2117,ûȸ   ε  ?      ǥ.,,,,,,
2118,ӽž() ⵶ ͽŻ   ְ    ,,,,,,
2119, Ӱ   ⸦ Ʈ       ž.̽     ھƳ.  ѱ  ȭ   ȭ  ,,,,,,
2120, ,,,,,,
2121,ΰ ϸ鼭 ̱̱. ׷ ̶  ۿ...,,,,,,
2122,   µ  ȭ,,,,,,
2123,  ڳ Ф,,,,,,
2124,̰ ѹ  ϸ ڴ ȭ ...,,,,,,
2125,̰  ٴ... ణ  Ⱑ ƽ ̶ 丮 ̳... ,,,,,,
2126,شѰ ƽ,,,,,,
2127,Ĺݺ ݸ  ٵ   ǰε ƽ. Ĺݺο  ,,,,,,
2128,  ǰ... ° Ʊ..,,,,,,
2129,  ҽ,,,,,,
2130,ѹα ȭ Դϴ..   ôµ   ׳ ģ..  Ƹ sns  ߴ   Ƹ Լҹ  ٵ.. ,,,,,,
2131, ôµ ̳׿  ̱ϰ ,,,,,,
2132,Ϻ ȭ.     ԰ ʹ.    δ ʿ䵵 . ʹ հԺ  ¥ ְ!̷  ȭ ʹ ϴµ,,,,,,
2133, ̰  ô° ¥ ,,,,,,
2134, Ʊ. ĳ ϳϳ  ￡ ,,,,,,
2135,Ư ε ׷ ߾ ̰ ּ8.8̻ǰ̴,,,,,,
2136,ȭ³ؼ ̸Ƽ̹ ḻ鼭 .ִ°͵ƴϰ ׳ ̻ѿȭ̻ϴ ̻ϴ ¿ȭ.. οϴ,,,,,,
2137,,,,,,,
2138, OO  ѵ ħ ϸ鼭 ,,,,,,
2139,̿ȭ  ε ̰ź ޿ ͽź,,,,,,
2140,̾߱⸦ ̷Ӱ  Ƽ ߸ϴ        ƽ.,,,,,,
2141,򿡴 ̷ ȭ ...,,,,,,
2142,ѱ ȭġ  ȭ.,,,,,,
2143,; ̰   8  ǳ. ȭ    Ҹ Ҵ.,,,,,,
2144,ѱ ȭ ߿ ȭȫ 2   ҽ Űڴ.  ٽ  .,,,,,,
2145,Ҽ    Ǿ  .     κ   üε ̹ Ḣϴٰ .,,,,,,
2146,ѱȭ ߿ ϰ ô,,,,,,
2147,ѱȭž3ǰ ̸鼭Ű¿ȭ Ⱑϰϸ鼭 ΰǳ ʹҸǥ 鿬µ  峭ƴϾ,,,,,,
2148,ٸ ġ    Ⱑ ſ ż,,,,,,
2149,   Ĵ޷  ˾,,,,,,
2150,̴ ΰ   ´.,,,,,,
2151, ȭ  Ⱥ? ,,,,,,
2152, ϴ Ե ְ,,,,,,
2153,ѱ ȭ   հ ȿ  .,,,,,,
2154,Ⱑ ¥ ...׸  ׳ ͽ !!!Ű° ƴ϶ ʹ Ʈ ŭ..׸ ڵ鵵 Ⱑ ٵ  ..,,,,,,
2155,ɺô~~~~!!!!,,,,,,
2156,ΰ̶  . ׷   κ ΰ   ä   .,,,,,,
2157,忡  ̴.,,,,,,
2158,ιôµ   Űٹ  ̾߱ Դϴƴ  ýϴ,,,,,,
2159,δ ѱ    ̶ְ ĪҼ ִ,,,,,,
2160,̰¥   Ʈ ҽ ̰ top3̴,,,,,,
2161,̳   . ¿ ..,,,,,,
2162,ȭ þ. ȭ   ϳ,,,,,,
2163,ڵ û.   Ұ ,,,,,,
2164,,,,,,,
2165,Ĺݺο   κ ֱ ÷   ϰԵǴ ȭ.  κб ŰἭ  ȭ   .   ³ ϰ Ǵ ȭ..,,,,,,
2166,׷ ȭϰ̴ٶ   ѹ濡 (׷ ìϰԸ)ȭ ̾ϴ.  ḻ ϰ   ȭϴ.,,,,,,
2167,̵ Ⱦ ʵ  ص ... κп ,,,,,,
2168,  ̾ ȹ,,,,,,
2169,...ȭ⿡        Ⱑ .,,,,,,
2170,ǵ ¦ų ϴ°Ŵ  Ļ...,,,,,,
2171,   ذ .        ٰ Ѵ. Ǫ   ̱⿡,,,,,,
2172,   ְ ȭ,,,,,,
2173, ....̰ 忡 ƴµ ְ  ȱ ˰ ׳ µ ҸĿ  Ҹġ,,,,,,
2174,ΰ ̻ѰŶ ź  ϴ ŵ. ۵  ŵ  Ⱦ.... ž ϵ ų  . 濡  ִ  ƴϴ. ٸ   ִ.  ° ϸ...,,,,,,
2175,츮 ȭ߿ ϰ  õٸ ȭ ,,,,,,
2176,  Ҹħ...,,,,,,
2177,Ե ,,,,,,
2178,...,,,,,,
2179,ѱȭ ׾ Ƴ ....,,,,,,
2180,³ 谨  ȭ,,,,,,
2181,  ¦¦ Գ ϴ..-.-,,,,,,
2182, ʹ ¥...ȭ麸  ,,,,,,
2183, ٸ   ڰڳ,,,,,,
2184,ȭȫ Ʈ ҽ.ѱ 3 ǰ̴. ó  ⵵   ʹ .,,,,,,
2185,׷ νÿ ȭѰ  ħ7ÿ 갡 ٰ Ѱǵ,,,,,,
2186, ֱٿ     ϰ  ٵ   ȭ  ,,,,,,
2187, ̾ ϰ,,,,,,
2188,̰Ծ 7.Ĺݴ. ȭ. ¥ ߼ ģ̶ ۿµ,,,,,,
2189,ϱ׶!1̶ָٰ~ȭް1ػٰ󵵹̶!1ػδٸű~,,,,,,
2190,ʰϰ̵ٰŸ̴,,,,,,
2191,ﳪ ȭ 廩 Ծ,,,,,,
2192,~       ~;; ̾߱~,,,,,,
2193,  ,,,,,,
2194,  δ,,,,,,
2195,?? Ƽ ǵ,,,,,,
2196,ѱ  žӰ  žȭ ⵶.    ڵ  ̳,,,,,,
2197, ׷  ,,,,,,
2198,۴ϰӰ  ,,,,,,
2199,¼ ϰ ,,,,,,
2200,Ŭ  ֿϸ鼭  ƿ ̿ȭ ýϴ.  '̰  ȭ~'ϴ  ϴ. Ҿ λ ȭ best2 ! ְԴϴ!!,,,,,,
2201,   𸣰ڽ,,,,,,
2202,忡 ȥ ̿ȭ   ƴϸ,,,,,,
2203,Ѱ ..  ôµ 尨̳  մϴ.,,,,,,
2204,ϴ ȭ '' Ǵٸ  żѸ. ,,,,,,
2205,̶ ΰ. ̻ Ұ    翡  Ǫ  ,,,,,,
2206,ȭμ ÷   . ٵ ó  ڶ    ģ Ѱ Ⱑ  ȳϱ    3   .  ׸ ߰ ̶ 󤱤Ӱ   ϳ ...,,,,,,
2207,¯̿!,,,,,,
2208,ǹݿ!! ݼ  ݼսô!!,,,,,,
2209,  ̸ ?  ȯ.,,,,,,
2210,  ̿,,,,,,
2211,  !  ⿡    ־!  ,,,,,,
2212,   ȭ,,,,,,
2213, ,,,,,,
2214, ѱȭ    ǰ̴,,,,,,
2215,   ϴϸ  ϴ϶,,,,,,
2216,1ʵ  ؼ  ȭ,,,,,,
2217, ȭó   Ű  ....¼ ̰ ƴϰ ó  ϰ ϰ   ɽġ ʰ   ....ũٵ   Ƽ    ,,,,,,
2218,̷  ѱȭ ְ ܱȭ ȭ ޶ ǰ .  ⵵ Ҹ´. Ʈ   Ѵ,,,,,,
2219,   ι ʹ ͼؼ    Ŀ  ִ.   ָ  ,,,,,,
2220,̰ ¥ ٽú ʹ ߸ ѱǥ ȭ ϳ .,,,,,,
2221,̰  7 Ĺ..? 8 ߹ Ѵ   Ź 簡 ,,,,,,
2222,   ϴ ε  ȭ  ϴ մ,,,,,,
2223, ... Ư  . ,,,,,,
2224, fµ Ծ~~,,,,,,
2225,źź   ,,,,,,
2226, ϰ  ð  𸣰 ...   8~ 9ַ ϴٰ ʹ հ ߺ 10 ݴϴ !! ^^ ÿ ȫ ߾  ٵ ƽ,,,,,,
2227,а    . 뿡 ôµ  ϸ鼭 ô ȭ.,,,,,,
2228, ο   ٴ  ִ ȭ.    ϱ⵵ . ̴ ̰  ȭ ƴ  ñ   ȭ.  7~8̰ ҵ մϴ...,,,,,,
2229,  ʴ´  ... ״   ΰ ; ٽ     ξ λ  Ҵ...    ϳϳ  ￡ Ⱦ  ż...,,,,,,
2230,  Ư ܸ ڿ ġҶ ¥ Ҹ鵵 ٵ ʹ ϰ  ,,,,,,
2231,ѹα  ȭ迡  ȹ ׾   ִ ȭ. ȭ Ǵ   ,,,,,,
2232,Ե ȭ ٹ ׸ 볭 ǿ  ̸ .. ñٴ..̿ȭ  񶫿 ɱ?ҽ.,,,,,,
2233,  ȭ  ϳ  ñ ٷ ϴ  ͸       ̴.,,,,,,
2234, ȭ,,,,,,
2235,ѱ ̷ Ƽ  ȭ ־ ΰ? Ʈ Ҿ ѱ ȭ  տ  ̴.   ϳϳ  Ƽ 峭 ƴϴ ¥...  躸 Ư⿬  ¥ ... ...,,,,,,
2236, µ پ µ Ҿ,,,,,,
2237," ׳ ųŸӿ.  """" ΰ???",,,,,,
2238,ġ   Ծ 귯µ Ͽ,,,,,,
2239,ȭμ   ؼߴ   ųŸӿ  ,,,,,,
2240, ű⼭ ű⿡ Ŭθ ܶ ִ  丮 ѱ ȭ   µ  ȭ ¥ ְ. 1,,,,,,
2241,̶ Ͱ ȭ ģ ?,,,,,,
2242,¾ ,,,,,,
2243,ȭε  а  7 Ѿ Ȯ ȿȭ ̷ 帣 ȭü κ  Ƽ  Ÿ  ġ°Ű̷ ְ Ʈε ̰͵  ʴ,,,,,,
2244,ٰ  ͽŰ   ,,,,,,
2245,the perfect beauty of sangmi and acting of boyeon. i can't believe that the writer of 漺б and the director of this ...,,,,,,
2246,¥,,,,,,
2247,  ȭ߿  Ҵµ  ʹ  Ѥ   ̿  ʹ ߰ 丮 .   Ʈ ,,,,,,
2248,ѱ ȭ  ܿ ְ!!,,,,,,
2249,밨 ΰ λ̿ ȭ.  ȭ   Ѵ ä ʾ ￡ °Ŷ ߸Ӹ...  õϰʴ.,,,,,,
2250,ѱȣ   ϳ,,,,,,
2251, ʹ ٸ ѱ  Ӵ ̽׸ ȭ.  Ŵ  ſ.      ϴ.,,,,,,
2252, ߾ ο ־ٰ ϴ ߾￡  ϰ ⽺ ̿   ƴұ ϴ  ϰ  ȭ ̴.,,,,,,
2253, ȭ ȭ   ε   Ÿ ǰ. ȭ Ͻô е̶   մϴ.,,,,,,
2254,  ȭ ְ.. 丮,,,,,,
2255,￡  εǴ ȭ..ϴ.,,,,,,
2256,÷Ƽ񿡼  ༭þ볪,,,,,,
2257, ״  ְ ٰ ʴ´. ׷  ٴ 뼭 ȴ.  ɼ ߴ ȭ,,,,,,
2258,׷  ͽ ΰ?  ΰ?̰ ΰ?,,,,,,
2259,8ǾѴ ̿ȭ.,,,,,,
2260,Ʈ ǥ    ,,,,,,
2261,ٻ ̷ ȭ ÷̴,,,,,,
2262,  .   ʹ ׿..״ ϴ ȭ ƴ   ʽϴ.,,,,,,
2263,׳ ⸸ ߾... ʹ  ʾҰ... ̰ɷ  ⵶ ſ ϱ ٶ ʾҰ..,,,,,,
2264,    ,,,,,,
2265, 뵵 ְ ׷ մϴ.  ŵ鸰 ⵵ ,,,,,,
2266,洩  !!!,,,,,,
2267, ְ ϰϰ ߸ ó 쿴µ 躸ΰ ̿ں   Ҹ Ͻô°Ͱ,,,,,,
2268,׸  ʰ,,,,,,
2269,̰Ա׳ɱ׷...,,,,,,
2270,⵶   ȭε.. ,,,,,,
2271, հ  ..ֿ ڵ ϳ ...Ƕ ͽ öؾ߸   ƴ..  ȭ  ??,,,,,,
2272,̰ ?,,,,,,
2273,ƮҸϳ׳Ѹ¾ҳ.ſκܽҳ̳,,,,,,
2274,̰   ...   ͵ ,,,,,,
2275, ѱȭ 丮,,,,,,
2276,۳ֿȭּô´빫ʰ 丮 ϴ,,,,,,
2277,ѵ..̴ ۽;;,,,,,,
2278,  Ʊ׿   ô...⵶   𸣴  ,,,,,,
2279,¥ гڰ ϰ ư .ðԾƱ.  ð Ф,,,,,,
2280,  ⵶  ȭ...,,,,,,
2281,   ȭε,,,,,,
2282,ѱ ȭ߿ ְ. ¥ ,,,,,,
2283,̺  Ф,,,,,,
2284,⺸  ΰ ....,,,,,,
2285,߸   ɿ ̽͸ ȭ,,,,,,
2286,״ ....״....,,,,,,
2287,  𸣰ڴ... ʹ ϴޱ??׷  հ ,,,,,,
2288,ѱε ü  ȭ °ɱ...   κ Ī̶ ̰ .,,,,,,
2289,   游 ȭ ʹ  ϱ ̷ ȭ ° ƴϳİ Ф,,,,,,
2290,þ    ȭ..,,,,,,
2291,԰Դºôµ ذȵʤ̤̾ƴ,,,,,,
2292,   ,,,,,,
2293,е ų  ڳ׿,,,,,,
2294, ڽְ õϴ  ȭ  ϳ! Good Good~,,,,,,
2295, ¥ ذ Ƕ  ȭ,,,,,,
2296, ѱȭ  ..,,,,,,
2297,ȭ ⿣ ũ κ̾..߰   ϴ,,,,,,
2298,̵ ȭ   ̸ ?  ,,,,,,
2299,˹ٴԵ  ʴϴ... Ǯô..ڵ ȭؼ   ˺ ΰǺ   ʾ??  Ʈ ѵٰ ׳ ۰ ϰ  ̰ ¯̰ ⵶  ε.....,,,,,,
2300,ü  ̶ ... Ե ȵǰ Ʈ      Ǵ ȭ...,,,,,,
2301, ǰ...¥ ¥ ,,,,,,
2302,ȭ ٴ ɸ ǿȭ ǥϴ° ´° ϴ.԰ Ĺݺ 鼭  ׿.,,,,,,
2303,ְ ,,,,,,
2304,     ϱ?  ⿡  ȭ  ڽŸ ׸  ڵ  ִ ó .,,,,,,
2305, 弾 Ǹ ׷Ƽ,,,,,,
2306,· ͼ  ȭ,,,,,,
2307,پﳲ,,,,,,
2308,̰ ̳ ͸ ó س پ˾Ҵµ ̾,,,,,,
2309,ӽž̶ ⵶ µ ذ Ȱ κ Ѹƿ..̶   ִ°͵ ƴϰ ׳ ͽ  Ÿ ٴϴ°Ŷ ;;;;,,,,,,
2310,ü ...... · Ʊ,,,,,,
2311, ۽... ̵̵ ƴ ȭ,,,,,,
2312,ѱ  Ĺ '' .,,,,,,
2313,    ȭ Ѥ.,,,,,,
2314,ϰ  ؼ ôµ,,,,,,
2315, ̸ ź ΰ ߾ ,,,,,,
2316, ̰ ڴ°ž,,,,,,
2317,λΰ ö õ ,,,,,,
2318, ͽ ;߸  ƴϴ. ׷鿡  ȸ   ϰ Ѵ. ѱ ȭ  幰 Ḣ ȭ,,,,,,
2319,ε  մٴ°ž  ϰ ô    ͼ 󾾱 ׷ٰ ڱ ּ ̷ٰ ȿ..,,,,,,
2320, а ϴ °   ȭ ǰ鼭 ̷  ǳȿ Ī ޴´ .   Ѥ,,,,,,
2321, 100  Ͱ . ݵ    丮  Է ־ ϴ.   ׳ ڴٸ..,,,,,,
2322,űϳ... ̰ ÿ   ٰ ׷    ɷ ϴµ    ̰ ؼ ģ ôٰ  û.. ٽ   ߰ڴ,,,,,,
2323,.... ϰðǸ  ̵ ȭֳ    1ð ݵǵѤѤ  1 Ʊ OOOȭ ơ,,,,,,
