,content
1,그래도 2까진 괜찮았다
2,이정도면 전통 스릴러의 교과서지...연출에 있어서 타의추종을 불허하네...이런 스릴러를 극장에서 다시보고 싶다.
3,쏘우란 무엇인가. 시리즈의 연계성의 세밀함을 엿볼수가 있다. 생존을 게임으로하는 풀어야하는 이 영화의 매력. 또 하나의 매력은 반전이다.
4,오비는 왜 직쏘를 도와 다른 사람을 납치했는가?
5,쏘우가 반전시리즈는 최고
6,2편도 반전이 만만치 않네
7,이번에는 속지 않아야지 속지 않아야지 하면서도 뒷통수 맞은 느낌이 든 시리즈
8,팬티가 축축하다...
9,이번 편까지는 상당히 괜찮음.
10,정말좋음. 1의 부족한면을 채워주는 2
11,쏘우2가 쏘우시리즈 중 최고인듯. 밑도끝도 없는 반전이 아니라 치밀한 반전ㄷㄷ
12,인간의 이성과 본능을 잘 보여준 영화였다.경찰이 평정심만 유지하고 있었더라도 자식을 무사히 만날텐데...역시 사람은 이성적이여야 한다.
13,여전히 놀라운 고문기계들...1편에서 돈을 좀 번 티가 난다
14,원작에 이어서 이작품도 상당히 괜찮게 봤다
15,그냥죤의말을들었으면될것을ㅉㅉㅉ
16,연출의 힘이 바뀐것이 살짝 느껴졌지만
17,쏘우1이 제일 명작이지만 그에 못지않게 오히려 쏘우2의 반전이 제일 신선했다
18,2편도 볼만하네. 주사바늘더미에서 열쇠찾기
19,여전히 최고다! 최고의 스릴러!
20,1부터 정주행중인데 2편 꿀잼인데?
21,삶에 감사할줄 모르는 사람은 삶의 가치가 없다는 다분히 철학적인 이야기인데 조금은 억지스럽다
22,오비는 왜 납치는 도왔는가?' 에 관한 의문은 어디로
23,개인적으론 1편보다 더 재밌었다
24,2시간동안 땀흘리면서 본 최고의 영화
25,제임스 완이 아니라 아쉬웠지만
26,호스텔같은 단순히 잔인한 영화가 아님. 이 영화는 고어물이 아니고 잔인한거 싫다고 평을 함부로 하냐ㅋㅋ
27,쏘우1편보고 충격받고 온사람들은 딱 2까지만보세요 제발
28,원작에 이어 신선한 충격을 주는 영화이다. 역시나 재밌게 봤다.
29,인간이 느낄수있는 가장 잔인함
30,쏘우는 2까진 괜찮았다ㅋ
31,역시나 기억대로 2편까지는 수작반열에 들어간다
32,아니
33,1편보단 2편이 낫지.
34,갇힌새기들 이유보면 나도 뭔가 갇힐거같음 ㅠ
35,쏘우는 사랑입니다 나한테는
36,1편보다는 별로지만 볼만했다
37,1편에서 그전 보지 못한 스토리라 대단했는데
38,개인적으로 쏘우1<<쏘우2
39,개인적으로 공포영화 재미없어서 안보는사람으로서 유일하게 손에 꼽는 영화 28일후
40,1 반전을 알고봤지만 2는 모르고봤다확실히 모르고본거랑 알고본거는 차이가 있다이 이후의 쏘우는 모두 볼필요가없다
41,단순한 고어가 아님
42,진짜쏘우는2까지만...
43,쏘우는 2편까지만
44,재밌었다. 반전 ㄷㄷㄷ
45,1보다 소름끼치진 않았지만 2개의 반전이 맘에
46,반전도 반전이지만 너무 잔인합니다.
47,가족을 이용한 타임어택이라... 충분히 이성을 무너뜨리고 감정적으로 행동하게 되는구나 ㄷㄷ 결말 전혀예상못했다
48,2까지는 꽤 괜찮았다 그러나 이후에는 그냥 고어 대잔치
49,내용은 재미있는데 진심 토할것같아요 내용 때문에 시리즈 끝까지 다 보려 했는데 징그러운거에 면역이... 여기서 그만둬야겠어요ㅠㅠ
50,마지막 부분만 흥미로울뿐 작품 전개중에는 다 예상가능하고 눈에 띄는게 없었다.
51,전작의 매력적인 요소들을 잘 뽑아 영리하게 만들어 낸 쏘우의 후속작. 전작에 충격적 강렬함을 부여했던 특수성들에 익숙해져 생겨나는 공백을
52,와 반전 대박... 치밀하게 룰을 지키는 악당.... 연출하나는 기가 막힌다.
53,잘짜여진 전개와 연결되는 1편 하지만 잔인함...
54,재미는 있는데... 내용이 조금.... 그렇게까지 해야하나? 싶을 정도로 가혹하네요...
55,와 긴장감이랑 반전 굿굿 증말
56,개인적으로 1편보다 2편 반전이 훨씬 충격적이고 설득력 있었다. 그런데 2편에서 딱 끝냈으면 두고두고 명작 소리를 들었을 것이다.
57,연속해서 1
58,시나리오가 장난이 아니네.
59,멋지고 깔끔한 영화다. 저절로 몰입된다.
60,역시 1편만한 2편은 없어... 그래두 볼만함 ^^
61,룰만 잘지키면 되지만 극한의 상황에서 룰을 지키는건 너무 어렵다. 고어하고 반전도 놀랍지만 많은 인물들을 모아놓고 별 내용이 없다. 전작에서 두사람만의 긴장감과 심리변화가 더 몰입감이 있다.
62,그러나 직쏘는 그저 규칙을 기억하라는 얘기만 되풀이 하는데...ㅋㅋㅋㅋ
63,좋은 울궈먹기 시리즈가 갈수록 망해가는게 쏘우 시리즈 포인트
64,2편부터는 제임스완 감독이 아니라서 1편 이후로 계속 안보고 있었는데 우연한 기회로 2편을 보게 되었음. 1편과 스토리가 연결되면서 나름 1편의 그 분위기를 맞춰 나간점은 괜찮았음.
65,배우들 연기가 너무 좋았고 전편처럼 스토리 구성이 좋았어요. 인상적인 영화라고 생각합니다.
66,근데 아무도 모르게 납치 우찌했노
67,쏘우1 결말은 뭐지 ? 뭐지 ? 뭐지 ? 하는데 쏘우2 결말은 아 . . . . 뭐냐 안돼 . . . 싶음
68,방탈출 게임이 된 속편. 쏘우는 1
69,어려서부터 공포영화를 좋아했던 나는 어렸을 때 쏘우 시리즈를 접했는데 어린 나이 탓에 스토리 보다는 공포적인 장면(트랩)을 중점으로 봤었음 그 때문인지 시리즈 중 최고 명작이라 불리는 쏘우1은 다른 시리즈들 보다 비...
70,쏘우 시리즈중 최고의 편 반전도 훌륭
71,
72,1보다는 반전이 약하지만 2도 반전은 좋았던 영화..8편까지 한번에 몰아보는거 추천
73,시리즈를 이어가기 위한 포석
74,반전 예상가고 철학은 넣는둥 마는둥 없음. 유일하게 장르 평균의 스릴감으로 감상함
75,쏘우2에서 끝났어야 했어ㅠㅠ
76,존이 제안한 게임중에서 육체적으로는 가장쉬운.. 앉아서 대화나누기.. 근데 시간을 채우면 아들의 목숨이 끊긴다고생각하면 선택의여지가 없었던.. 존의 게임치고는 너무 가능성을 주지않았다는게 단점
77,높아진 수위가 다소 불쾌할 수 있다만
78,[ S8 V8 D8 A7 ]　시리즈의 특징인 반전과 스토리는 여전히 신선하고 충격적이다. 그리고 전편에 비해 더 자극적이다.
79,오랜만에1
80,그냥 볼만했다... 그럭저럭
81,명작이다. 아주 신선하고 치밀하고 충격적인 반전이 사람을 즐겁게 한다. 쏘우 시리즈를 보지 않은 자는 반전스릴러를 논하지 말라
82,ㄹㅇ 치밀한 스토리텔링 ㄷㄷ
83,아쉬움은 많지만 독보적인 쏘우1편을 제외하고 어쩌면 시리즈의 시작이 되는편 나쁘지 않다
84,쏘우의 최고의 레전드편
85,시리즈 최고였지.
86,반전은 1번으로 족하지
87,난 되게 재미있게 봤는데 뭘 바라는고얌. 왜 봤으면서 투덜댕. 직쏘 머리 좋앙.
88,2까지는 괜찮네요 긴장감 백배
89,1보다는 훨씬낫다 최소 이정도는 만들어야지
90,쏘우 시리즈중 2편이 가장 최고였음.
91,충격은 덜했지만 아기자기한 재미는 더 있네.
92,인생을 깨우치게 하는 영화네. 왜인지는 삶에 감사하라라는 직쏘의 한마디에 다 들어있네요
93,1편보다 좀더 잔인하지만 내용의 개연성은 좀더 떨어짐.
94,1편보다 못햇음 그래도 꿀잼
95,2006.12.05  평점 5 아무리 영화지만
96,1.2.6탄만볼만함 나머지는 별로
97,원작을 능가하는 세밀한 스토리텔링.
98,여전히 훌륭한 공포 스릴러
99,전작에 비해 좀 더 볼거리가 많아졌다만 결말이 거기서 거기라 좀...
100,볼만한 공포와 스릴러 하지만 전작에 비해 감흥은 덜한듯
101,1편보단 사람이 많아서 그 다채로운 성격들이 복잡했지만 그래도짱
102,1편못지 않게 볼만했음~
103,보는동안 반전을 맞춰버렸지만 그래도 재밌었다
104,구성탄탄. 1편의 반전과 견줄만 함.
105,스릴을 못느끼는건 잔인한것만 따져보니까 그래^^ 이걸 10점 안줄 수 있나?
106,반전진짜 소름돋음 대박
107,다시 봐도 최고다.. 쏘우 시리즈 중 최고
108,쏘우2
109,1편보단 나았지만.. 무차별 살인은 좀 우습다.
110,전편보단 약했지만 만족스러웠다.
111,1편
112,솔직히 쏘우1>=쏘우2>>>>>>> 넘사벽 >>>>>>> 각종 쏘우 시리즈 듣보잡들..
113,전편보다 2가 더 나은듯.^_^♥ 잔인도도 훨씬 높아졌고
114,훌륭한 속편이라고 할 수 있다
115,1보다는 별로였지만 마지막에 놀람ㅋㅋ
116,정말 멋져
117,소름끼치는 반전이다. 완벽하다
118,긴장감은더욱증가하고반전까지완벽하다!!그냥쏘우2는봐야한다.
119,1편보다 부족하지만 그래도 굿
120,2편까진 괜찮군...
121,개인적으로 쏘우1보다 2가 명작이라고 생각함 처음 봤을 때 그 충격이란
122,1펀보다는 조금 부족했다. 그런데 특이한건 이전작과는 전개가 많이 다르다.
123,1편보단 반전은 별로였지만 자기피부짜르는게 대박....헐..ㅋ
124,언제나 엄청난 포스 좋아요
125,전 개인적으로 1이더재밌게봤지만 이것도 나름 ㅋ
126,쏘우는 걍 최고임 !!!
127,쏘우니까.....!
128,화남
129,쏘우는 그냥 최고임 ㅋㅋㅋㅋㅋㅋㅋㅋ
130,1편을 이은 재미.
131,2에도 역시 반전이 !!!!
132,영상미는 좀 떨어지는데 반전이 ㅎㄷㄷ
133,난 오히려 1편보다 괜찮더라...
134,쏘우 팬사이트 곧 오픈! http://saw.c-o.kr/
135,쏘우1다음으로 쩌는 반전 굿
136,kjheducafe 쓰레기년 ㅉㅉ
137,난 쏘우시리즈 매니아♥ 영원히 사랑할꼬얌
138,재밋어요!! 잔인하긴 하지만 자꾸 보고싶은 영화
139,재밌게 봤다
140,직쏘 진짜 죽이고싶더라
141,2탄까지는 괜찬았다..
142,쏘우는 2가 진리. 완전 재밌었던.. ㅋ
143,2편까지는 정말 상상을 뛰어넘는 반전에 오싹한 공포감까지 굳!!
144,2중반전의 최고봉
145,쏘우매니아
146,쏘우1편도 재밌지만 2편 역시 너무나 재밌네요 굿이예요^^
147,진짜 재밌다 역시 쏘우!! 이런 영화좀 많이 나왔으면 좋겠어요~
148,쏘우 1
149,재밌어 이거
150,1편이 너무 재밌어서 그렇지 2편도 상당히 재밌고 긴장감 넘친다!
151,개인적으론 1을 능가한 반전이었다...
152,재밋엇다 ㅋㅋㅋㅋㅋㅋㅋㅋㅋㅋㅋ
153,솔직히 끼워맞추기식이 몇군데 있다.
154,재밌었다. 긴장감을 자아내는 게 좀 짱인듯... ㅠㅠㅠㅠ
155,쏘우2 대박영화 갠적으로 2
156,마니아적인 작품인듯!
157,반전을 찾으려고 애썼다.. 하지만 이번에도 뒷통수를 맞고 말았다...
158,쏘우 시리즈중 최고 ! 공포영화 중 최고 !
159,개인적으로 1보다 재밌다...
160,이런개 실제있었으면 ㅠ 끔찍하다 걍 영화로만ㅎ 재밌다 굿~
161,1편에 이어 아주 잘 만든 영화
162,재밌었다ㅋㅋㅋㅋㅋ
163,반전의 긴장으로 소름돋는쏘우
164,아...완벽한 스릴러의 진수구만...와...그냥 반드시 보시길...
165,반전의 소름은 쏘우1 재미는 쏘우2
166,쏘우시리즈는 정말 최고다
167,쏘우2 대박. 1
168,쏘우는여기서끝나야했다 반전은최고
169,징그러워서 공포스러웠다~아쉬운건 여름에 볼껄 하는 생각이 드는것?
170,쏘우시리즈를 처음접한것은 쏘우2지만 보는내내집중에집중
171,굿이다
172,솔직히 2편이 제일낫다 ㅋㅋㅋ 아 진짜 3 4 편은 쓰레기 !!!!! 왜만들었대...
173,어제 1편에 이어 오늘 2편까지 괜찮았다. 내일 3편은 과연...
174,우주로 떠나버린 개연성. 하지만 이를 보충하고도 남는 반전과 연출.
175,형사가 조금의 인내심만 있었다면 해피엔딩?ㅋㅋㅋ
176,2편까지는 괜찮았단말야
177,굳!!
178,역시 1편처럼 변함없이 대박
179,난 1편보다 재밌던데.
180,잘만들긴 했는데 첫편의 마지막 포스가 없다.
181,여기까진 신선했다
182,90분의 러닝타임이 알차다. 전작보다 한결 낫다.
183,쏘우2 가 젤 재미있어요.
184,흥미면에서는 1을 이기지만 반전면에서는 1이 더 앞서는듯
185,감독=싸이코..어설픈 교훈. 스릴은 짱인데
186,좀 잔인하지만 뒤에서 극반전이여서 스릴을 느낄수있었던 영화
187,쏘우1에 이은 반전에 놀랄 것이다.
188,흥미진진하고긴장감있는진행
189,반전.. 대박이다
190,반전 완전 대박임.
191,반전은 스포 당해서 그냥 그랬지만
192,재밌었죠..
193,쩐..쩐다
194,쏘우2가 최고였음
195,그냥 나쁘지 않았어.
196,내가 쏘우를 계속 보는 이유는 혹시나 막편에 대박반전이 있을지...?!
197,적절한 복선을 깔아둔 충격적 반전
198,충격적인 반전을 경험하고 싶다면 꼭 봐야한다
199,아무리 생각해도 2가 제일 재밌다!!
200,3개째 봤는데 5개 다 볼필요는 없을것같다;
201,쏘우 1
202,시간의 표현과 영사구현의 한계점을 이용한 무리없는반전
203,재밌음
204,이런식의 반전도 즐길만 하다
205,똥싸내 10점조아하네 이런 잔인하지도않은것은 4점이적당
206,독자적이면서도 전편과 이어지는 탄탄한 스토리와 볼거리 영상미학들..심리-_-d
207,최고다! 자신의 삶을 되돌아 볼수 있게 하는영화.. 오랜만에 좋은영화하나봤다.
208,두 개의 반전이 절묘하군..   항상 머릿속에 잊혀지지 않는다 마지막 몽타주들이
209,괜찮네~
210,반전 굳이다ㅋ
211,대작이다...난 적어도 1보단 이 반전이 맘에 든다
212,전작에 한번 헉하고 2에 자빠지고...
213,전작에 못지않은 수작!
214,죽이네반전 ㅋㅋ내용도괜찮고 ㅋㅋ
215,최고의 반전..정말 범인 머리 좀 짱인듯....
216,그냥 쵝오! 첫편 보다는 2편의 반전이 더-ㅋ
217,쏘우 
218,친구들이랑 마지막에 같이 입벌리고 멍하니 컴퓨터 모니터만 봤던 기억이난다...
219,1편 건너뛰고 이거봐서 전편이랑 비굔못하겠지만 재미있었음~!! 그닥 잔인한거안나옴
220,쏘우1보다는 모든것이 떨어진다. 그렇지만 쏘우만의 스타일과 삶의 교훈을 약간 주네
221,밑님 먼 헛솔 1~4까지 최고입니더 ㅡㅡ.. 특히 2 !
222,진정한 쏘우는 2편까지...
223,쏘우씨리즈중 최고의반전..보고나서 영화의 전체적인 내용을 다시한번 생각하게됨.
224,1편보다 더 흥미진진했고 반전또한 더 괜찮았다. 훌륭한 스릴러영화 시리즈다.
225,1편에선..나도 모르게 서있었고 2편에선.. 나도 모르게 박수 쳤다
226,속편치고 꽤 괜찮았던 흥미진진한 스토리전개 ㅋㅋ
227,여기까지만 해도 좋았는데..
228,이런류의 헐리우드식 속편이 늘 그렇듯 억지로 끼워 맞춰 넣기에 급급하다
229,젬잇는데..?근데마지막이좀허무.8점데영화는맞다..
230,1을 보고나니 내용다 이해
231,정말최고다진짜..............................................
232,1부터 볼것을.. 2편부터 봤더니 1편이 더 궁금해지네.. 1편도 봐야지
233,눈치채면챈거지왜여기서씨부려정신나갔나ㅡㅡ왜눈치채서뿌듯하냐
234,아..보는동안..비위 많이 상했고..깜놀하는부분 많았는데..나름 재밋었능..ㅋ
235,쏘우 세번째 시리즈를 본다면 '퍼펙트 스릴러'는 여기까지였고 생각한다.
236,아아... 아만다가 배신하는거 눈치챗어 ㅡㅡ
237,아니 왜 1편보다 별점이 높지ㅡㅡ; 쏘우 씨리즈 중에 2편이 제일 허무했는데..
238,반전최고!
239,1편이 더 나은디
240,오리지널의 음산함과 반전을 넘진 못한 속편
241,1
242,재밌네요
243,1편보다는 나았다. 잔인하고 잔인한 장면들
244,보고나서 토했음.....잔인한걸로 치자면 여지껏 본영화중 최고.
245,1편에 버금가는 반전.....하지만 1편이 더짱~
246,쏘우 시리즈 중 가장 놀랐던 작품.
247,범인의 뽀대가 사라진건 아쉽지만 2편치곤 볼만하다
248,쏘우씨리즈중 가장 감명깊게 본작품...내가본 공포영화중 단연NO.1
249,최고
250,쏘우 1과는 다른 스릴을 느낄 수 있다
251,직쏘 아저씨의 신비스러움이 사라져 버렸다.
252,이걸 보고 더 이상 쏘우 시리즈를 보지 않는다.
253,잔인함이 더해졌지만 역시 쏘우만의 특별함은 여전하다
254,굉장하다 잔인함도 적당 쏘우의 명성에 걸맞다
255,점점 더 3류 고어물로 하락
256,1편보다 더 스릴있고 멋진 반전이라고 생각한다. 그리 잔인하지는 않았다. 뽀로로정도
257,역시 반전엔 쏘우
258,현대 반전은 나름 충격적이지만 드라마적 요소나 긴장감이 1편 보다 떨어진다
259,정말 상상도 못했던 반전!! 최고네요
260,반전이 살려주네
261,우왕ㅋ굳ㅋ  5.1채널 사운드 빵빵으로 돌리니깐 긴장감 굳~
262,전작만큼이나 잔인하다..
263,이걸봐야 1편 반전이 이해된다.
264,잔인함은 있었지만 역시 반전부분에서 또 닭살이;;;ㅎㄷㄷ
265,잔인하지만 한편으론 자신의 생명이 소중하다는걸 느끼게 한영화
266,긴장감 있는 장면장면. 반전도 비교적 신선함.
267,ggoooodd
268,반전
269,보통
270,스릴 짱 이건 여럿이서 봣는데도 완전 몰입
271,1편만큼은 아니지만 나름대로...
272,2편까지는 정말 최고다 3편부터는 긴장감이 떨어지고 뻔한이야기 but반전은 살아잇다
273,업그레이드!
274,대박 !!!! 진짜 대박 ㅋㅋㅋㅋㅋㅋㅋㅋㅋㅋㅋㅋㅋㅋㅋㅋㅋㅋㅋㅋㅋㅋㅋㅋㅋㅋㅋㅋ
275,왜 제임스 왕이 아닌가?
276,여기까지만이다
277,감독이 천잰인지 알았다...
278,1편과3편의 부드러운 윤활유~
279,근데 아무래도 1편보단 좀 약하지?
280,훌륭해.
281,좋아좋아.
282,1편이 너무 강했다. 별 반개 깍음. 그래도 충격이다
283,역시 쏘우
284,충격적이지만 억지스럽다
285,반전 대단하다. 역시 쏘우다.
286,전편 보다 좀 더 잔인하지만 스토리면에선 역시 실망시키지 않았다.
287,쏘우너무재밌어요~~~~~~
288,역시 직소는 나를 실망시켜주지 않았어 ㄲㄲ
289,어우 소름..........
290,정말 재미있다!
291,1편은 꼭 보시고 2편을 보시길..그래야 반전을..이해감
292,쏘우짱~
293,최고다!!!
294,역시 직쏘..... 실망시키질 않아 ㅋㅋ
295,예상이 맞아버렸지만 그래도 정말 잘 만든 반전 영화!!
296,완전 놀랐다 직쏘가 초반에 잡히면서 스토리를 전개해나가다니.. 충격~
297,1편보다는 그저 그랬지만 볼만했다.
298,쏘우는 날 절대 실망시키지 않는다 ㅎ
299,예상한 반전.. 만약 반전을 예상하지 못하고 봤더라면 더 좋왔을데.. 볼만함
300,개인적으로 1편보다 재밌었음 ㅎㅎ 하지만 1편을 먼저 봐야한다는거~~
301,진짜 재밋다 ..ㅋ
302,쏘우가 2까지는 죽여줬었지 ㅋㅋㅋ몇안되는재미잇는후속영화 ㅋㅋ
303,잔인한게 많긴 해도 정말 한시도 눈을 뗄수 없었습니다. 집중 최고!!
304,전편보다 더 짜임새있고 마지막 반전에 숨을 멈추게 한 영화
305,쏘우1보다 훨씬 더 재밌었다 ㅋㅋㅋㅋ
306,보면서 계속 반전을생각한 영화
307,크으.....직쏘 쩌는데
308,반전을 생각하면 내가 바보가 되었다..
309,한마디로 존나무서웠다
310,내생전 영화보면서 나까지 아픈거 같은 느낌받은적 첨이였음 최고!!
311,각설하고 정신건강에 드럽게 안좋은 영화 애인이랑 절대 보면 안될영화
312,역시 직쏘 ..날 실망시키지는 않는다니까.직쏘의 두뇌플레이에 반했다-_-
313,한층더 잔인해지고 역시 쏘우야라는 말이 절로나오는
314,반전이란 이런것
315,잔인한거
316,괜찮네
317,반전죤나쩌는영화 100짜리영화
318,구성은 허술해도 호러적 요소는 꽤나 흥미로운
319,쏘우의 목적은 온니 반전? 전작보다 높은 평점 아이러니..
320,비디오과 압권이였따 -0-ㅋ
321,반전영화중 손꼽히는작품
322,굿 반전..
323,쏘우1내용과2의내용이 마치 마지막반전을위한 것처럼보인다.
324,1편보다는 더 낫다는 생각
325,임팩트나
326,OOO기영화
327,1보다는떨어지지만 결코 다른영화에 OOO않는 반전영화!
328,좋았지만...쏘우 1보단 좀 아쉽네
329,훌륭했다. 하지만 쏘우 1을 능가할 순 없다.
330,재밌는영화임반전말하면잡혀가나여?
331,10억바께 안들인영화다 한국 영화는 도대체 모했냠 ㅋㅋ
332,잘 짜여진 공간 스릴러
333,영화랑바로이런것이란걸일꺠워준영화
334,캬.. 반전 전혀 생각도 못했다.. 기발하군 정말..
335,반전 만 생각한다면 이런 영화도 없을듯..
336,반전 알고 봤어도 전혀 재미없지않았다
337,good
338,반전 알고봐도 재밌다
339,최고다~ 1편과 비슷하게 재미있는 영화 ..
340,쏘우는 역시 반전빼면 시체구나
341,그럭저럭 ..
342,이 영화로인해 반전영화를 알았고 영화가 좋아졌다 특별히9점
343,반전영화좋아`
344,아..1편보다 훨씬잼따..
345,재미있네요^^.;;
346,1편에 이어 2편도 나름 괜찮은 반전..
347,괜히 잔인하다 그렇게 까지 할 필요는 없었는데
348,전편을잇는대작.
349,반전!
350,반전만큼은 1편보다 최고다!
351,흠 그런대로 불만하다
352,전편만큼 좋아
353,젠장. 범인 알고봤지만 그래도 굿
354,1편보다 내용.스토리...약하지만 반전은 그대로
355,생각할수록 놀라는 영화.. 전편과 마찬가지로 영화자체는 탄탄하다.
356,1편이 더 재미써
357,이런 명작이 예상외로 평점이 낮네
358,1편보다는 덜 잼있따.
359,반전
360,진짜 반전은 전편이 괜찬지만 이것도 어마어마하더라 미틴반전 뒷꼴땡겨-_-
361,나름 3편이기대된다!!
362,지나친 심판의 상상력이 이야기를 죽였다.
363,전편을 능가하는 반전이 있다!
364,직쏘의 카리스마가 많이 떨어졌다..
365,1편보다 훨씬 깔끔한 반전 .. 눈치채지 못한건 나뿐이야??? 덜덜
366,1보다 왜 평점이높은지 모르겠다 반전 내가 예상하던데로였다 실망 ..
367,1탄
368,지금까지 나온 쏘우 시리즈 중에선 젤 별루다. 그래도 굿.
369,1탄 보단 별로지만 대단하다.정말 대단한 반전
370,1탄 10점 2탄8점 3탄6점줫다 점점떨어지네
371,반전을 위해 꼬아버린 스토리. 전편만큼은 아니지만 충분히 흥미롭다
372,역시 언제봐도 쏘우는 대단한 반전을 우리에게 보여준다.
373,속편이라도 방심하지마라!
374,볼만은 한데 전편이 낫네
375,난 전편이 난것 같군
376,전편만큼의 임팩트는 없다. 그래도 쏘우라 흥미를 준다.
377,1편보다 잔인해지고
378,1편에 비해서 훨씬 설득력있는 이야기.
379,반전 작살 ㅎㅎ
380,엄청난반전 !!
381,반전
382,1편이랑 비슷해
383,솔직히 1이 낫다...
384,스토리 반전 좋긴 하지만 사람가지고 너무 장난치는건 아닌지
385,진짜 ! 반전 골떄린다ㅋㅋ 반전 쩔어요 지금생각해도 소름쫙 ~!!
386,쏘우씨리즈중 최고
387,3편을 먼저 봐서...
388,아이덴티티
389,전편만한 속편이라!!여전히 잼있음..하지만 그 충격은 덜함
390,반전 그이상의 4차원?
391,1편보다 못하다.. 그리고 아는 형이 반전을 미리 예기해줘서..
392,반전은 전작보다는 아니지만 전체적으로 보면 2편이 좋다..
393,어안이 벙벙하다
394,잘 만들었지만 그래도 전작보단 덜하다..
395,반전영화는 계속된다.
396,개인적으로 1편보다 더 박진감 넘치고 재미있었음
397,전편에 비해 박진감넘치는 좁아진 장소. 반전역시 만족
398,각본에 실망. 쏘우1편에 비해 너무나 질이 다른 각본.
399,끝에 뭐냐..
400,변했어 그는 직쏘가 아니야
401,1편보다 반전새롭고 재밌는데 왜들이러삼ㅋㅋ
402,좀 이상해지고 있다.. 그냥 학살을 즐기는듯.
403,제대로 즐겼지.. 근데 반전은 어디에...
404,여기모두는아니지만영화비평을하는사람들은이런영화제작을할수있냐..굿
405,스릴감+고어+반전..관객만족의 극치..
406,1편이 좋네
407,전작보단스릴은 없다
408,전체적으로 1보다 좋았다...보는내내 집중하면서 봤다...
409,흥미진진 하고 역시 반전은 최고다.
410,모든 문제의 해답은 언제나 가장 가까운데 있는 법이니라
411,반전은 흥미롭지만 비슷비슷해서 식상하다.
412,최고 반전 스릴러의 연장선..
413,오로지 반전만을 위해만들어진영화
414,전편보다는 덜하지만 역시 정말 재미있게봤다.
415,갈수록 망가지는 영화
416,뭐 대략 그럴거 같더라니;;
417,얘들아 아들은 금고에서 나오고 영상은 이틀 전에 녹화한거야
418,보는동안엔 2편이재밋는데 1편 끝에 반전이 너무너무 진자 역대최고!!!
419,십라 1편이 2편한테 게임이 되냨ㅋ 2편이휠씬 재미있는데
420,특별한 인상을 주지는 못하는 공포영화.
421,역시 ㅋㅋ
422,1편이 더남
423,1편보다 점수가 높은 이유를 모르겠네
424,1편보단 못하지만 괜찮은 영화
425,이것이 반전이다.
426,괜찮았던 영화 하지만 1편이 낮다는거
427,1편이 났다..
428,1편은 반전이 별로 2편은 반전 쵝오!
429,전편보다 괜찮았고 역시 쏘우시리즈는 반전이 명물-0-
430,1편까진 아니더라도 단연 시나리오는 최고
431,1편을 능가하지 못하네 역시
432,전편만 못하다...실망이다
433,더 어려워 졌다..;;하지만 속편은 역시 원작을 못따라간다..
434,시리즈 중 최고다. 1편을 능가한다
435,1
436,1편과는 다른 재미.. 반전 역시 못맞췄고..ㅋㅋ 대단해요^^
437,이야~ 정말 치밀하고 딱딱들어맞는다 .. 1편보다 나음.. 굿!
438,와.. 대박이다.. 그 사람이 좀 이상하긴했지만.. 이럴수가..
439,꽤나 잔인할줄 알았는데...
440,오~ 꽤 좋은데..!
441,점점잔인해짐!ㅋㅋ
442,계속다음시리즈를 보게한다.
443,좋타..
444,전작보다 좋았다
445,뭔가 밋밋하다
446,반전놀이
447,쏘우시리즈 중 가장 잘 짜여진 스토리와 반전을 담고 있다.
448,쏘우 1보다 훨씬 재미있다.범인에 엄청난 머리...대단하다.
449,전편보다는 못하지만 재기발랄하다...시덥지않은 반전...
450,쏘우1
451,이런걸 어떻게 만들었을까! 홍홍~
452,완벽한 스릴러~
453,사람이 죽어가는걸 보며 재밌다해야하나..영화니까 ㅜㅜ
454,숨막히는 스릴은 여전하나 식상한 느낌을 지울 순 없다.허나 마지막 반전은 낫 베드.
455,쏘우의 한계는 고작 이정도인가... 실망이다..
456,볼거리는 풍성하나 원작보단 좀.. 그래도 좋아요
457,무뎌진 쾌감... 그러나 전작을 한층 업그레이드..
458,별로.. 식상하다
459,1편보단 좀 약했지만 그래도 인간의 심리를 잘 이용한듯
460,전작보다 스케일이 더커져 볼거리가 많았다.. 반전은... 글쎄...
461,스릴 굿
462,쏘우 원
463,쏘우1을 봤다면 더 한층 재미를 느꼈을 것이다.. 기대를 저버리지 않았다
464,반친구들 모여서봤는데 모두 소리질름  정말 최상
465,반전할게 너무 없었나보네-_- 억지스럽다억지스러워
466,직쏘는 묻는다 삶에 감사하냐고. 난말한다 너가 궁금할 필없어
467,1편을 찾아서 보게 한영화!! 스릴이 폭팔했다.
468,전편보다는 임팩트가 떨어지나
469,잔인한 공포가 아닌 앞을 모르는 공포감
470,스릴넘치지만 역시 첫편이제일좋은!ㅋㅋ
471,전편만큼은 아니지만 그래도 좋았음.
472,전 편 보다 재밌게 봤다. 반전은 여전하구만!
473,쏘우씨리즈중에서는 가장 낫다..ㅎㅎ
474,1의 명성을 이어 잘만든 영화
475,전편못지않은 반전!! 정신건강에 않좋은 잔임함..
476,전편못지않게 아정말찔끔했습니다
477,괜히 억지부리지마... 1이랑 똑같은 쓰레기
478,배우들의 인지도가 너무딸려...조금은 되는 애로 쓰면 뜰껀디..
479,쏘우 시리즈중 최고!!
480,전작에 비해 뭔가 부족한..
481,형사 안습..
482,하드코어 아닌가?
483,1편에 비해선 조금떨어지지만 그레도 좋다.
484,쏘우1보다 깔끔한반전과 좋긴좋타 녹*됏다는말에 입이;;
485,직쏘의 게임은 계속되어야 한다.
486,1편과 마찬가지로 소름이 쫘악 ㅜㅜ
487,확 떨어지는 게임...
488,역시 쏘우는 나를 실망시키지 않는다
489,소금도 적당히넣어야지
490,재미있었지만.. 전편보다는.. 쩝..
491,다른 건 둘째치고 맨 끝에 경찰이 너무 쉽게 당한다.
492,1편에 비해선 별로;; 반전도 어느정도 예상되었고
493,아버지의 사랑이 가슴아팠던 영화
494,전편보단 구성이 낫다 잔인한건 여전히 견디기 어렵군
495,전편보다 구리네... 조잡하고 스토리도.. 비현실적이고 너무나..
496,범인첨부터 예상적중 근데 마지막 반전 재밌음
497,역시 쏘우 시리즈 갈수록 잔인해지는 느낌.. 담편도 봐야지
498,마지막 반전이 역시 대단했다. 1편에 비해 뭔가 부족한느낌.
499,내용은 좋은데
500,괜찮음
501,와 짱이다 -_- 아만다는 굿임 ㅋㅋ
502,1..2..3 중에 2편이 제일이군요 -_-v
503,전편에 비해 상당히 조잡해졌다. 반전은 허무맹랑
504,직쏘는 낚시꾼
505,1편보단 실망 하지만 잼슴 ㅋㅋ 역시 강추
506,sm135700  스포일러 죽어라
507,그게모두 2시간 전 일이었다니.. 아들은금고에 있음 ㅋ
508,잔혹한 인간의 상상력의 끝은 어디인가?
509,1편의 충격은 없었지만 구성이 좋더군
510,헐; 이런영화가난이영화보고그날 하루종일반전만 생각
511,그 여자만 숨을 헐떡거리지 않았다.... 쏘우 정말 재밌다.
512,내가스릴러에빠질수있게만든영화
513,잔인밖에없음 1편에 미치지못하는군..
514,1만큼은아니지만꽤재밌던데
515,약한 논리를 끌어온 단순한 잔인스릴러물과 옆길로 센 그 속편.
516,마지막 결말을 보고 영화가 끝난후 그.. 아찔한 섬뜩함 !!
517,스너프를 극장에서 보여줄뿐
518,공포랑 반전
519,1편에서 끝냈어야 했다
520,결말이 마음에 안든다. 그냥쏘우1에서그쳤음했는데..ㅋ
521,쏘우1보다는 떨어지지만 그래도 잼있내여.
522,쏘우...이만한영화 어서또보나....
523,ㅎㅎㅎ
524,무언가가 부족했어
525,소름이 끼치는 영화. 게임을 하려면 룰에 충실해야만 한다.
526,전작만큼은 치밀하지도
527,악 진짜 잔인하다 ㅋㅋ 하지만 쏘우3보단 
528,역시 1편에 기대감으로 인해 못 미친 속편
529,1탄보단 낫네..그래도 -_-ㅗ
530,으흠 으흠 으흠.. 여전히 쏘우이긴 하지만..
531,1편만큼의 충격은 아니지만 재밋었다
532,나는 2가 더 재밌든데...
533,반전이 재밌네
534,뭐 그냥 그래....
535,몰입성은 있는데.. 다 죽어가는 킬러가 너무 전지전능하시다..
536,1편을 본후의 기대감...그리고 실망.
537,1편에비해 억지로짜맞추는듯한...
538,직쏘의 재발견
539,살기위해서바이벌하는것이 볼만했다..하지만기대엔못미치는
540,쏘우 시리즈 중 제일 재미있던 편!!
541,이 억지스러움은 뭐냔 말이다 논리와는 담을 쌓았나?
542,대단...직쏘의 여인...
543,오로지 반전만을 위한 영화인듯.
544,쏘우가 왜 헐리웃 학살물이 된거냐....
545,상상도 못한반전
546,반전 예측이 어려웠으나 조금 억지가 너무 많은거 같습니다.
547,직쏘할아버지참~성격하난특이하다는..ㅋㅋ
548,1편은 최고명작! 2편부터 망해가기 시작함. 3편에선완전...
549,볼만..? 쓰레기 .. ? 엄청재밌던데.....반전이 지대 ㅋㅋㅋ
550,잘 만들었다 범인은 누굴까 ㅋㅋ 난 못 맞췄음 ㅋㅋ
551,스릴있게 잘 만들었어요~
552,볼만
553,괜찮긴 하지만 1편보다는 조금 별로인거 같다
554,역시 속편은 속편
555,죽인다...
556,2가 제일잼있다 1은 좀..
557,이런 영화 다시 보기도 힘들어.....
558,몰입성이 정말 최고다 .
559,속편이 더 재미난 영환 별로없던데..추천..
560,ㅋ ㅑ역시쏘우
561,ㅠㅠㅠㅠ쏘우만세 3편도 기대하고있써염ㅠ
562,좀 덜잔인했음 조께꾸만..ㅠㅠ 그래도 반전은 역시 쵝오.
563,나름재미.1보다 쪼금 못한듯.
564,범인 누군지 알고 봐서 잼이 없을줄 알았는데 또하나의 반전이..
565,1편이 범인바꾸기에 불과했다면 2편은 스토리 자체를 바꿔버린다
566,Game over
567,킬링타임
568,스포일러에게 당했다! 1의반전이 더좋았다..
569,1보다 많이 부족 ㅡㅡ
570,관객의 상상력을 뛰어넘는 최고의 반전을 보여주는 영화
571,1편에 비해 그다지 재밌지는 못했다.
572,1편은 억지 반전... 이에비해 2편은 괜찮았다..
573,폐쇄적 공간의 효율적 이용
574,1편에 이어.. 정말 최고네요.. 앞으로 다른 스릴러 못 볼 듯..
575,잘짜여진 오락영화~
576,정말 최고의 영화다 보고또보고를 계속 반복하게 된다
577,쏘우1보다는 조금 떨어지지만
578,평점이 의외로 낮네
579,보다가 졸려서 잤다.
580,전편보다 나은 속편으로 반전또한 나를 농락하는 듯 했다.
581,1편 보단 부족함
582,1에 비해 발전했지만 그냥 그저그런..
583,잔인함뿐이지 그다지 스릴은 아니다
584,교훈적인면도 있고 반전도 끝내주고~ ㅋㅋ
585,최고의 반전!! 굿~~~~
586,반전좋다. 그리고 밑에 초딩아..니가 더 경악스럽다..
587,괜찬
588,계속되는 반전....전혀 식상하질 않아!!!
589,내 밑에놈 너때문에 이영화 볼려다 말았다 꼭 이런놈들 있다니깐
590,전편보다 훨씬낫다!
591,꺄악...또 충격.;;!
592,재밌긴하다. 주사기구덩이 너무 아파보였다.
593,극적..반전과 예상치 못한......
594,알딸딸하군..
595,삶의 의미를 찾게 되었다. 하지만 영화의 완성도는 떨어진다.
596,1편보다 확실히 전체적으로 세련되지긴 하였으나 뭔가 부족하다.
597,반전에 중심을 두다보니 억지스러움도 있는거 같다
598,1편 2편 다 오천점 줄랑마~~~!!! 강추강추!
599,1보다 재밌음!
600,전편에 이은 기대감이 재미를 조금 잃었지만.. 그래도 쏘우!
601,쏘우 잼있어 1보다2가 더 잼있다
602,잔인해지기만 했지.. 압박감과 연기력은 떨어진다.
603,업그레이드된 잔혹함. 휴~또 생각난다..반전도 그정도면..
604,역시 전편에 이어 몰입도는 발군이다!!^^
605,전작에 비해 더 잼는듯.. 여전히 잔인..
606,1편보단 확실히 재미가 많이 없다
607,역시나 엄청난 반전..하지만 1편에 비해 못하다는 느낌..
608,반전이 좋더군~ 이해가 안가고 조금 이상한 부분이 있었어~
609,역시...쏘우는 영원해~~
610,반전의최고작
611,너무 많은 등장인물로 난잡해진다. 덜 잔인하다.
612,
613,글쎄...
614,1편보다 스토리는 잘 짜여졌으나 왠지 1편이 더 재밌게 느껴지는
615,진짜 이렇게 재밌는영화 누가 만들겟어 1! ㅋ
616,1편에 비해 많이 떨어지는
617,전편만 못한 속편
618,이런OO들1점머냐 영화볼줄모르는구만
619,나름괜찮았어.. 3편도 기대해본다
620,1편에 비하면 별로.피해자가 후계자가 된다라.억지 속편.
621,아만다만 멀쩡해서 범인인줄 알았는데 맞았네
622,반전은 더 있으니 안심하라
623,쏘우는 언제나 최고삼..
624,범인이 아만다 라는것은 별로 상관이 없다. 안심하라
625,범인은 아만다!!!! 아만다!!! 기억하세요 범인은 아만다!!!!
626,그냥 마지막에 그 근육질이 질질끄니까 넘 열받는다
627,1편보다 충격이 덜하긴 하지만 8점은 그래도 너무 적다!
628,완전 무서움 ;
629,끝이났을땐 나는 입을 벌리고있엇다
630,1편에 못미치는 구성
631,개인적으로 1편보다 많이 재미없다.
632,극찬을하며 봤지만 다신보기싫다
633,전작과 기가막힌 연결고리.... 볼만하다
634,1편이 더 재밌었긴하지만 반전은 이게 더 좋은듯...
635,ㅋㅋㅋ범인은 누워있던 시체다!!!!하하하
636,완벽한 영화 10점만점을 줘도 안아까운 그 영화
637,1편과의 유기적인 관계가 좋았다
638,재밌긴한데
639,최고다
640,나는 남자주인공아들도 용의선상에 넣었었다 1편서 당한게있어서
641,억지스러운 결말에 기대하고있었던 흥미유발실패
642,범인은 알았지만..괜찮은 구성
643,생각과는 다른
644,매우 흥미롭게 잘봤습니다.
645,재밌었다..반전 알고봤는데도..죽이는 방식이 신선했다
646,역시 최고다 쏘우.
647,1편보다 다소 논리적이지 못한듯.하지만 훌륭한 반전영화시리즈.
648,역시쏘우..최고다 1편을안보고봤으면 아주약간 이해안갈수도
649,갑자기 어디서 이름만 똑같은 삼류영화가 튀어 나왔지.
650,볼만함~
651,반전을 테러당했다면. 누구라도지루한영화.나쁜건네티즌^^
652,060806/반전만
653,좋구만
654,쭉 지루하다가 한방 터지는 그 맛에 보는거죠
655,스릴러 영화 넘좋아
656,스릴러 대작. 한국영화가 아직 따라올 수 없는 이유.
657,반전과 소름..보는내내 딴생각을할수없다
658,반전에 경악을 금치말라.반전에 반전이다
659,1편하고 똑같은 2편
660,ㅋㅋ긴장을 ㅋㅋㅋㅋㅋㅋㅋㅋㅋㅋㅋㅋㅋㅋㅋ
661,젠장. 저도스포일러한테걸렸음. 여튼
662,어떤 x새끼가 반전을 알려줘서 반전은 못느꼈으나 재밌었다.
663,1편에 비해 짜임새가 부족..
664,감독이 바뀌니 영화 자체의 완성도와 함께 반전도 놀라웠다.
665,1편에 이어 그다지 큰 재미는 없는. 예상되는 반전
666,반전만을 위한 반전 짜증나
667,잔인함이 안겨주는 묘한 감정... 그리고 반전...
668,hykim0609님 잔인한거 싫음 안보면 되지요. 난 만점 !!
669,잔인하긴 하지만 감독 천재다 진짜
670,나를 긴장시키는영화 좋아좋아
671,제발 내용 모르고 보세요 << 동감...
672,1편의 억지스러운 반전을 만회하려했으나 거기서 거기임...
673,1편처럼만.. 이러다가 3편나오면 어찌될까?
674,1편에 비해 쫌 떨어지지만 반전은
675,제발 내용모르고 보세요
676,1편에 비하면... 근데 이것도 스포일러 당했다 OOO들
677,범인아만다CCTV녹화된거아들은금고에
678,1편에 비해서 많이 떨어지는 듯...
679,반전이 압박이다
680,전편보다 나은 작품 인것 같다 / 전편 안봐도 지장없음
681,야.. 1편이랑 이렇게연결되다니 ..소름이 쫘악 !
682,스포당하고본거지만 그래도 긴장 죽엿다
683,난 별로였소..
684,...............헐랴미
685,1편만큼 대단해.
686,잼있다..ㅋㅋㅋㅋㅋㅋㅋㅋㅋㅋㅋㅋㅋㅋㅋㅋ
687,ㅋㅋㅋ 쏘우 1처럼 스릴넘치네
688,반전도 재밌고 스토리도 괜찮다!!
689,반전이 있다는걸 알았지만 그래도 재밌네.
690,이영화도 이해못하면 영화보질 말어라
691,밑에님 말씀동감 2는 예상했던 반전..
692,영화가 날 갖고 놀았다
693,이해는잘됨. 특히 1편과 연결되는 장면 신선~
694,1편이 낫다...
695,잔인하기만 하고
696,마지막반전이참..ㅡㅡ이해도안가고..1편이훨낫다!
697,ㅋㅋ믿에님 초공감 조금어설퍼서 ㅎ
698,마지막 게임오버할때 조금웃기더라..
699,1편을 못보고 봤는데
700,재밋긴햇지만 1편보단 별루....
701,진정한 반전..  1에 이은 충격적인 반전..
702,진정한 반전..
703,걸작중 걸작
704,Game Over
705,반전을 알고봐서인지 그다지...
706,잔인함음 전편보다 한수위 하지만 반전
707,1
708,반전의 미학 ㅋㅋ
709,어떤돌아이때문에 범인누군지 알고봐버렸지만 그래도 재밌다
710,불쌍해...................ㅜㅜㅜ
711,진짜재밌어요~
712,반전최고
713,실망시키지 않았다
714,ㅋㅋ말이 필요있나?
715,범인 잡았다고 안도하진마라! 재방송이라니
716,도발적인 심리트릭? 괜찮아요 ㅎㅎ
717,이런 게 재밌는거 아닌가?.. 아직 안봤다면
718,억지성이 너무크다.1편에대한 감독의부담감이 나타난영화
719,생각을 하면 할수록 골치가 아파지는 영화...
720,심리전
721,기대했던만큼 정말 재밋네여..!!!!그래도 전편이 더 죽여줬음.;
722,3편을 더욱더기대하게 만드는 초특급 스릴러. 반전에 소름이...
723,맙소사..ㅠ 쩝쩝이같으닝 밑에님들 말대르 1편보다 낫다
724,단순한 공포물이 아니다. 사람의 심리를 가지고논다. 놀랍다
725,난1편이더재밋는듯..아무튼 둘다재밋어 상상을초월하는반전!
726,난 1편보다 더 재미있었다. 골때리는반전..ㅎㅎ
727,1편보단 덜 재밌지만 잼난다!!!
728,뭐랄까 반전의 반전 ㅋㅋ 그러나 이번에도 어느정도 예상되는
729,공포라기보다는 스릴러물이겠지?
730,조금 어거지 끼가 있는듯한...그래도 나름대로 매력적인
731,언제까지 우려 먹을거야??
732,-2편들은 거의 잘 안보는데..처음의 놀람이 이번에도~
733,"친구와 둘이서 한글짜로 대화했다. ""오~~~~~"""
734,볼거리는있지만 이정도 반전으로 반전을 논할수있을까?
735,1에 못미친다..
736,반전 영화인지 모르고 봤으면 정말 허탈함..ㅋ강추!
737,끔찍한 복수.. 만약 내가 이런상황이라면.. 으..
738,1편보다 커졌지만 작품은 죽지않았다 3편도 기대한다 정말
739,스케일 크게 잘만들었지만 1편보다는 완결성이 2%부족했던듯
740,기대를저버리지않았던
741,나름대로 분전한 속편.....
742,반전의 비중이 1편보단 적어진듯 하지만.. 구차하다.
743,난1편이 더잼있는거같은데ㅡㅡ; 정말첫번째희생자...흠
744,재밌다...1보다는 반전은 덜하지만 치밀한 짜임새..
745,역시 쏘우.. 재밌다
746,영화 첫부분에 나온 희생자가 진짜 나라면?으 생각하기두 시러..
747,아 난 직쏘가 더 좋은데 아만다 시로
748,여자가 범인이라니 뜨헙...쌨다
749,놀라운 반전이었지만 짜증나는 반전이었다..ㅠㅠ
750,쉴새 없는 반전 괜찮다고 생각함!
751,전편보다 잔인하기만 하지 반전은 정말 실망 1편이 재밌었다
752,재밌어요
753,반전은 멋지지만 좀 ㅠㅠ
754,반전최고
755,그럭저럭 볼만은 했지만... 반전을 예상해버린 탓일까...
756,피곤해서 잠깐만 볼려구 했는데... 정신이 확드넹^^;
757,2편이 더 재밌다 역시 쏘우
758,쏘우는 역시 쏘우다...
759,약간 시각적인게 더해졌지만 전작은 못따라옴
760,반전의 반전 그리고 삶의 중요성을 깨닫게 해주는 영화
761,과도한 살육은 이제 그만 ...
762,반전은 괘뿔
763,후속작이 더 재밌네
764,7점 줄려다 마지막 반전때문에..
765,정말 최고 입니다..
766,반전 지대 ㅋㅋ
767,억지반전 어설픔..잔인한것도 없고..힐즈아이즈
768,끝의반전을위하여 앞의 스토리를 억지로 짜맞추는 느낌?
769,1편이 너무 대작인가? 2편이 초라한 느낌이..
770,쏘우 씨리즈는 반전이 너무 억지스러운게 단점
771,반전이 드러날때의 전율
772,긴장을 놓치지 않게 하는 성인용 하드코어 스릴러!
773,잘만들었지만 전편에 비해서
774,1편이 9점이라면 2편은 1점
775,아 신선한 충격
776,재밌긴한데 반전이 좀 억지다...
777,전편보다 강해진 반전
778,재미있었지만 전작만큼은 아니었다
779,잔인하다고점수낮게주는놈들은모냐?영화프리뷰도안하나보지?
780,1편보다 피가 더 많이 나온다거나 잔인했지만 역시 재밌었다.
781,너무 무섭지도 않고..  이런게 짱이징.
782,전편만큼의 소름은 없지만 역시 기대를 저버리지 않는 반전
783,반전은 괜찮았어 ㅎㅎ
784,말도 안돼...ㅡㅡ학교에서 이런걸 15세라고 보여주다니..;;
785,녹화방송에 나는 등골이 서늘해졌다
786,1편에서 의사 발목 자르는건 완전 억지임
787,1편에 걸맞은 2편!!!이런 영화 첨이다 엄청난 반전!
788,일편이 더 낫긴 한데.. 볼만하다. 재밌다.
789,재미는 확실히 있었지만 조금 석연치 않은 개연성
790,와 진짜 스릴 짱!  Good~
791,완전스릴..반전짱~!!!쏘우3보고싶당쏘우1보다재밋음!!!!
792,너무너무잔인하다. 그리고낚였어.
793,이번에도...역시
794,역시 전편보다 재밌는 속편이 없구나~
795,그래도 난 나름 느낌 있었어.
796,엄청 잔인하진 않지만 내용자체가 신선했다. 반전은 그럭저럭
797,난 오늘도 죤에게 낚였다
798,뒤늦은 관람이었지만
799,넘 잔인한 영화 두번 다시 보기 싫음
800,진짜 반전 완전 소름 ㅜㅜ
801,부들부들이닷
802,2편보실려면 1편봐야합니다..반전에반전을 거듭하는영화 최고!
803,쓰레기다 난 이거 큐브인줄알았다 쏘우1봐서 2점준다
804,재미있게 보았다. 작품성까지 논하기는 조금 그렇지만...
805,1편보다 오히려 나은것 같기도 하다
806,퍼즐 조각 처럼 끼워맞추기를 원하는 진정한 스릴러
807,진짜 넘 재밌다.
808,1보단 업그레이드... 그러나 억지는 억지다.
809,쏘우2!! 이름값한다.감독이누군지궁금해지는영화.
810,징그러운게 너무 많이나와서 조금 그랬어요...T_T
811,굿!!
812,기대를 너무 하고 봐선지 그냥..
813,그래도 1편이 더 나았다.
814,답답하고 습한 영화 범인도 티미해
815,반전영화에 식상 해질때도 됐지만 그래도 마지막 반전은 좋았다
816,모든게 진실해야하는데 아만다의 연기였다는건 쫌..;
817,숨은 콱콱막히고 잔인한 것도 좋은데.. 앞부분 큐브..ㅠㅠ
818,미리예상은했지만 그래도 반전은반전..^^
819,이영화 스토리 정말 머리좋은사람 ~ ㅠ 아졸라재미써
820,완전 내 스탈인 영화..숨이 콱콱 막히는..
821,1편에 조금 못 미치는 ..
822,잔인하지만 본능에 충실한 영화.
823,진짜 죽인다...헉헉.. 숨막히는 긴장감
824,좀 스릴러라면 보면서 토나오는 장면좀 없애라..
825,전편보단 별로였다...하지만 반전은 정말 끝내줬음...
826,재밌게 봤지만
827,범인은 솔직히 좀 뻔했다 하지만 내용면에선 꽤 멋졌다
828,반전이 멋졌다.
829,쏘우다 이름값8점에 반전1 그래서93편을 기대안할수가없구나
830,친구자식이 반전만 말안했어도-_-
831,직쏘 너무 똑똑해 ㅋㅋ
832,쪼금 잔인한데 재미있었음! 아멘다의 게임놀이었나?
833,긴장감 있고 반전도 좋습니다.
834,ㅎㅎ 잼난다...반전또한 예술입니다..범인은 xxx입니다..
835,아만다다
836,기대 잔뜩해서 그런가..역시 기대없이 봐야..
837,10점주긴 조~~금 부족함
838,밑에 sllabina86님 굿입니다.'신이라고 착각하지마라' ㅎ
839,스릴러의지존-ㅁㅠb ㄷㄷㄷㄷㄷㄷㄷㄷ
840,반전보다 더욱 잔인한 내용..으억~웩!
841,1편이 어이없는 반전이라면 2편은 예상밖의 반전.
842,신이라고 착각하지마라.스토리발상은 좋지만..찝찝한..
843,스릴굿. 긴장감과 반전이 최고인 영화.
844,2가 더 재미있는거같은데........ 넘 잔인해요 ~~
845,1보다 2가 더 긴장되든데... 반전에 또 반전
846,1에 비하면 별로지만 딴 영화에 비하면 굿~
847,딥 쏘우3 곧 출시할 기념으로 10점을 줍니다
848,원에비해 못살림
849,1편보다 많이 부족하네... 하지만 1편 넘 잼있게 봐서3편 기대
850,전편에비해좀....좀 참고 기다리면 아들을 살릴수있었을...
851,평범한 공포영화^^ 많이 봐온 트랙
852,역시 1편을 따라갈 2편은 없는가~! 전편 7점 후편 6점
853,전편만큼 할까만은 2편도 나름대로 괜찮았다.
854,전편보단 별로...
855,범의 찾기가 더욱 광범위해졌지만 1을 봣다면 금방...ㅋ
856,징그러!!!
857,1편의 뒤통수를 얻어맞은듯한 반전보단 약했지만 괜찮았다.
858,완전 최고
859,역시 반전 -_-ㅋ 1
860,음...피는 좀 그만 보고 싶다.
861,1편보다 재미있는데
862,약간 잔인하긴 하지만 그래서 더 빛이 나는 영화..추천@
863,정말정말 잔인하다....하지만 반전 좋았음ㅋ
864,역시 반전쵝오-_-b 3편 기대하겠심*_*
865,재밌엌ㅋㅋㅋㅋㅋ
866,2편 뭔가 어영부영한대~_~;;
867,어수선한 분위기. 1편보다 못하지만 3편도 기대해 봅니다
868,글쎄..
869,잔인함..ㅜㅜ 결말은 여전히 ... 상상 이상
870,Good..☆
871,이런영화너무 좋아 !! 완전 기대 이상 ! 3편도 나오겠지?
872,정말 대단한 영화 대박입니다. 반전이 이렇게 재미있을줄은..
873,산만하다고 할까
874,이것보다 더심한 반전은없어 ㅋㅋ범인은첨부터나온다.
875,1편이 더 재밌는것 같아요.
876,반전진짜 짱이고 다 좋은데 너무 잔인하다 솔직히 ㅜㅜ
877,너무 잔인했던 영화
878,뭐가 재미있다는거지 공포가없어
879,1편보다 더 괜찮던데요...전..^^
880,역시 잔인함만을... 이것도 Game over가 인상적...;
881,넘 잔인해..ㅜㅡ
882,전작에서 감춰진 많은 의미들을 직접적으로 표현한 듯..
883,1
884,직쏘와 관련이 있을거라 생각하니까 답이 바로 나왔다는.허탈감
885,이영화박수받을가치있다. 1점주는새퀴는뭐냐
886,대단한 반전스릴러...스포일링만 안당했어도 ㅠㅠ
887,난 재미없던데 ㅡㅁ
888,이게 무슨 반전..잔인하기만 하지 진짜 재미없다..
889,마지막 15분서야 반전을 눈치채게하는 쏘우2~그래~쪼아쪼아~
890,정말 볼만하네욤.반전이..대단함.개인적으로는1보다 잼났다는...
891,이정도면 충분히 즐길만한데...좀 아쉽네...
892,이번도역시 '억지' 스러운
893,너무 잔인해서 1점 뺏음
894,정말 무섭고 재밌는....
895,재밌긴해 그냥. 쏘우 2가 더 좋긴해 그냥
896,3편이 기대.............
897,쏘우.. 완벽한 스릴러...
898,감독이 정말 머리가 좋은 것 같다고 밖에
899,군더더기 없이 심리 게임과 잔인함을 적절히 버무린 스릴러.
900,대단한반전.그리고 정말 잔인한 영화.
901,욜라 열받는 영화.범인을 아주 잔인하게 죽이고 싶어진다.
902,역시 반전스릴러..
903,마지막 반전이 정말 숨막히는듯
904,발전된 속편.. 룰을 기억하라!
905,다른속편같지않게 재밌게 봤음//
906,스승의 최대 기쁨은 제자가 스승을 능가하는것...
907,쏘우1보다 더 괜찮았당ㅋㅋ 3편도 나옴 꼭볼랭!!
908,캬~반전보단 감독이 말하고자하는걸 보라
909,1편보다 훨씬 괜찮은 속편. 단
910,쏘우앞에서 반전을논하지 말라~~!!
911,반전빼면시체. 아무 기곡도 없는 깔끔 그자체였다.
912,전편에 비해 스토리 빈약;;반전도 그다지...
913,조금은 진부했지만 추측밖의 반전!
914,헐리우드도 반전 강박증에 시달리나보다
915,1
916,그냥뭐...시간 죽이이 좋은...
917,짱!
918,징그럽지만
919,약간 느슨한 면도 있었지만 스릴감을 충분히 느낄 수 있었다.
920,그냥 그런대로..
921,1편보다 나은 속편은 없다는 사실을 잘 보여주네요. 별로
922,역시 반전 굿이다 . 하지만 보편보다 쫌 떨어지는듯한데;;
923,1편보단 아닌듯... 하지만 강츄!!!
924,정말  대박 영화
925,1편보다 더 기가막힌 반전
926,1
927,1편보다 더기막힌반전이었다...
928,볼만하네.
929,속편이라서 기대안했는데 대박이다!
930,오싹해지는 반전
931,도니 월버그 반가워~
932,사람말을 경청하자
933,1편에 현장이 다시보여지다니...독특하다.
934,심리학 전공의 직쏘가 펼치는 잔혹한 심리 게임
935,직쏘 때려주고 싶다.
936,반전대박
937,재밌다 쏘우3도 기다려짐
938,정말 골때리는영화다...
939,이거안보구 반전임을 말할텐가..
940,전편보다 나은 후속편. 단순한 스플래터였던 1편은 가라.
941,1편보다 자질구리한게 많다 덕분에 몰입도가 떨어졌다
942,재밌고 잔인하다. 반전도 뛰어났지만 심리 묘사가 1보다 부족
943,몹시 뻔한데..전편이 2000만배 낫다!
944,역시 1편보단 못하다
945,반전진짜짱[!!!!!!!!!!!!!!!!!!!!!]
946,잔인하지만 반전와우^^
947,전편보다는 별로였지만
948,정말 내가본 영화중에서 최고의 영화는 쏘우 씨리즈로..
949,역시 잔인하지만 괜찮음
950,쏘우3 나오긋네..ㅎㅎ
951,결과를 알고봐도 재밌네
952,전편이 더 낳다 . . 반전을 알고봐서 그런지 에고 . .
953,역시 전편보다 나은 속편은 없군...뭐 그래도 볼만하다
954,전편보다 더한 재미!!
955,쏘우1 본 기대로 보면 후회하오 -_- 별개의 영화같소만.
956,오우~완전대박!!뒤에 반전 굿~!!!!
957,짱!!
958,과정은 재밌삼..ㅎ 반전은 1에비해약함 ㅋ
959,대박이얄
960,1편도재밌었지만2편도진짜재미있다 ㅋㅋ
961,쏘우 역시 기대를 저버리지 않는군.. ㅋㅋ 최고다!
962,정말 재미있게 봤습니다.
963,환상적이네요.
964,반전을 다 알고봤는데도 재밌었는데 ㅋ
965,말좀 들으라니까 그놈의 욱하는 성질땜에ㅋㅋ
966,1편보다는 못하지만 왠만한 영화보다는 낮다
967,네티즌평도 믿을게 못되는군...재미만있구만..
968,1편보다 별로였고 대체 뭘 믿고 직쏘만 놔두고 거길 들어가냐
969,정말 유치하고
970,업그레이드 느낌은 별로 없다. 오히려 1편이 재밌엇던것같다.
971,오직 반전만 생각하고 만든 속편
972,이런류 영화 좀 많이 나왔으면 좋겠다
973,이미 예상했다고??? 영화는 퀴즈 프로그램이 아니다
974,범인이뻔히보였다..첨부터 ....1편보다 약하다 ㅡㅡ;;
975,1편을 능가하는 반전의 스릴러
976,끔찍히 잔인하지만
977,1편과별반다를거없고...반전은 이미예상햇다...ㅡㅡ;
978,1편에비해 충격적인 장면은 별로 없지만 시나리오는 알찬듯..
979,괜히 기대했네...평점 넘 높다.
980,1은 쓰레기 였지만 2는 재밌었다
981,1편에 비해 재미가 떨어지지만 볼만합니다 ^ ^
982,씨리즈로 나가는 영화는 첫작이 젤 좋다~성공했기때문이지.
983,얘들 보지 못하게 해야합니다..너무 잔인하고 역겨운장면때문에
984,갇혔던 상황이 실제상황이 아닌.. 녹화상황이였다는걸.. !!!
985,1편은 9점 드렸을터인데... 조금 아쉽습니다...
986,1편 보다 훨씬 못하다....걍 7점짜리...
987,에이 원이 났다
988,그럼 3편에선 직쏘 대신에...... ^ㅡ^
989,굉장히 허무한 영화
990,마지막 반전
991,재미드재미지만..교훈을주는영화이기드해땅~
992,이젠 네이버 평점두 못믿겠다.
993,깔끔해요. 전편보다 더 재밌네요.
994,마지막반전이 짱이다~
995,ㅋㅋ 생방송이아니라 재방송이였다니
996,전편보다 약간 업그레이드. 반전은 추락세.
997,역시 기대를 저버리지않는다
998,반전작살나!!! 그정도는 아닌가??
999,전편의 반전이 쌩뚱맞다면 쏘우2는 정돈된 느낌
1000,밑에있는쓰레기새끼들 니들이영화를아니
1001,0점 주고 싶다
1002,쓰레기 영화 시간 낭비 상업적인 영화
1003,전편 2편 다 맘에듦
1004,똑같은 스토리
1005,이게무슨 두뇌게임? 그저 보여주는 잔인함에 급급.언짢아
1006,마지막 반전 굿
1007,1편에도 이해안가는 부분이 있지만 2편은... 3편만들지마세요..
1008,별루.... 넘 잔인하기만 하구.. 별루예요
1009,형사아들은 처음부터 찍소뒤 금고에 들어있었다니
1010,스포일러때문에 김이 빠졌지만 반전은 훌륭했다.
1011,1편에 비해 지루한 전개.
1012,스포일러놈들 땜에 범인을 알고 봤지만 그래도 나름 괜찮았다.
1013,최고.
1014,다시 한번 인생을 생각하게 해줬다...
1015,반전?..알아채지는 못했지만..잔인하기만 한 부실한 구성.
1016,1편못지안은반전!이정도면최고의스릴러.더이상어떤영화를기대?
1017,괜찮긴 했지만 1편과 별다름없음
1018,보는내내 긴장감 있게 봤다..수작이다
1019,1편보다 별로다... 3편도 기대안된다;
1020,무섭고 충격적이다. 내내 불쾌하고 중독성강하다.
1021,무섭다 후유증도  있다.. 피나오는 영화..이제못볼거같다..
1022,제발 규칙만 지켜라.
1023,긴박감과 반전이 최고!
1024,1편보다 못하다 잔인하기만 하고
1025,재밌었는데.... 최고의 반전
1026,재밌었지만반전은 파이트클럽 유즈얼서스펙트 데이비드게일이 훨
1027,1편을 보고 2보면 최강
1028,마지막 반전이 맘에들었어용 ^^ㅋㅋ
1029,쏘우1
1030,미궁게임 must랑 스토리가 비슷한거같음 영화보는내내 그생각
1031,쏘우 1을 본후 보면 조금 더 재밌음. 연관된부분이 나와서..
1032,잔인한건 정말 최강 근데 전작은 역시 따라갈수없는듯
1033,역시나 잔인함 .. 1편보다는 별로.
1034,전편보단 못하지만 나름 괜찮았음
1035,1편보다 아쉬움. 눈뜨고 볼 수 없다.
1036,보는 내내 느껴지는 공포를 거부하지 말고 반전을 만끽하길
1037,반전이라할수 있을까? ㅋ
1038,그냥 반전만을 위한 영화가 된거 같아 실망했음..
1039,젠장 스포일러 땜시 잡쳤어...
1040,여전히 충격적이지만 1편보단 약했다
1041,쏘우
1042,반전을 맞췄지만 반전이 충격이었던..
1043,속에 숨겨진 반전을 생각하니 요거 또 만만친않네...
1044,내가 딱 예상한스토리대루 되서 아쉬웠음
1045,반전에 놀란 영화..1편보단 덜 긴장된 영화..
1046,TV 판 드라마
1047,기대 안하고 봤는데 의외로 재밌게 본 영화
1048,나에겐 1편보다 충격적이지 않았지만.. 그래도.. 괜찮음.
1049,잔인해서 소름돋던 영화..
1050,1편에서 받았던 충격때문에..그다지
1051,좀 식상은 하다만.. 나름 탄탄 구성.
1052,인간의 극단적 감정을 경험하다..
1053,전편에 비해 실망만이.....
1054,최고 최고 최고
1055,오디오효과를 필히 유념하고 보면 실감남..
1056,소름끼친다..재미있다..잔인....반전쩔어;;;
1057,재미있었다. 하지만...
1058,1편보고 넘넘 기대했는데...........
1059,이런 영화는 극장에서 꼭 봐야... 5.1채널이라도...
1060,그래도 개인적으로는 전편이 더좋은
1061,아이디어 고갈인가. 왜 이래.
1062,전편에 비해서 너무 실망했다.
1063,예상치못한 반전! 최고의 영화.
1064,트릭을 잘 생각해보면
1065,전편에는 못하지만 역시 쏘우!
1066,딱7점.전편보다는 별로군요.억지구성이 눈에 띕니다.
1067,두번다시 보기싫은영화. 역겨워.
1068,1편안보면졸라재밋고봤으면약간익숙
1069,공포보단 잔인함이 더..
1070,탄탄한 스토리!!
1071,재미는 있더라.. 헌데 넘 잔인해
1072,반전은역시쏘우~ 잔인하지만 아찔하게 잼나여
1073,쏘우1 못지않은 짜릿한쾌감!!마지막엔 반전에반전!!꼭보세요!
1074,구성력 있는 호러물이나 전작에 크게 벗어나지 못한듯 하다
1075,이 장르에선 으뜸이다. 막판 더블 반전이 쥑인다..
1076,두 번 다시 보기 싫은 역겨운 영화! 스릴과 공포? 흥!
1077,이렇게 잔인할 수가!! 속 울렁거려서 혼났음
1078,잔인한 장면도 있었지만-.-생각도 못한 반전에.. 볼만했다ㅎ
1079,잼따..ㅋ
1080,역시 반전이..소름끼치게 함;;
1081,괜찮은 반전과 긴장을 늦출 수 없는 매력 만점 영화
1082,굳!! 스릴만점..
1083,1편에 이은 반전..정말 사람이 무섭다..
1084,개인적으론 1이 더 재밌게 봤는데...쏘우 Good
1085,잔혹한 화면이지만 눈을 뗄 수 없는 스토리라인
1086,오옷...엄청난 긴장감 하나 만으로도...
1087,그저그랫다.
1088,역시 쏘우!
1089,너무 재미있고 완벽한 스토리
1090,누나랑 봤는데 너무 좋았어~ 손도잡구 ^^ ㅋㅋ 추천합니다~
1091,반전으로 치자면야 2편이 더 낳았는데
1092,재밌긴 한데
1093,좀 뭔가 단순하고 어색함이 잇지만 괜찮앗다
1094,1편에 비해 구성이 단순했으나
1095,1편보다는 반전이 약하지만 치밀한 계획이 돋보이는 멋진영화
1096,긴장감 전혀없고 어설퍼서 웃기기만햇다
1097,2편을 본사람은 1편에서 내가 어떻게 속았는지 알수 있을것!
1098,솔직히 1탄포쓰보단 훨 못하자너?
1099,끔찍한 영화는 별로였는데 이 영화는 강추!!
1100,긴장감 늦출수 없는건 좋은데 마이 끔찍한 피...
1101,1편보다 구성이나 몰입도가 떨어지는 건 사실이다..
1102,한숨도 놓을수 없게 만드는 긴장감
1103,누가 무슨 말을 해도 긴장감과 반전은 좋음
1104,1보다 떨어지는내용전개지만 반전까지포함시킨다면야...
1105,1편만한 2편 없다~ 역시 맞는말...
1106,에잇....짜증 잇빠이....끝부분 어쩔꺼삼...
1107,약간 억지스러운 면이 있지만 역시 실망시키진 않았다.
1108,어른말은 끝까지 들어야한다는 교훈< ㅎ
1109,잔인해서 더 스릴있고 재밌는 영화
1110,개인적으로 1편보다흥미있게봄
1111,..삶에 대한 중요성..
1112,억지 트랩의 진부함을 성의있는 반전으로 설득했다
1113,느끼는거 없는 또라이 영화. 범인을 잡아놓고 수갑도 안채움...
1114,전편못지않은 속편여기있다.당신은어떻게살았는지회상해보길
1115,반전은 훌륭한데 극장 대형스크린으로 보기에는 잔인한 면이
1116,1편보다완전못하다~돈주고본거완전후회된다.헉.보지마삼
1117,정말 황당하고 당황스럽다
1118,쏘우1보다 한단계 업그래이드 굳... 반전의 미학
1119,역시나..기대를 저버리지 안네..1편보다 더 심각한 반전
1120,전문가 평점 꺼저
1121,잔인 끔찍.... 휴... 내 취향은 아니다.. 그러나 반전 대박
1122,1편에 가까운 완성도.. but
1123,결과는 예상했지만 과정을 파악할수 없게 만든 감독의 상상력!
1124,지대로 2편을 만든듯 스토리도 잘 이어지고 반전도 독특했고
1125,너무 잔인허네 기분별로~
1126,반전을 보자면 만점을 주고 싶으나 내용이 필요이상으로 잔인함
1127,정말 1편보다 더 혀를 내두를 반전@@!!
1128,배틀로얄에 뒤를이은 존내 충격적인영화..
1129,예측이 쉬워진 범인. 그러나 잔혹함은 여전.
1130,한순간두 눈을뗄수없다!! 소름끼치는 반전최고!!
1131,완벽한 반전!! 3편도 만들었으면 좋겠다..^^
1132,반전은 그저 보너스
1133,연출ㅇㅣ좋다
1134,1편 만큼 재밌었다 정말 반전 짱 반전 예상 못함
1135,강추.반전은조금미흡하나전반적인설정과스토리구성이넘좋았음
1136,1을 안보고 봐서 더 재밌었다~ 반전 미리 예상말것
1137,1편이 너무 강해서 2편이 약간 밀려난 느낌??
1138,재미있게 보긴했는데..뭔가 찝찝한 이느낌은 뭘까..
1139,1편이 더난거같네요
1140,1편만 못하다...
1141,1편이 워낙 강력했던터라..하지만 2편도 만만하진 않죠!
1142,갠적으로1편을더재미있게본터라..뭐그래도2편도재미있게봄ㅎ
1143,생각보다 허무했다.
1144,1편과 같은 공포감과 스릴이 재밌다 ^^
1145,1편과 같은 스릴러와 반전은 영화 내내 긴장감을 준다
1146,반전이 그렇게 의외라고 느껴지지않았음
1147,전편보다 결말을 제외하곤.. 전편을 능가한다는 느낌이..
1148,예상치 못한 반전! 3편 완전기대다! 반전 지대!
1149,1편에비해참신성이떨어짐.
1150,정말 소름돋고 엄청난 반전!!!! 최고!! 3편기대
1151,쫌 그랬댜
1152,공포 스릴러 반전물 1편보다는 좀 못하지만 잼있다.
1153,미칠듯한 긴장감과 반전은 어디가지 않는다.
1154,쏘우는 끝이 작살인데 이건 끝이 영~
1155,아놔 내리기전에 극장에서보길잘했닥!!
1156,큐브이후 최고의 영화
1157,굳굳 정말 재밌다.
1158,전편을 능가하는 스토리~최고의 저예산영화
1159,기대하지 않았으나..상당히 괜챦고 재미있었음
1160,반전과 스릴이라면 진짜 최고
1161,1만한 2없다는데 이건 그렇지도 않은 듯
1162,반전 스릴 다좋다..근데 넘잔인하다.ㅠㅜ
1163,전작만 못하지만 반전좋음 마치 큐브2의 반전과 비슷함.
1164,형만한 아우 없어..... 별로임.
1165,말도 안돼는 영화
1166,난 1보다 이게더 재밌다.
1167,이정도면 성공한 속편이라 할 수 있겠다.
1168,재밌긴 한데 넘 잔인해서 결국 보다가 꺼버렸다
1169,처음부터 끝까지 긴장의 연속 굿~
1170,1탄에 비해서 재미없어서 그렇지 여전히 수작!
1171,숨막히는 긴장감..조아~
1172,역시 예측하지 못한 반전이..^_^
1173,재미있게 봤음...
1174,재미있지만 1탄이 너무 강력했기에...
1175,쏘우3은 직쇼후계자 결정? 전편만큼 좋았지만 산만함
1176,범인이 누구인지를 밝히는 리플만없었어도 ...
1177,1편도 굿이고 2편도 나무랄데 없는 수작 입니다..최고(강추)
1178,반전에  깜짝!!
1179,전편이 더욱더 나음..이번껀 억지가 묻어나는..
1180,<큐브>하고비슷한컨셉.참고볼만하긴하지만반전은한편의코믹물?
1181,전작보다 덜하지만 비교적 좋았음
1182,최고ㅠ
1183,괜찮네요.... 반전이 좀 약한거 같음...
1184,1편도 2편도 모두 재밋엇음 역시 영리한스릴러
1185,도데체 언제 공포감을 느껴야 하는지...
1186,피보니까 좀 끔찍 -_-;; 나름대로 재밌었던...
1187,반전은 약하지만 당신의 삶을 되돌아보게 해줌
1188,허접한 반전ㅡㅡ후반으로 갈수록 무덤덤지루..
1189,죤. 그는 정령 낚시의 제왕이었던가..
1190,반전최강ㅋㅋ이영화는 이해못하면 재미없음.
1191,난 반전영화를 싫어한다..다른 사람이 봤다면 10점일 것이다
1192,1편 보다는 덜하지만 역시나 긴장감최고인 쏘우!!!
1193,이건아니다.보고나면 기분이 더러운영화
1194,1편보단별로지만 그래도 재밌었어요.ㅎ
1195,1편과는 달리 이번엔 복선이 너무 심했음.
1196,포스터는 특이하지만... 영화는...
1197,1보다 조금 부족...그래도 볼만하다
1198,젠장...1편의 폭풍이 컸나보다. 두번째 폭풍은 빈약...
1199,참 괜찮은 영화에요!!!ㅋㅋㅋ절 징그러운 장면 2개ㅠ
1200,최고의 영화다..완죤 강추..90분간내내손에 땀을쥐게한다..
1201,너무나약한직소의 재물들...
1202,오랜만에 재미있는 반전영화였어요!Good~
1203,스릴만점
1204,최근 드문 반전영화...말로 표현하기 힘든 반전영화의 묘미
1205,굿!
1206,1편에 이어 깜짝놀랄만한 반전..좋았습니다..
1207,죽음 앞에선 인간의 생존본능을 리얼하게 묘사한 수작
1208,재미있긴한데.. 1편보다는 못한듯~
1209,전혀 예상치 못했던 반전.그분은결국낚이셨다.
1210,긴장을 놓칠 수 없는 쏘우
1211,He's in a 'safe' place
1212,전편의 포스보다 약간 부족하지만 9점은 받을만 하다~
1213,유주얼서스펙트의 반전 무엇이 심각한 것인지 모르겠다.
1214,오호!!!멋있따ㅋㅋㅋㅋ
1215,스릴넘쳤고 꽤나 무서웠지만.. 전편보단 반전이 조금약함..
1216,반전이 꽤나 깔끔했고 흥미로웠다. 다음 편이 기대되는 영화
1217,8점넘길래봤다 워...소름끼친다 허버재밌다 예상못한반전 짱
1218,헐리우드 공포영화 공식 그대로
1219,신선한 충격! 3편이 기대됨!
1220,스릴 만점.. 3편이 기대되네요
1221,반전영화좋아하지만 이건아니다.보고나서 기분드러워지는영화
1222,1편의 반전보다 약해졌지만 좀더 치밀해진 작품.
1223,1편에 비해 그리 재미있진 않았지만...진짜 스릴이 최고!!
1224,이 정도면 뭐 속편 만든 보람까진 못 느껴도 중간은 가겠지.
1225,관람 후 최고
1226,반전 정도 약하고
1227,징그러운걸잘못봐서 자세힌 못봤으나..스릴만점~!
1228,정말 피튀기는 영화~ 반전은 1편만큼 충격적이진 않다!!
1229,반전에 대한 평가가 보다는 빠져들어야 할 영화...
1230,예상가능했다
1231,오랜만에 등에땀흘렸다 교훈은 착하게살자 ㅋ
1232,그나마 볼만한건 마지막 반전
1233,대단하다..이것이 진정 인간의 머리로 만든 영화인가??
1234,반전 짱..
1235,너무 무섭고 재밌게 봤다. 인간의 생존본능
1236,딴생각을하지못하게만든다^^ 심리공포팬인 나에게최고였다
1237,스포에게 당하고 나서 본 영화.... 정말 인터넷 켜기 두렵다.
1238,바짝긴장하고 볼영화는 아닌듯
1239,우리나라에 빨리 개봉만 됐으면 흥행했을 텐데...
1240,스릴있고..무섭고.고도의 심리전
1241,쇼크는 쇼크지만 억지쇼크다~반전에서 점수를 주리라
1242,1하고는 다르게 반전까지의 짜임새와 완성도가있네요^^
1243,쏘우2 보기전에 쏘우1부터 보면 더 재미있다.
1244,난 반전이 엄청나다고 해서 ...아..이게 반전인가과연?
1245,ㅋㅋ스릴러라~
1246,굉장한 몰입도.. 역시 허를찌르는 반전...전편보다 발전
1247,시간은 때워지네. 보구나서 생각하면 어거지 끼워마춤 에 짜증
1248,온몸이 짜릿한 영화!!!!!!!!!!!!!!!!!!!!!!
1249,3편 언제나오지 ...
1250,1편만큼은 반전이 미약하지만 역시 반전과 스릴러 묘미가 있다
1251,전편정도의 포스였다고 봅니다. ^^ 재밌었습니다
1252,스포일러를 알고봐서 그런지 재미없었다
1253,전편보다 약간 못하지만 또다른 반전.. 후회하지 않을꺼임..
1254,본것중에젤재미없엇던영화보면돈아까운영화.1원줘도 안보는영화
1255,너무 끔찍하다
1256,기대치 이하 -2점.도처의 허술한 구성- 2점.
1257,몰입력은 있었으나
1258,전편보다나은 후편!!!!!!
1259,죽음에대해서 다시한번생각해볼만한영화였음.....난
1260,괜찮다
1261,기분 잡치는 영화네 1편보다 더...18
1262,1편에 이어 2편도 정말 볼만하네요~스릴러 좋아하시는분은 강추
1263,완전 짜증난다.. 이러니 사람들이 범죄를 저지르지.. 개 양키들
1264,전편을못봤지만 스릴있게 잘본것같다
1265,전편에서 속편으로 넘어오는 징검다리를 잘놨다..
1266,반전영화인데.반전이별로.아 그래?이러고 말았음
1267,전편보다 별로다~~
1268,스릴은 있지만 반전은 영..
1269,잔혹함 짱...그래도 신선함은 떨어짐...
1270,error713알바생인가보군 1처음에 지루했는데 2는 재밌다!
1271,실망...내용전개도 글쿠 등장인물만 늘려 피만 오지게 튀김..;;
1272,스릴있는 내용 충격적인 반전 ......잼있다ㅋㅋ^^
1273,1편보단 다소미약하나
1274,왠지 억지스러운 느낌??
1275,이거보고 급체했다는 >.< 잔인하고 징그럽고;;;
1276,재밌다
1277,잼있다.. 1편보다는 좀더 흥미 위주에 잔인함도 더 나온다
1278,실망이다. 1편에 대한 기대가 너무 컸다.
1279,대박이다!!!!!!!!!!!    정말로 반전이 대박!!!!!
1280,쏘우1
1281,굿ㅋ 그러게 룰을 지켜야지
1282,1편이랑 살짝이어지는것이!!!반전도 짱이구!!3도나온데요!호호
1283,1편은정말재미있었는뎅2편은정말재미없당..저게모야?잔인하기뿐
1284,무섭당 ㅜㅁㅜ 반전 역시 죽인당!!!
1285,잔인한거빼면 반적죽임.결말조금허무 ㅠ_ㅠ
1286,죽인다~강추합니다.1편을안보셨다면 1편보고보세요~감동2배!!
1287,괜찮았다.
1288,완전 멋있었음..ㅋㅋㅋ 반전 죽임 ㅋㅋㅋㅋ
1289,징그럽게 짜증나는반전.. 쏘우 3 나온다.. -.-;
1290,먼저본사람중. 결론말하지맙시다좀.재미없으니까.나쁜넘..
1291,식스센스보다 강한 반전
1292,반전이 나오는 순간 친구들과 그저 탄성연발
1293,반전보다 과정이 정말 재미있는..인간의 본능을 잘아는..
1294,이정도면저렴한제작비로잘만들었죠
1295,그냥 그냥 재밌었는데..-_-;
1296,기대만큼의 만족.. 아직 끊어지지 않은 고리.. 3편이 기대됨
1297,반전이 지대야 ㅡ ㅅ ㅡ 乃
1298,이놈의 억지 반전...  장난하냐? 장난해?
1299,으아 진짜 무섭다!!!! 정말 스릴 있고 재밌당
1300,1보다는약했지만반전대박!ㅋ외국영화라공포보다는잔인함이다..ㅋ
1301,역시전편만한건 없는듯.. 반전은 좋음 ^^
1302,최악.........반전이라고 뭐든 섞어놓는게 전부가 아니다
1303,반전만 있고 남는건 없더이다~ 하지만 재밌었음
1304,크게 와 닿지 않은 반전..ㅡㅡ; 쫌 허무
1305,반전!!! 근데 너무 잔인;;
1306,뭔가 부족해- 전편보다는
1307,관람 후 평점은 읽지 말기..반전을 다 말해 버리네~넘 잔인함
1308,반전이 있었다ㅋㅋ
1309,역시 쏘우다.. 1편에 이어 2편도 굿!!
1310,상당히 잔인하다...하지만 구성과 반전이 볼만했다.
1311,주위에 빙빙 도는 긴장감. 그런데 왜 죽이려는거지??
1312,쏘우1보다는 못하지만 그래도 진짜 대박반전
1313,최고최고
1314,스토리는 대략 이해하겠는데 쏘우1보다는 별로./
1315,역시 최고
1316,최고다
1317,오직 반전을 위해서만 있냐? 너무했다.
1318,그래도 재밌다.
1319,아 개재밌어 젠장 1편만큼재밌어~3도 나왔으면..
1320,최고다 최고
1321,쏘우 1보다는 흥미감이나 반전감이 뒤 떨어진다.
1322,완전...그..말할스도 없고...답답하네...암튼 그..반전..최고
1323,쏘우 반전만재미있지 딴거는재미하나도 없음
1324,1편보단 안무섭지만.유치한한국영화보단쏘우2스릴짱
1325,충격적인 반전에 찬사를 보낸다. 정말 대단하다 ^^
1326,반전은 반전이다.
1327,1편이더좋다
1328,역시 반전 영화는 쏘우밖에 없다니까 .ㅋ ㅋ
1329,잔인함이라면 . . 진짜 죽음 으하하하하
1330,1편에서 깊은 인상 받지 않았다면 이건 정말 볼만한게 아니다.
1331,솔직히 쓰레기영화/싸이코영화
1332,1편보다는 반전이 약하지만 그래도 정말 주긴다..
1333,최고의 영화!!!
1334,1편보다 덜 징그럽다 반전최高 ㅎ ㅎ
1335,1편보다 더 작살난다 반전이 대단하다ㅎ
1336,마지막 반전하나빼면 볼거 없는영화
1337,반전'하면 쏘우 ~~
1338,중반에 잠시 좀 그랬는데 후반부에 대박 굿이다
1339,역시예상못한반전이었지만 2편으로끝냈음좋겠다_계속가자는거?
1340,반전 좋았는데  전편보단 재미가 덜한듯..
1341,반전이 약간.. 이라고 하시는 분들 진짜 반전을 모르시는군요.
1342,눈치까서 ㅈㅅ
1343,반전이 약간 아쉽지만 그래도 역시 쏘우~
1344,쏘~굿!
1345,큐브랑 다를게 뭐가있나 반전봐서 쏘우3도 나올거같은데...
1346,예상된 전개라서 9점 ^^
1347,긴장은 했지만 전혀 충격적인 반전은 아님
1348,대박.
1349,전편보다 훨씬 못해요
1350,스포일러에 당함ㅠ.ㅠ 그래도 스릴 만점!
1351,역시...기대를 져버리지 않았다..반전짱....
1352,스릴만점 good!
1353,엄청난 반전...골때린다..
1354,나는 이래서 속편을 보지 말아야 해.
1355,우리나라도 이런 영화 좀 만들었으면 좋겠삼.^^
1356,엉성한 구성에 어설픈 반전에만 신경쓴 돈아까운 호러무비....
1357,역시 쏘우잼밋다..-ㅁ- 3편 나왔으면 좋겟구만..
1358,ㅋㅋㅋ빨리쓰리나왔으면좋겟어요ㅋㅋㅋ
1359,역시 기대를 저버리지 않네요
1360,다시보면 더 재밌는 영화^^
1361,정말 재밋엇심
1362,이런 영화가 잘만든 작품이란 거다 한국영화는 반성좀 하자~
1363,충격적인 반전!!!
1364,정말 젬이ㅆ네여...굿
1365,쏘우 1 에서 뒤숭숭 했던 부분을 채워주고 재밌었던~
1366,범인은 예상했을지 몰라도 반전이 참으로 세밀한..소름돋는..
1367,약한 구성과 쏘우만의 스릴감이 사라진것 같아서 아쉽다.
1368,작년 가을 개봉날 보았지만..... 전편보다는 약한 영화 from UT
1369,재밋내요
1370,정말 재밌게 봤습니다..^^ 나름대로 충격적인 결말과 잔인함...
1371,전편보다충격적인결말
1372,범인을 알고 봤지만 반전에 놀란 영화였습니다.
1373,잼있는데 1점준넘들 아주 보기는했냐??
1374,1편은 범인에 대한 반전... 2편에선 범인과 상황의 반전... 강추
1375,1편의 반전은 예상못했었는데 2편은 인물은 가능했습니다.
1376,잔인 하긴 했지만 재미있었다.....- -
1377,이미예상가능한 반전이었다. -_-; 범인은 쉬~
1378,반전도 재밋었고 잔인한영상 아 무서웠어요. 재밋게봤어요
1379,큐브가 생각나니 평점이 더 내려가네..
1380,스포일러에 당했다. 그런데 거짓 스포일러였다. 내내 헷갈렸다;
1381,탄탄한 추리력에 반전 참 잼있네요
1382,충분히 예상 가능한 반전...그리고 기분 나쁜 상황전개.역겹다
1383,확실히 전편보다 짜임새 있고 났다. 그래도.
1384,시나리오 하나만으로도 성공할 수 있구나 하는 영화!
1385,2편이 더 잼있었는데 전.
1386,1편보단 반전이 별로지만...그래도 재밌었네요
1387,솔직히 억지반전 억지살인..영화자체가 좀 억지
1388,별루다 ~ ! 생각하고 보면 헛점이 너무 많이 보인다
1389,상큼한 충격. 예상치도 못했다.
1390,처음부터 끝까지 긴장 늦추지 않고 봤습니다...와~~..
1391,누구 말대로 1편보고 보세요. 정말 잘 만들었네. -_-b
1392,1편을보고보세요~ 내용의 연결이 중요
1393,은근 공포스런 분위기 좋아요
1394,그저 잔인한 영화. 반전은 그다지..결말이 좀 유치했던
1395,반전이 진짜 기막혔음 너무잼따 --
1396,솔칙히 살인이유가 너무 말도 안되 ;; 완전 ..판타지 인데 ;;;
1397,나는 1편보다 더 재밋는거 같은데
1398,와우~~별로 잔인한 것 같지는 않은데...스릴있고 환상적이네요..
1399,1편을 안봐서 정말 재미있었음.
1400,1편을 너무 재밌게 봐서 그런지 2편은 1편에 비해 약하네여...
1401,범인의 정체를 알고 봤음에도 놀라웠던 반전.
1402,이 징그러운게 뭐가 재밌다는 건지..이것 보고 밥먹은거 채했다
1403,진짜 왕 대박!! 개인적으로 최고 스릴러 였음!!
1404,역시 대박인 영화//
1405,반전은 대단하였으나
1406,역시 반전........3편을 기대하겠다..
1407,살인이유가 너무 계몽적인듯. 쏘우시리즈 다 이럴참인가.
1408,대단한반전
1409,1편 보고 이걸보면 뒤에 이해가구요 쏘우3나올듯 기대합니다
1410,어색한연기.형편없는구성.긴장감없음.엔딩삽입곡만들을만함
1411,전편보다 났습니다. 반전이 아주 어려운 것도 아니고 흥미진진
1412,괜찮음 반전맞출려고집중은못했내ㅋㅋ
1413,잔인하지만 눈을 땔수없었음..
1414,조아
1415,스포일러 역시 무개념 인생들의 원조인 쓰레기들
1416,반전이 압권!
1417,쏘우1 보다  훨씬 재미가 있는듯 ㅋ
1418,형보다 나은 아우 ^^ 역시 쏘우다
1419,반전영화섞어놓고발뺌하는기분나쁜영화 캐릭터도 약함
1420,반전 왠지 티 났음. 전 처음부터 아xx가 의심스러웠삼.
1421,마지막장면...반전을 본후얼어붙어버렸다...대단한 영화
1422,개념없는놈들아...반전말하니깐좋겟다
1423,잔인한 거 잘 참을 수 있는 사람이라면 재밌습니다.
1424,앞에내용을 다시 한번 보고싶게 만드는 반전.... 쥑여줍니다....
1425,딱 내스타일이야~~
1426,Game Over
1427,쏘우2의 진정한반전은
1428,아 OO.. 범인 말한 색기들 다 OOO
1429,역시 반전은 나의기대를 저버리지 않았다
1430,잔인하긴 하지만 구성도 탄탄하고 반전이 기막힌 영화!
1431,뭐 어쩌라는겨...
1432,쏘우3도 곧 나오겠지?? 기대하고 있겟음..ㅋㅋ
1433,최고의 반전영화 !!!!! 1편보다 더 재밌어진 ~ 최고였다 ㅠ!!
1434,정말 시간가는줄 모르는영화..재밌음!
1435,가깝지만 멀었던 반전 충격이었다 
1436,1편보다는 확실히 더 재밌는 스토리~
1437,반전 전혀예상못햇다..1편보다 훨씬좋다..꼭보도록
1438,1보다 더 재미있고 잘 만들었다
1439,1보다는 못하지만... 충격으로 다가왔다....1먼저보자...
1440,1편보다 더 스릴 있었당~마지막 반전은... 상상치 못했었다^^
1441,첫번째만큼 최고!
1442,나비효과이후 나를 즐겁게한 영화
1443,볼만한 영화
1444,와 -  - 1편과 다른 예상 외의 반전.꽤 괜찮은 영화엿네요
1445,그저 반전만 즐기고 마는 영화인데 그 반전마져 어설프니..
1446,공포 영화 별로 좋아하진 않았는데 개인적으로 1편보다 낫다
1447,예상한반전이었지만. 잼있었다. 무엇보다 몰입도가 짱
1448,미처 생각못한 반전....
1449,스티븐스필거브야!!영화는  이런거야
1450,솔직히 범인은 그X인지 예상했어.....그리구 스포좀 하지말자..
1451,소름끼친다.  반전이 기가막힌다. 상상도못했음.-ㅁ-
1452,영화 소개 프로를 봐도 나오지 않는 반전들이 대박..!!
1453,시작부터 끝까지 두근거리면서 보았다.
1454,쏘우에 빠져드는 그느낌
1455,마지막 반전...흐~ 스릴러 치고는..잘만든거 같아욤
1456,굿..
1457,1편보다는 낫다..
1458,반전이 정말 ... ㄷㄷㄷ 꼭 보세요 ~
1459,재밌다고 말해야할지..무섭고 섬뜻한영화
1460,무서운영화 혼자잘봤네 휴.. 암튼 재미는있네요
1461,굿
1462,상상을 초월함
1463,필요이상잔혹.그렇게안해도전할수있는내용이었다.
1464,이건 다운받아보는게 좋아..정말 졸작임..1편이 그나마 낫다..
1465,완전 마인드헌터
1466,제발 스포일러 좀 뿌리지 맙시다. 짜증남.
1467,쏘우의 매력은 찝찝함.. 역시나 속편도 찝찝하구나...
1468,영화 스스로가 전편으로 되돌아가 버렸다. 킬링타임용으론 성공!
1469,반전이 너무 재미잇던데 ㅋㅋㅋ
1470,큰영화관에 나 혼자 보는 느낌
1471,쏘우1에 비해 긴장감
1472,갑작스런 반전이 아닌 아주 잘 짜여진 반전!!
1473,본편이 너무 재미있었던걸까 대실망
1474,전편만한 긴장감이없네
1475,큐브1탄을 재밌게 본 후 2편을 본 느낌 ㅡㅡ
1476,반전잇을거라들어서그런지별로.기대이하
1477,스포일러땜에 아우 옌장..그래도 재밋엇음
1478,게임에는 오로지 룰만 존재할뿐.
1479,쏘우1에서 실망해서 재미없을줄 알았는데.. 장난없음! 짱짱!!
1480,진짜 엄청난 반전 !! 안보면 후회 (잔인하지만 내용은 죽임)
1481,볼만한 오락영화 스포일러성댓글땜에 상처받음 복수하고싶다...
1482,징그러워 죽는줄 알았다 ㅠㅠ!
1483,1편을 안보고 봐서 아쉽 (볼만하던데~~)
1484,다 설명하진 않았지만 상당히 깔끔한 연출이다..!!
1485,유치함!!반전은 드라마수준.빈틈투성이상황
1486,요즘영화중에 가장 볼만한ㅎ
1487,잼난다
1488,번호가 사람을 미치게 만드는군요...
1489,쫌 잔인하긴하지만 재밌다.
1490,사람을 미치게 만드는 영화  쏘우3 정말 기대됨^^;;
1491,억지로 짜맞춘 반전.. 그래도 재미는 있다.
1492,1편의반전?직쏘를 너무 만만하게 보신다
1493,정말인상깊은영화!연기도 굿~!
1494,강추.
1495,정말 좋았음.1편보다 좀 더 잔인함. 심약하신 분은 보기 힘듬 ^^
1496,생각보단 약했다
1497,약간 잔인했지만
1498,Very Good~
1499,전문가 평점..정말 욕나오네요 & 개념없는 1554번..개학언제하나
1500,재미없다는 사람을 이해 못하겠음...
1501,1편보다 훨씬 박진감있고 반전도 1편보다 충격적이었다고 생각함
1502,속편이 낫더라..
1503,진짜진짜 재밌었음ㅎ 반전죽임!
1504,다보면 포스터의 의미가.....ㅡㅡ;;(나만 그런가)
1505,이영화 최고다 후회안함 꼭 봐요
1506,반전최고!! 명대사 읽지 마세요.. 결말쓴사람 있음;
1507,시간가는 줄 몰랐다.
1508,너무 ....... 해서 앞으로는 사양하고 싶어진다;
1509,죽여준다..극적 스릴감. 최고의 반전!!
1510,정말최고다..
1511,잔인하지만... 정말 최고의 스릴러 영화라고 생각된다.
1512,나이쓰샷
1513,좀 잔인한것 빼고는 굿~ 근데 목뒤에 있는 번호는 뭐야? ㅡ
1514,강추
1515,학교서밧는디진짜최고의반전ㅋㅋ 18세까지야..ㅋ
1516,오홋... 이런 영화 많이 나왔음^^
1517,"초반기억남는대사""헬로마이클"""
1518,생각없이볼만한지루하지않은영화
1519,ㅈㅐ밌당ㅋ 아니 무섭당ㅋㅋ
1520,전 쏘우 2 보고 1 봤는데 1이 반전 더 별로 ;;
1521,당분간 없을 쇼킹 엽기 반전 스릴러!!
1522,괜찮은 반전 괜찮은 트릭 그러나 살짝 약하다는 느낌
1523,별로.........
1524,가만안둔다
1525,전에 본영화가 별루여서 그런가 잼나게 봤는데..
1526,보고나니 시간이
1527,쏘우3을 위한 예고편인가? 도니 월버그만 불쌍했다.
1528,쏘우3를 위한 반전
1529,역시나 이유없는 살인게임 스릴없는 내용에 반전만 기다릴뿐
1530,쏘우1 보다는 반전 별로 쏘우1못보신분들 절대반전알지마세요
1531,역시 전편을 능가하는 후속은 없단 말이더냐..
1532,역시 반전이 강한 영화
1533,경탄할만하다. 1보다 뛰어나고 주제도 더 살아난듯
1534,쏘우첨봤는데한마디로암걸린정의의사도가
1535,ㅋㅋ 반전이 기가막힌다. 추천은 하고싶네 그래도
1536,잔인하긴 했지만
1537,숨막히는 스릴...근데 시간이 넘 짧았음..필름 마니 짤랐나?
1538,괜찮았음.그래도 기대보다는;;;
1539,1편보다 재미있고 인간의 심리 잘 묘사했다.
1540,재미있다 근데 잔인하다
1541,역시
1542,1편보다 더재밌었지만. 범인누군지 너무 티가 난다.ㅎ
1543,1편보단 좋았지만..조금 부족..
1544,어떤넘이 반전을 알려주는 바람에...알고봤다..ㅠ_ㅠ
1545,그래도정~말재밌게봤다...정말중요한스포일러는보지못한행운?!
1546,1편보다 더 스릴있는것같다.
1547,쪼금 약했다고 본다 ㅋㅋ
1548,1편 안보고 봐도 정말 훌륭한 영화다
1549,인생도 영화처럼 룰만 지키면 성공합니다.
1550,정말 대작이다.
1551,중간은 가는 영화지만.. 반전에만 매달린다면...
1552,아놔-0- 첨으루로그인하게만든영화 --
1553,쏘우1보다 낫던데...요즘에 볼만한 영화
1554,대단! 그렇지만 쏘우1이 더 좋다.
1555,그다지 무섭거나 잔혹하지도
1556,ㅡㅡ 역시 쏘우 1 처럼 반전이 심하군 ㅡㅡ
1557,정말 굉장한 영화다 속편이 재밌었던 경우는 이번이 처음이다
1558,마지막 반전 정말 영아니다.
1559,마지막반전!!정말 생각지도 못했다!!!
1560,쏘우3편이 기대된다.. 1편이나 2편이나 다 재미있게봤다..
1561,왠지 남는게 없는 영화
1562,반전이 좀....
1563,그냥.. 보세요.
1564,영화는좀지루했지만..반전은볼만함..근데뭔가허무한..ㅋ
1565,짜증이날려고하는데 반전이 나와서 영화가 끝나네요. 볼만합니다
1566,간만에 영화다운 영화라고 생각함
1567,1편은 신선한 충격but 2편은 범인을 눈치챌만큼 반전이 좀..
1568,보다보면 재밌어서 반전까지 기대안했는대 반전에 깜짝놀랐음
1569,보면 시간 낭비 1편에 택도 없는 작품
1570,반전보다는 긴장과 장면들이 압권 특히 주사위~~ 크~~~
1571,"반전 굳~ 1편은 누군지 알고봐서 재미없었음; ㅋ"""
1572,처음에 의심을 했으나 직쏘에 가려서 찾기힘든..
1573,90분간의긴장! 그러나 반전이좀 약해 -_-
1574,오호..재밌는데.ㅋ
1575,진짜 재밌게봤음ㅋ 반전이 정말 섬뜻'-' 1편도 보고싶으넹..
1576,본만큼 따지죠
1577,전작의 아쉬움이 남는듯..
1578,1편보다더잔인하고
1579,1편만큼 잼있다..
1580,엄청난 스릴과 반전에 뻑갓다;; 쏘우1도 봐야지 ㅋㅋ
1581,1편보다 더 재밌다!!
1582,완전최고!!!진짜최고!!후회안함!!!!
1583,1편보다 잘난 2편은 없지 않다!
1584,후반부터 스토리가 막나가는 듯한 영화. 그래도 이름값은 한다!
1585,지루하지 않아서 좋았다! 반전은 더 좋았다!
1586,나는1편이더재미있삼..2편의반전은많이억지..그래도재미는있다
1587,꼭 봐야될 영화임 반전에 대박
1588,역시..최고의반전
1589,전편보다 훨씬 충격적인 반전
1590,역시  전편보다 더 충격적인 반전..보셔도 후회 안하실듯ㅋ
1591,진짜재밌음... ㅎㅎ
1592,스포일러죽여 버리겠음.-_- 알고 봐서. 결과 모르시면 잼있을듯.
1593,반전같지도 않은 반전. 전혀 충격적이지 않다. 역시 속편.
1594,썩 나쁘진 않았지만 쏘우3 나오면 보지도 않고 별 한개 주마.
1595,반전과 사회
1596,무의미하고 가학적이기만 한 영화.
1597,복수하기엔 부족한 이유.징그럽지만 재밌다반전좋아!!!!
1598,음..잘만들었네..근데
1599,1편보단별로여따ㅜ. ㅜ 1편이더재미찌만2두잼땅ㅋㅋ
1600,굉장히 스릴있는 저질영화
1601,이유있는 잔인함
1602,굿~!!! 하지만.. 쏘우 1보다는....;;
1603,굿~
1604,노약자
1605,쏘우2를 먼저 보았다면 생각은 달라졌을 것...
1606,전편의 범인이 큐브(영화) 영화를 보고 따라한 듯..
1607,너무나 잔인하게 묘사되었으나...삶의 목적 의미는 그럭저럭
1608,시간이 짧아 내용이 그랬던 거라 굳게 믿는다;ㅁ;!!
1609,끝날때까징 관객압도한다.
1610,큐브랑 느낌이 비슷해서 약간 실망...
1611,1편에 이어 2편도  ㅇ ㅏ주 잘 만든영화
1612,이거 조낸화끈하고 반전이 결정적인영화 굿
1613,근래에 보기드믄 잔인한영화 일케 잔인한줄알았음 안보았소
1614,쏘우3는 나오나요 ??
1615,덜덜덜
1616,실망을 안시켜서 천만다행이라는.-_-
1617,직쏘의말을 잘 귀기울여라 그럼 해답이 보이리
1618,닥치고 10점.
1619,정말 최고닷~~이런영화 쉽게 볼 수 없을듯...
1620,살인의명분.거슬린다. 하지만혼란과잔인함을원한다면괜찮을듯.
1621,대략 반전3개
1622,난왜 별로일까...ㅡㅡ;
1623,정말인지 입을 다물수가 없다.
1624,스릴넘치는 스토리
1625,최고! 더이상 머라 할말이 없슴! 정말최고다~
1626,스릴감 넘쳐요
1627,최고!
1628,정신 나가버리는 영화 만든사람 대단하다 진짜
1629,보는동안너무머리가아팠다..하지만그반전에머리가텅비어버렸다
1630,보기드믄영화이긴하나 넘 잔인했소 ㅜㅜ
1631,진짜 예상할수 없었던 결말!
1632,엄청난 스릴감 ㅋㅋㅋ
1633,역쉬..쏘우~ㅋㅋ 잠시도 긴장을 늦출수 없는..
1634,간만의 ~두시간동안의 긴장감! 전 1편보다 더 잼있던에요~
1635,완전 대박이다!!
1636,범인은 누군지 알수도있다...그뒤에숨겨진반전
1637,극도의긴장감 재밌습니다
1638,1편보다 나은 2편은 역시 찾아보기 힘드네요..*^^*
1639,재밌다!
1640,1편을 보지못했지만 볼만한 영화였다..긴장감good
1641,직쏘는 죽을때까지도 쏘우를 위해 헌신했다.
1642,1편보다 좀 아쉽긴 해도 재미있던데 -ㅅ -??반전도 죽이고 -_-!
1643,반전이 볼만했던 영화 ㅋ
1644,마지막 20분의 반전을 위해 70분을 견딜수있다면 보시라
1645,1편보다는 별로였지만 반전 괜찮았음
1646,잼있습니다^^ 올만에  갠찬은 스릴러입니다
1647,단순함에 감춰진.....가장기본으로 돌아가랏!!
1648,정말 잼납니다 !! 볼거리 있꼬 !! 절대 천재성 영화
1649,반전을 모르고 봐도 재미없는 영화
1650,영화가 우리를 속인다 긴장하고보세요 - 규칙을 지키세요..-
1651,식스센스
1652,이게 반전이이라고!! 이정도 자극적 영화는널리고 널렸다
1653,모든장면 몰입되지만 지나치게 잔인함
1654,범인알고봤음에도 흥미진진!! 알고보는재미도있삼ㅋㅋ
1655,규칙을 지키라고..
1656,개념없는 x들이 범인 말하는 바람에..하지만1편 못지않는재미!
1657,2편보다는 1편이 더 재미있었지만 2편도 꽤 좋았어요
1658,반전영화 밑에놈처럼 적는놈 쓰레기새끼. 정말 재밌어요
1659,끝을 보지않고 섣불리 판단하지 마라!
1660,1편을좀봐서잘모르지만 잼게봤어요.중딩은보지마세요 잔인해요
1661,진짜 볼만한 영화입니다.. 모든 장면이 강렬하게 남습니다.
1662,전편이 워낙 잘 만들어서 그런가 속편은 전편에 비해 OOO
1663,반전의 재미보단 후속작을 만들기 위한 반전이라 재미가 반감됨
1664,와우~쏴~~~
1665,항상날 놀라게하는영화ㅋㅋㅋ3편이나빨리..
1666,이거 작년에 기말고사 끝나고 친구가 씨디로 구워와서 봤었다;
1667,1편보다 괜찮은 반전~
1668,난 이런 반전 너무 좋아~~~
1669,기대했던 만큼 재밌게봤다~
1670,1보다는 확실히 더 재밌더군요.
1671,반전영화라 기대많이했는데 큐브랑 비슷별로
1672,재미정말없음.어이없는반전.
1673,근래들어 간만에 만나보는 기막힌 반전!!!
1674,재밌었으나 전편과 비교해 많이 다른 점이 없음
1675,쏘우1 안보고 봤는데도 재미있게봤어요^^ 꼭 보세요 ^^
1676,속편은언제나본편보다못하다. 속편에 법칙을 다시 확인!!
1677,잼나게 보았음!!
1678,관람전에 반전2개중 1개를 알고 봐서 잼없엇다는;ㅠ
1679,1편만큼이나 2편도 재밌습니다. 꼭 보세요.~~
1680,재밋기만 하고만
1681,충분히 재미있지만 1이 훨씬 재미있다는 게 단점.
1682,최고........
1683,반전은 1편이더 스포일러에 당해서 알고봤지만 역시..!
1684,잔인하고 짜릿햇던영화 그치만쏘우1의 반전이 더 스릴잇엇다
1685,1편보다 반전은 약하나
1686,스포일러 짓 하지마!! 전편보다 반전이 약했다
1687,약간 아쉬운 면이 있긴했지만 재미있었다~!
1688,전편보단 아쉽지만 그래도 볼만해
1689,처음부터 끝까지 긴장을 풀 수 없는 영화!!
1690,스포일러한테 당했지만 기대를 저버리지 않았다
1691,짜릿한 영화..그러면서 긴장과서운이 계속 드는 쾌작!!
1692,잔인한 영화보고 삶의 자세에 대해 반성하긴 처음이였다.
1693,쏘우1과 비교해도 손색없는 쏘우2
1694,이거 누가 반전뿌리고다녀서ㅜㅜ 그래도재밋음
1695,반전드라마..
1696,심각하게 잔인하지만 실망시키지 않는 반전이엇다 .
1697,공포스릴러라는장르를능가하는영화.쏘우1과는비교할수도없다.
1698,억지스러운 반전..난 스포일러 당해서 큰 재미는 없었다
1699,아 정말 죽음이야~~ 1편에 이어 2편도 작살 재밌음! 감동~~
1700,여전히 긴장되는 쏘우2 확실히 보는 재미가 있다
1701,전편만못하다.. 아~ skqldi87님 말에 적극 동의 3편만들게??
1702,극도의 잔인함
1703,정말 인간들 매너없다....범인누군지 아는게 무슨 자랑거리냐??
1704,오랜만에만난맘에드는스릴러
1705,쏘우3만들려고 발악하는것같다 반전 억지스러움--
1706,반전이 최고 ㅋ
1707,역시...강추작...
1708,보면서 나가고 싶었던 영화 ..하지만 지루하진 않았다
1709,반전 멋지다
1710,극도로 잔인한것만빼면 스토리는최고
1711,충격의 결말 반전반전!!!쏘우1의 비교도 할수 없는 결말!!!!!!
1712,쏘우1 본사람이보면 충격은 2배
1713,1편을 너무 재미있게 봐서인지 2편이 약간떨어진다.
1714,스릴이나 복선의 묘미가 전혀없는 억지 반전!
1715,정말 재밌습니다 ㅋㅋ후회하지 않을듯. 1편도 재밋엇는데!
1716,굳!! 역시~ㅋ 반전 대단합니다!!
1717,반전은 있다. 하지만 1편의 반전에 비해 임팩트는 약하다
1718,범인말하는 OO ㅏㄹ것들 다 OO. 평점보지마삼. 범인있음.
1719,역시 놀랍다. 어설픈 코믹 한국영화 이젠 제발
1720,쏘우3로 마지막반전을 햇으면 ㅋㅋ.
1721,역시 반전이 짱이다!!ㅎ
1722,극장가서봐라 돈주고 보면 재밌다 ㅎ
1723,반전이 끝나는 영화
1724,1편의 예상쉬운 반전.2편의 반전은 충격적이었다.최고-
1725,이런종류의 깜짝반전 우려먹기는 싫증난다
1726,1편보다 기대치가 떨어진 스릴러
1727,짱
1728,최고의반전
1729,심하게 비위 상함..
1730,엄청 재밌구먼.. 재미없다는 놈은 무슨 생각을?
1731,재밌음!
1732,스릴넘치고..잔인함.근데1편이더낳은듯.ㅋ
1733,반전 예상가능 그저그렇다 솔직히 볼만은하다
1734,이런거 처음봤는데..좀 비위 상하지만 재밌네요^^
1735,좋아요..꼭 보삼..비위 약하신 분들은 피하공..
1736,1편을 보신분이라면 강츄!! 안보셧더라도 강츄!!
1737,비추임.보지 마세요~ 너무 잔인합디다..1편의부담때문인듯..
1738,소스라치도록 잔인하고 소스라치도록 뒤엎는 반전
1739,영점주는애들은!ㅡㅡ헐 진짜재밌다
1740,솔직히 별로였다... 1편보단 못했어
1741,두뇌를 사로잡는다더니..누구 두뇌가 돌인줄 아나...
1742,비쥬얼적인 잔인한것을 매우 강조
1743,반전은 1편이 더 충격적이었다
1744,영화는 잘만들었는데 너무 잔혹해서 9점준다
1745,정말 재밌다 반전이 대단하다
1746,삶의 의미라...
1747,정말 대박이다..
1748,반전 최고 .. 무서워요 ;
1749,무서워서 잠이 안온다 반전이 압권인 영화
1750,솔직히 1편보단 별로.그러나 어느 영화도 따라올 수 없는 반전.
1751,생명이 소중하다는것을 느끼게해준다!! 추천!!
1752,너무 억지스러운 반전 1편보단 못하네
1753,노약자나 임산부는 보지마세요. 나와서 오바이트 했습니다.
1754,알바생존.니 실타 진짜. 1편보다 반전은 덜했지만
1755,1편과 흡사한 전개...그러나 역시 허를 찌르는 결말~~
1756,재미있긴 했지만 사람목숨이 너무 하찮게 그려진게 좀 그런뎅
1757,강추!!
1758,탄탄한 스토리에 여운을 남기는 결말!
1759,완전 짜릿하다 2편이 훨씬 더 멋져 정말..짜릿해요
1760,글쎄 ...
1761,스토리 쥑인다~~
1762,알바라고 말하는사람은 뭔가?영화를 알긴 아는건가?
1763,반전에다가 반전이네요 ㅋ 재밌었삼ㅋ
1764,정말최근에 본스릴러 영화중단연 돋보이고!정말시나리오와구성짱
1765,무언갈느끼게해주는 그야말로최고인영화!반전짱
1766,오늘 봤는데 짱 스릴있고 반전 대박 !!! ㅋㅋㅋㅋ
1767,난 이런영화는 안 맞나보다
1768,반전예술..많이 잔인하지만 긴장하면서 흥미진진하게 본 영화
1769,자꾸 보는데 그 고통이 상상이 가서 괴로워 죽겠다;
1770,정말막판반전이 죽이는 영화
1771,반전이 색다른..밴드 립튼 소위 여기서도 나오다니 ㅋㅋ
1772,이런 쪽 영화 싫지않은 사람이라면 충분히 괜찮은 영화^^
1773,스릴러 넘침 정말 재밋음 볼때마다 심장떨림
1774,지대 잼잇던데;; 역시 기대했던 만큼!!
1775,역시 반전!!! ㅋㅋㅋㅋ
1776,관람후 걸어나오면서 욕나오는 영화
1777,2틀전에쏘우1보고 쏘우2오늘봤다~정말최고의스릴러!!강추!!
1778,1편보다낫다고하는인간은전부알바하지만 이거역시 볼만하다
1779,조조로 봐서그런지 몰입 않되고 않무섭고 머 그냥저냥
1780,재미없다는 사람이이따니...  볼만함 ㅇㅇㅇ
1781,보는 내내 흥미진진~!! 재밌어요 ㅋ
1782,솔직히 1편보다는....ㅋ 글도 재밋엇던..
1783,1편보고 2편보면 더 잼있는
1784,반전은 있고 재미는 없다. 쫌 지루했다. 옆에선 졸기도...
1785,최악의 영화 여운이 없다
1786,허 알바 많네...평점좀 내리자 원래는 6점정도 영화..
1787,1편은 눈감고 봤지만 2편은 흥미진진!
1788,쏘우1과 이어지는 탄탄한 스토리!!!더 놀라운 반전!!!
1789,갠적으로 쏘우1 반전이 더 쇼크적. 요것도 잼있네요!
1790,쏘우 1보다 훨씬 임팩트도 강하고 흥미진진하다.
1791,죠낸 잼잇다
1792,반전최고!!!
1793,반전최고! 살아있다는걸 다시느끼게 해주는 영호 ㅏㅎ
1794,진짜!!!!!!!!!!소름돋는반전!!!!
1795,보는내내 스릴만빵~ㅋㅋㅋ반전 1편보다 더 뻥지던뎅
1796,약간은 억지스러운면도.. 하지만 잼있어요 반전은 별로
1797,전작만한 속편없다의 개념을 깬 영화 반전짱
1798,1 너무 재미있었으니까 이어진 편 꼭 보고 싶었다 ^^
1799,반전 최강이에요 ♡
1800,정말 반전 최고 굿
1801,별줄려고 로그인하긴 처음. 굿
1802,반전을미리알아서재미가떨어졌지만정말재밌었음
1803,OO반전굿이다.쏘우1도 반전이더좋은것같아요.ㅋㅋㅋ
1804,이런 류의 반전과 스토리는 이젠 흔해진 듯..새롭지는 않다.
1805,반전하면 떠오르는 영화~~스릴이 넘치는 영화였다...완전 강추
1806,FTA 결사반대다...스크린쿼터제 옹호하자
1807,와우! 반전 진짜 원츄! ^^ 후후훗! 꼭 보삼! (조금 잔인함)
1808,진짜 스릴 넘치는 영화. 안보면 후회합니다!
1809,굳! 역시 기대를 저벼리지 않는군..마지막 반전이 Wow !!
1810,역시쏘우다 -0-
1811,반전에 반전 정말 3편이 기대되는
1812,1 안봤는데 재밋다
1813,재미있어요
1814,전작보단 못하지만
1815,역시 쏘우
1816,원작만한속편없다.하지만 굿! 근데 그럼 나도 알반가?ㅋㅋ
1817,이제 네이버엔 알바밖엔 없는것인가.. 그저 불쾌하기만 했다
1818,잔인하고 무서웠지만 잼있음.. 주사기씬이 너무 싫었음...
1819,잔인함은 업
1820,1편보단못하지만2편도잘만들었음 모랄까..작가의 노력이묻어있음
1821,장화홍련보다 별로임 .
1822,으아..~~ 최고 !ㅋㅋ 1편보고 2편보러꼭가~+_+ㅋㅋㅋ
1823,93분이 어떻게 지나간지 모르게 영화를 관람했다
1824,쏘우1의 말도 안되는 반전을 기대 했지만..반전 억지였다
1825,졸라징그럽다 ㅠㅠ 그래도 재미있섰던 것 같은 ..
1826,예상을 뒤집었던 반전!!!
1827,재미있다.^^ 쏘우2도 재미있지만 갠적으로 쏘우1 강추한다^^
1828,최고의반전!ㅋ 1편 보시분들. 함 보세요^^
1829,왜 2편인지 알겠다
1830,꽤~~괜찮은영화^^
1831,반전이 있긴 했으나 글쎄
1832,1편과 같이 볼만함
1833,내 예지력을 강타한 영화 대단한 반전 와 미치겠네 쏘우3기대^^
1834,일단보세요 최고의영화 빨리 3편나와라^_^
1835,전편보단그렇지만 ... 그래도쏘우2매우재밌어요 ㅋ
1836,반전알고 봐도 재밌네..... 쏘우3 빨리나와라...
1837,"전작만큼은 아니었지만 그래도 ""역시""라는 말이 나온다!"
1838,1편을통해반전영화임을 인지하고 봤기에썩~그러나잔임함
1839,전작의충격.기대를 져버리진 않았다.진정 반전스릴러
1840,2개의 반전 중 하나 예상적중했음... 크하하 강추~~~
1841,역시 기대를 저버리지 않는 반전.. 근데 너무 잔인해~
1842,반전하나는좋네.근데머이리지저분하냐??
1843,작가짱!!! 영화 지대임
1844,나도열보단 재밋음
1845,역시...........
1846,반전.. 죽여줍니다..
1847,1편보단 약하지만 그래도 재밌음!
1848,1편과는 다른 측면의 반전과 긴박감.잘 보고 왔습니다.
1849,역시 쏘우..
1850,잔인하고 반전이 엄청났어여^^
1851,1편을 보고 2편을 보는게 반전을 느끼는데 충분한 공감이감^^;;
1852,2편이 잔인하고.. 반전잇고..
1853,최고......이건 정말 봐야안다
1854,이런 장르가 있다는게 대단하다.심장을 관통하는 전율.
1855,1편보다는 매끄러운 반전 !! 강추
1856,주사기의 압박.. 상당히 흥미로운 영화
1857,삶의 소중함을 다시 일깨워주는 영화!
1858,잔인하긴하지만 대단하다
1859,전체적으로 즐거웠지만
1860,기가막히군....3편 기대된다
1861,1편의 반에 반도 못 미치는 긴장감. 말초신경하나는지대자극
1862,중간에지루함..그러나 끝에 눈이 번쩍뜨임!
1863,1편보단약하지만 그래도 재밌다
1864,어쩌면 뻔한 반전
1865,1편반전보다 모하다 이런말 하던데 1편반전이 더 구리거든요. .
1866,반전 최고 완전 최고
1867,1편에서 모자란 스토리는 탄탄하지만..영상은 1편보다 덜해서..
1868,잔인함에 눈감기 바빴음...그래도 추천!!
1869,1편보다 훨씬잼있어.... 1편은 터무니없음 ㅡ
1870,1편에 비해 고심한 흔적이 역력하나 기대에는 좀 ^^;;
1871,아. 생각보다는.. 별로 잔인하지도 않던데. 공포감이 떨어지네요
1872,징그럽게;;;;
1873,1편보고 기대엄청하고가서 실망했다 ; ㅎ
1874,너무 잔인한 것이 단점..
1875,진짜 죽음이다 반전굿!! 강추
1876,반전을 보고싶으신 분만... 알바넘들이 다깍아 먹어서 10점 -_-
1877,1편과이어지는 짜임새있는 시나리오와 매끄러운 반전
1878,할말이없다-_- 작살
1879,평점에 거품이 많네요...알바들은 사형시켜야 한다.
1880,흥! 이정도 반전 예상햇다!! 1편이 훨 낫네
1881,이거 지금개봉했나; 6개월전에 인터넷에 DVD로 떴는데;
1882,잔인 하기만 하고 잼없다ㅋ
1883,역시 전작뛰어넘는속편없음 범인이누군지충분히예상가능
1884,마지막반전이 어떤건지 알게해주는 영화
1885,그냥볼만함ㅋㅋㅋㅋㅋㅋㅋㅋㅋ
1886,영화를위한 반전이아닌 반전을 위한영화
1887,전작에 비하면 별거 아니다. 예상가능한 반전때문인지..
1888,니들이 봐라 말안하께
1889,정말스릴넘치고재미있었어요ㅋㅋㅋㅋ완전시간후딱지나가고
1890,가장 중요한것 게임의 법칙!법칙을 지키면 살고 어기면 죽는다.
1891,진정한 스릴러.. 완전 뽕갔다. 전편을 상상하지마라!!
1892,난 별로던데....
1893,왠지 다시는 보고싶지 않은영화 그치만 스릴있는 영화
1894,ㅡㅡ내가본영화중에 제일 쏠리는 영화다 그것두 능력인가
1895,ㅡㅡ이게재밋나 난 재미없고 어이상실햇음
1896,심장과 손을 떨게 하는 영화 ㅎ
1897,충격이지만 진짜 왜 죽이려드는지 짜증남..
1898,전편보다는 약간 못했지만 여전히충격적인 반전..
1899,단연 최고.!!식상함을 깨줌..ㅋㅋ
1900,어둠의 경로로 봤더라도 극장서 또 봐줘야하는 영화
1901,반전은 좋았지만 주제의식이 너무 비현실적이다.
1902,1보다 약간 더 재밌다. 내가 본 최고의 스릴러영화다...
1903,어느정도 예상했던데로 흘렀다.
1904,반전이 약하지만 볼만하다
1905,시간가는줄 모름.꼭 범인얘기하는인간이 있지 쯧.
1906,반전이 1편보다는 약함
1907,정말이지
1908,지독하게 잔인하지도. 공포스럽지도. 아무것도..
1909,1편보다는 그다지...ㅠ 잔인함...ㅋ
1910,진짜반전이뭔지를보여주는영화
1911,원보다 더 스펙타클 하드고어!!기대이상..!!전율~!
1912,설마했는데 역시 쏘우!!
1913,이번 반전은 왠지 억지로 짜맞췄다?라는 생각이 드는....
1914,3편이 기다려지는 영화 ..역시 최강스릴 반전 입니다..
1915,1편 보고 보세요...긴장이 아직도 안풀리네요. 완전강추합니다
1916,역시 스릴러의 지존이다!!
1917,완벽합니다..최고..ㅠㅠㅠ
1918,소수의나쁜네티즌들땜에범인다알고봐서이거보고가지마세요
1919,진정. 원했던 영화다!
1920,굿~~샷!!
1921,후반부 반전에서 점수를 얻겠지만 1편보다는 조금 약한듯
1922,봐도후회하지않을영화^^
1923,어제영화관서봤는데 1편 디비디 빌려봐야겠어요
1924,기대한만큼 실망시키지 않는영화 ..
1925,위험에 처한 상황에서 인간의 본성을 잘 나타낸 영화
1926,너무 큰 기대는 실망을 부르는법? 1편이 짱
1927,- -받아서 12월에 봤지만 쏘우1보단 반전이 약하다
1928,정말 무섭고 역겨운 영화 ㅠㅠ
1929,이것들아! 반전이 다가아니다.. 꺼름직하고 소름끼친다 !!!
1930,반전은 약하지만 역시 ....쏘우
1931,사실 개봉 2주전에 본 영화인데.. 역시 재밌었다.
1932,로그인한다 
1933,제발 사람 말좀 믿자!!ㅋㅋ
1934,그다지....너무 기대해 그런가...
1935,역시 쏘우 어떻게 그런 시나리오를 쓰는지 따봉
1936,1편보다 훨 낫았습니다 약간 어색한것도 있지만
1937,반전은 좋았는데 전편보다는 별로다
1938,모두 간과하기 쉬운
1939,1편만큼이나 나를 손에 땀을 쥐게 하는 영화.
1940,난1편보다재밌게봤는데-_-심장두근거려서혼났음ㅋㅋ
1941,너무 재밌게봐써요
1942,1편보다는 조금 지루한듯한... 그래도.. 괜찮네요
1943,1편을 너무 재미있게 봐서 그런지...
1944,캬. 무섭다. 정말 지금 사는것에 대해 감사하게 살아야겠다.
1945,꽤 괜찮다~ 반전도~ 연기도~ 배역도~이야기도
1946,이런영화를 한국인들이 만들수 있다면...
1947,괜찮다.. 재밌고.. 근데 밑에 스포일러들은 뭐냐;;;;;;
1948,너무징그러요ㄱ-; 윽 그래도 스릴만점
1949,쏘우1이 더 좋음..^^;
1950,게임의 법칙...
1951,1편이 낫다 그렇지만 쏘우다웠어요
1952,쓰레기라고 하는놈들 .....어쩌라고
1953,반전을 보는 묘미.....
1954,정말 열심히 살아야겠다고 생각했음. 1편 안봐도 잼있음.
1955,굿
1956,ㅋㅋㅋㅋㅋ반전정말최고 ㅋㅋ! 3편나온다에 한표 ㅋㅋ
1957,2편의 반전 기대 하셔도 좋을듯 ㅋㅋㅋ
1958,1
1959,예상치 못한 또하나의 반전. 3편이 나올지는 미궁.
1960,영화가 끝난 후 짜증나~라는 관객의 엄청 큰 목소리...모냐?
1961,정말대단한영화! 1편과만만치않은반전!! 굿!!ㅎㅎ
1962,범인은 어맨다..... cctv는 녹화된것
1963,1편보다................약해약해
1964,전편보다 더 반전의 충격파가 강해졌다. 입을 다물수 없다.
1965,흥! 최고의 반전 좋아하네..ㄱ-
1966,지존재밌당
1967,존나 재밌다
1968,뒤통수를 후려치는 듯한 반전.!!짱입니다.생각도못했네ㅜㅜ
1969,한시라도 눈을 떼기 어려운 영화 1편보다 낫다
1970,큐브버전 쏘우 보는듯함... 그래도 재미는 보장합니다.
1971,최고다!!!!!!!!!!!!!!!!!!!!!!!!
1972,원보다 약간모자른듯하지만 반전지대
1973,징그러운데 재밌네요..아 보는데 간떨려서 원 -_-
1974,최고의 반전.. 1 이상의 재미.. 기대를 저버리지 않는다
1975,쏘우1이 더 재밌다
1976,찜찜한 여운은 남으나 그나마 실망하지 않을 속편 영화.
1977,1재미있게 봤는데 2도 기대를 져버리지 않네요..
1978,영화 괜찮은데... 난 재미있게 봤다
1979,1편을 못 봤다면
1980,생각도못한 반전 일단 쏘우1을 안봐서
1981,말그대로 퍼펙트 스릴러. 헛점이 보이지 않는다.
1982,재미있었다.ㅋ
1983,1편이 낫다..이건 좀 지루하더라..볼만은 함.밑에놈 스포일러!!
1984,범인은 어맨다..... cctv는 녹화된것
1985,너무많은걸 보여주려고한듯
1986,1편보단 반전이 약한듯..그냥 볼만함
1987,직쏘너무 멋있었삼 ...
1988,어설픈반전
1989,전편보다는 약한 반전
1990,정말3편이 기대대는영화 이만한반전 영화는없는거같아요
1991,몇몇개념없는 평과 네타들이 많네 영화는 1편못지않게 재밌네요.
1992,2는 우려먹기 일뿐.
1993,쏘우 1과  변하지 않네요. 힌트는 그 시작에 있다.
1994,광고가 전부인듯 -.-
1995,정말대단
1996,완전 재밌더라....1편2편 다잘봤다...쏘우 왕기대...
1997,그다지...기대이하...그러나 반전덕분에...ㅋ
1998,볼만해요 징그럽고 지루하진 않죠
1999,생각하면 깨트린다 !!...역시 쏘우였다..-_-=b
2000,1편보다 더 기대가 되네요.
2001,최고!
2002,반전을 알고 봐서리..ㅠ_ㅠ 그치만 재미있었다.
2003,1보다 재밌음..ㅋㅋ1은 지루함..
2004,어떤분이 범인을 말하지만 않았어도
2005,정말.. 힘들다 ㅠㅠ
2006,최고임. 반전 얘기안하겠음...ㅋㅋ
2007,대반전 라이브가 아니라 녹화방송이었음...진짜 최고다.
2008,볼때 초긴장! 심장이 떨어지는것 같아요 !! 강추 !!
2009,생방송이 아니였다.
2010,대박입니다..
2011,꺄악 ! 소름돋아 ㅋㅋㅋㅋㅋㅋ
2012,겨울방학 직전에 CD로 구워서 학교에서 봤는데 재미있어요 ㅋㅋ
2013,1이 더 재밌어
2014,결과는충분히예상가능하며1편에비해과도한기교가들어간듯
2015,원보다 못함-_-;
2016,좀 징그러웠지만 재미있었다
2017,아..입벌어진다 정말놀라운반전
2018,솔직히 1편보다는 훨못함
2019,쏘우가 큐브와함께 호러스릴러시르즈의 제2의전성기를 예고한다
2020,방금 봤는데 존나 잼따 반전짱
2021,1편보다는 쫌 못하지만..그래도 잼있음...굿~~~
2022,아 간만에 1편보다나은2편을봄 1편도강추지만 2편진짜강추
2023,이젠 고전이 될 듯 3편 개봉예정 비유약한 분들 시청불가
2024,최고
2025,이런게 영화라는 거구나..
2026,1탄보다소재가다양상상초월장면들.반전땀이날정도대닥장담!
2027,보는내내 긴장을 늦추질 못했다!!! 스릴러영화로선 최고다!!
2028,완전기대+_+
2029,1편 2편 모두 good... 지루함없이 끝까지 긴장했던 영화
2030,나름대로 괜찮다고 봄
2031,전편보다 대사에서 대놓고 반전을 이야기하는듯..
2032,제대로 재밋다 마지막 반전쩔 3탄4탄 쭉가라
2033,반전이 진짜 ...... 캬 진짜 굿 끝나고 박수가 절로나왔다는....
2034,6점에서 7점정도인 영화 알바는 존재하는가....ㅡㅡ
2035,스릴러나 반전영화좋아하시는분은 보세요^^
2036,절대 안치밀한 계획.. 어거지반전... 우연성일관... 재미없다..
2037,마지막 부분에서의 반전..역시 쏘우..불쌍한 경찰아저씨..쯧쯧
2038,1편보단나은듯한데여전히쌩뚱맞는영화네요재미는쬐금있어요
2039,후후거짓말은 않하는군...ㅋ직쏘..ㅋ
2040,반전이 좋았다.
2041,잔인과 반전 쏘우의 엄청난 매력
2042,최고의반전!1편보다더한충격상황반전이정말 상상도 할수없다
2043,아...직쏘가 착해보인다;;왠지모르게;;인간적인영화;;ㅋ?
2044,1편에이어 기대를 져버리지 않았음!!
2045,옳고 그름의 삶의 반전
2046,반전 ;; 미칠정도다
2047,3탄 4탄도 나왔으면 싶은 ㅋㅋ
2048,전편보다는 충격적이지 않치만 볼만.그런데 직쏘할배는 짜증나!
2049,마지막의 반전도 좋고
2050,최고의반전 3편도 기대되네요ㅋ
2051,최고란말밖엔...마지막 대반전 ㅋㅋ놀랍니다
2052,최고의반전!!
2053,이영화의주인공은시청자랑아픔을같이느낀다ㅠ_ㅠ
2054,기대햇던것 보단 조금 별루네여 약간 실망(?)
2055,반전인거알고보면 재미없습니다. ㅋㅋ
2056,끝내준다 진짜와~
2057,와 ... 쏘우1 보다 더 끝내주는 반전
2058,아주 집중 100%다 ;;
2059,반전이 의미없는 스릴러 아닌 슬래셔무비.
2060,정말 굿이다...정말 오랫만에 느껴보는 쓰릴감...최고..
2061,말이 2탄이지 전편과 전혀 다른 장르의 영화...머냐 이건..
2062,시간 잘간다. 치밀하다.
2063,최고의반전입니다반전영화좋아하신다면추천해
2064,전편 못지않은 최고작!!감독에게 박수쳐주고싶다진짜
2065,모니터속사람들의간간한잔인한행동
2066,반전의 극치.. 누군가 범인을 말했다해도 그것으로 끝이아님
2067,속편의 법칙
2068,직쏘의대사를곰곰히새겨들어라.ㅋㅋ여전히소름돋는
2069,최악의 결과를 내는 최고의 영화
2070,1편 보다 더 강한 반전이.. 추천합니다^0^
2071,그렇게 잔인하지는 않지만 조금 구역질만 난다
2072,전편이나 이번이나 반전은 어거지가 많다..그래도 재미있다 ㅎ
2073,이 만한 반전영화는 없다 최고
2074,액션굿 반전보통 극장가서 볼만함
2075,오우 소름끼쳐 돌아버린다...여튼 재밌음
2076,진짜 스포일러 짜증나 앞으로 네이버 영화 절대 안들어옴
2077,반전이 끝내주는영화
2078,역시 전편만큼의 스릴은 없는듯...
2079,저편보단 못하지만 재미있게 봤던 영화.
2080,최고 ...라는 말밖엔..
2081,엄청난 반전이 있는 영화 ㅋ
2082,역시 이 영화는 반전이 짱 ㅋ
2083,이 영화 반전은 5개!!! 반전 안다고 오버하지 마라... 알았니???
2084,난 이딴짜증나는 영화 제일싫다 사람약올리려고 작정했네
2085,별로다..전편은 정말 재밌었는데
2086,꺄~악.넘 징그러웠어요.ㅠㅠ  쏘우3 기대하겠음.
2087,삶의 중요성을 잔인하게 일깨우네...허나 역시 쏘우
2088,3편을기대해도 좋을라나
2089,잔인한게 좀...마지막에 어떻게 됐는지 생각도 안나네...
2090,짧고 강열하게..
2091,정말 재밌어요~~~ㅋㅋㅋ
2092,쏘우1에 비해 반전이 약하지만.. 재밌습니다 ㅋ
2093,별루..
2094,전편보다 확실히 지루합니다.. 넘 작위적이네요..
2095,정말 시나리오 예술...^^
2096,평범하다.. ....비추....추
2097,어!! 이거 봤는데 범인은 바로................직접보시길
2098,본지좀됐다어둠의길~로초반엔그저그런큐브틱영화반전은굿~
2099,시시하고 잼없고 지루하다고하는 인간들은 뇌가 있는거냐?
2100,공포의 끝이 무엇인가를 확실히 알게해주는 영화!!!
2101,이것이.. 쏘우이다.
2102,반전을 위해 너무 끼어마추기한듯하다
2103,와 진짜 스릴만점 반전 대박 ㅋㅋ 최고!!
2104,1편보다는 별로지만. 좋았고.3편까지 만든다던데 3편이 기대됨.
2105,반전에...진짜 놀랐음....
2106,쏘우 1편을 보신분은 영화중간부터 범인이 누군지 눈에 보입니다
2107,박살납니다ㅋㅋ진짜 박살남..개박살
2108,더이상 말이 필요없다....GOOD
2109,반전은.. 이영화에서만 허용된다!
2110,반전반전해대는 놈들 제일 불쌍하다
2111,반전.ㅡ0-
2112,예상치 못했던 반전...인간의 심리이용 스릴러!
2113,잼잇는 편이 엿다 ㅋㅋㅋ
2114,진짜 개재미없어요.황당할뿐.전편만 보고 말았어야했는데...
2115,정말 스릴있구 ^^;; 끝에서 어떻게 되는건가요?? 3편또 나오나
2116,1편은안봤는데. 재밌네요
2117,재밌어..;
2118,전편 못지 않은 대박감^^
2119,속편은 내용전개가 큐브2랑 비슷하다고 느꼈는데..
2120,1편보다 반전은 쪼끔 약하지만 그래도 역시 쏘우입니다 최고
2121,이건 약간 지루한게있어 1편에 한표
2122,1편만큼재밌는 속편임 꼭보세요 반전죽여요
2123,와우~ 반전 굿~
2124,전작보다 더 긴장감있는 내용전개 .
2125,재밌게 봤지만 제 취향은 아니네요.. 넘 잔인해요..
2126,당신이 무엇을 상상하든 쏘우2는 당신의 그것을 뛰어넘는다.
2127,그냥 이유없이 지루하다.1편이 낫다!
2128,10점 주고 싶다. 좋앗다.
2129,-_-.... 징한것들;;     스승이나 제자나;;
2130,최고다! 스토리 연출 배우들 연기력 하나 빼먹을거 없이 최고다!
2131,최고!
2132,1편보다 반전은 덜했지만 더 재밌었음
2133,잔인하지만 교훈을 가진 영화
2134,엄청 재밌게봤음^^ 반전짱.....ㅋㅋㅋㅋ
2135,완전!!! 충격백배 마니잔인하지만!! 반전짱임~ㅎㅎㅎ 꼭보셔영!
2136,최고였다 ㅋ game over의 뜻을 알고난후의 기분ㅋ
2137,얼마나 손 꼽아 기다렸던지! 역시 반전 죽인다!
2138,1편보다 훨씬 강렬~예상치 못한 반전~일단 잼있다 좀은 잔인
2139,폰부스이상긴장감. 반전의 충격은 더큼.
2140,과연 쏘우 ~!
2141,와
2142,반전이 뒤통수를 때린다
2143,전작 보고 나서 보시길.. 상당히 재밌어요..
2144,정말 반전이 최고!! 범인좀 얘기하지마셈..
2145,장르가 왜 스릴러인지 이해를 못하겠더군요..
2146,내용은 강추!!but개봉전 본사람들이 많아 망할느낌.ㅡㅡ
2147,방금 봤는데..반전 진짜 끝내줌!!!! 꼭 보세요..강추영화!
2148,1편보다는 못한거 같은 느낌..억지도 짜맞춘듯하더라.
2149,1편보다는 반전이 약하지만 그래도 구성 탄탄~
2150,역시 최고의 반전은 쏘우...스포일러 따윈 자제 합시다!
2151,전편에 이어 억지스런 내용의 연속..
2152,반전 빼면 남는건 핏비릿내 뿐. 어처구니없는 노인네의 개똥철학
2153,반전이 쫌 크네요
2154,반전은 1보단 못하지만 그래도 재밌다 ㅎㅎ
2155,이거비추 1편만큼잼업다
2156,지구를 떠나라!!
2157,솔직히 재밋슴다 ~
2158,섬뜩함... ㅋ
2159,1편은 좀 억지스러운 면이 있었지만 2편은 최고의 반전! 강추!!
2160,전편을 봐야 이해하기 쉬운영화..반전은 전편보다 별루네~
2161,1편에 못지않은 반전을 주는군요 재미있습니다..
2162,정말재미있어요.반전이장난이아닌걸요?ㅎㅎ
2163,1편보단 덜 잔인하지만 잼있어여..
2164,잔인한거에 목적을 두었지만 반전은 역시 굿이지!
2165,잼다
2166,반전 영화 좋아하면 그냥 보라 ! 그다지 후회 할일 없을꺼다 !
2167,어이없기는 마찬가지지만 나름대로 교훈을 주려했던 영화!
2168,아직 개봉하지도 않았는데
2169,진짜 인간적으로 개 재미없음 --
2170,재밌네-스포 안당하고봤더니.스포일러찌질이들 게임한번할까?응?
2171,잔인하다
2172,나 역시 살아있는 것에 또한번 감사를 느끼며..
2173,어느 정도 반전은 예상했지만 이정도의 반전일 줄은
2174,너무 긴장하고 본 탓에 담날 어깨가 아팠다^^
2175,굿이다
2176,전편 말은 안되지만 전편 반전이 더 기막힌듯...
2177,멋짐.. 반전 다알고봐서그런지.. 스포일러좀쓰지마셈 -_-
2178,정말재밌었음. 완전 최고
2179,1편보단 약해요.. 그래도 괜찮았어요..
2180,재밌음 직쏘 역시 대단하십니다..ㅋ Want you~!
2181,엌엌엌 완전 완전완전 강추다-_-
2182,정말 임팩트가 강한 영화네요
2183,반전미리알고 범인도 알고봐도 꽤나볼만함.
2184,본편보다 나은 속편.
2185,매튜스 형사 넘 불쌍해;; 첫번째 실험 대상이 되는구나.ㅋㅋ
2186,전편도 별로 였는데 후편은 더 별로다...
2187,쏘우3확실히 나오겠네!ㅋㅋ
2188,정말잼잇음 전편보다 더욱큰 반전이...
2189,1편보다 아쉽네요ㅠ 하지만 역시 쏘우답네요 ㅋㅋ
2190,끝부분반전때문에보는영화하지만보는내내왜큐브가생각났는지~
2191,최고는 아니다 하지만 보통이상이였다
2192,쏘우의 백미는 역시 뒤통수!!
2193,본편보다 더한 속편은 없다 하지만 그래도 괜찮은 영화
2194,아놔
2195,다운받아학교서봤는데.구성이완벽하여 보고뭔가대단한느낌
2196,짱
2197,정말 재밌습니다
2198,사람의 성급함이 일을 그르친다... 시키는데로 하면 될것을...
2199,보고 나서 하루 내내 기분이 찝찝하더이다..
2200,전편 허무한반전보다 만배낫다
2201,대박이다 진짜
2202,진짜 대박
2203,대단한 반전이 .. 진짜 재밌네
2204,쏘우1보다 낫다 장난아니다.. 이거..
2205,1편보구 보세요 강추!!
2206,1편보다 한층 업그레이드...반전도 업~~~긴장감도 업~~~
2207,1보단 낫군요
2208,좀 징그럽기두 하고
2209,아주재미있엇지만 쏘우1이 좀낳은듯하군요
2210,미친욕나온다영화가아니다관객한테장난치는거다억지연출
2211,오락성에 치우친 영화 작품성은 없다
2212,마지막반전 죽입니다요~ 2탄이 더재미있음 쏘우 짱.!
2213,대단대단!!
2214,1편을 넘는 반전
2215,정말 스릴러 짱... 전편을 능가함...
2216,전작에 비해 약간 모자란...
2217,살인동기미약하나재밌음.삶을소중히..
2218,반전기대
2219,왜 하필이면 제목이 쏘우인가..  마지막 반전대박!!
2220,이걸보면서 떡을 먹었다는...쩝...
2221,후회감이 없는 마지막의 반전 역시 ㅎ 최고입니다~
2222,전편 못지 않은 반전!!! 더욱더 잔인해진 스며드는 공포!!
2223,대박재밌어요~~스릴대박~반전이죽여요~!!!ㅋㅋㅋ 보삼
2224,전편보다 약간 더 재밌었다.
2225,봤는데.. 완전 강추.. 꼭보3 박수나옴
2226,반전 대박나삼!! 나 6학인뎁숑 반전이 따봉이3
2227,범인은 천재. 나머지는 우왕좌왕.
2228,꼭 보세요. 제가 본 스릴러중에 최고! 10점도 모자란 영화!
2229,반전굿!보는내내흥미진진햇지만 좀많이징그러움-_-;
2230,역시재미있네요.1편만큼의 반전과 업그레이드된 스릴!
2231,존내무섭다쥔짜 1편보다 반전은 덜하지만 더스릴있는것 같음ㅋㅋ
2232,Good !.특히
2233,아아아아들 어디있어
2234,이것도 정말 잼있게봤다. 근데 난 1이 더 재미있었던것같음...
2235,1과 비슷한 재미
2236,살벌하고 재미있는 영화.
2237,감독의 잔인한 상상력이 놀랍다. 힘든운동한 기분 온몸이 쑤셔..
2238,재미있다. 마지막 돼지가면쓴여자때문에 8점
2239,무엇을상상하든 그이하를 보게될것이다
2240,억지억지
2241,정말 흥미진지 한데 진짜 재미있어여
2242,직쏘의 반전 정말 짱입니다!!
2243,1편같이 재미있었음.
2244,반전이 좀-_- 여하튼 보는 내내 흥미진진 ㅋㅋ
2245,1편보다 훨씬 떨어지는 긴장감...반전만?
2246,끈내주는영화
2247,진짜 진짜 강추 영화 입니다..
2248,잔인해서 좋아~ㅋㅋ
2249,역시 기대만큼이나 재밌던 영화
2250,이거학교에서봤는데 오 되게 재밌더라구요. ㅋㅋ 주사바늘 굿.!
2251,전작에 대한 기대감을 져버리지 않는영화..! 최고.!
2252,1편보다 반전은 덜했지만
2253,마지막씬에화장실은전율..반전은전편이더낫다
2254,재밋긴한데 모방범죄 나올꺼 같에 진짜
2255,와우//ㅋ 반전도 굿~!! 보는내내 흥미진진ㅋㅋ
2256,1편에이은2편도반전완전강추 범사에감사&말을차근히들어주자
2257,전작만 못하지만 ㅋ
2258,1보다 2가더잼씀ㅎ
2259,정말 우연히 본영화 내용도 참신 다음편이 기대되는 영화
2260,미국판을 보고... 한국판도 보고...
2261,방금봤는데요 1만큼이나 재밌습니다.
2262,반전은... 역시.. 예상치 못했던... 이..낚인 기분.. ㅋㅋ
2263,역시 나름대로의 기대를 저버리지 않았다.
2264,전편만큼 반전이 크지 못하는듯...
2265,좀 어거지가 있고 결론에 맞춘다는 느낌...
2266,관객과의두뇌게임에
2267,1탄보다 약함. 그러나 기대할만함
2268,쏘우1보다 쏘우2의 멋있는 반전 +_+乃
2269,전편보다 나은 속편
2270,반전좋아하고들 있네 이 악마한테 정신 다 팔아먹으신 분들아
2271,나온지가 언젠데~알바들은 물러가고..솔직히1편에 비해 아쉽다~
2272,굿!!  반전
2273,진짜 기다렸다..ㅋ 이런영화~ㅎ
2274,Wow 나는  이런 영화를 기다렷단말이다
2275,내 인생 최고의 영화... 식스센스의 반전은 비교도 말아라..
2276,그럭저럭볼만하군요.. 7점정도??먼가 좀 부족..
2277,역시나! 완점 내 스딸이야~
2278,쏘우1에 이은 엄청난 반전!!
2279,1보다 훨씬 잼써요~! ㅋ반정 지존임
2280,1편에 이어 스릴
2281,어찌 아이덴티티랑 겨루리
2282,쏘1보다 더 반전은 아니지만 역시 정말 스릴러의 대표작입니다
2283,볼만함
2284,2시간만 이야기를 들어줬더라면...
2285,반전드라마 같은 느낌 1 보고 싶다 어서구하지 너무 재밌네
2286,1편을 능가하는 최고의 스릴러!!!!!강추!!!!
2287,1편 보고 볼것! 스토리 대박!! 효과 대박!!
2288,전체적으로는 재밌게 봤으나.. 반전 부분에서 조금..
2289,쏘우1 보다는 별루;;... 그래도 잼있었음
2290,더 강력해진 살인게임!강렬하고 짜릿한 반전
2291,잼있었다!역시기대를져버리지않고!3탄나올듯하다 ㅋㅋ
2292,Game Over! 쏘우3가 나오리라는걸 찐하게 암시하고 끝낸다.
2293,반전은 반전이기 하다만
2294,오 마이갓 전편보다는 쪼금 딸리지만... 역시 최고의 스릴러 ^^
2295,초 ㅣ고 ! 두 말 필 요 엄 따 !
2296,솔직히 반전이 더하면 더했지 못하진 않으리라 생각하는데..
2297,1처럼 충격적인 반전
2298,1보다는 별로였지만 긴장감은 꽤 괜찮았다.
2299,쏘우1 보단 좀 떨어지네. 그래도 볼만한 영화.
2300,So good!
2301,겨울방학 한참전에 학교에서 봤다.재밌음..
2302,잔인하지만 그렇다고 역겹다고만 치부하기에는....
2303,ㅋㅋ 끝에반전재미있네요
2304,무섭지는 않지만 스릴감과 주인공들의 대립이 정말 훌륭함!!
2305,역시 반전은 쏘우가 최고!
2306,재밌었음 전 쏘우2보고 쏘우1봐서그런지 쏘우2가 더재밌었음
2307,나름대로 잼나게 봤습니다. 반전도 볼만한데 너무 잔인해요
2308,오... 실시간이 아니다라... 대단쓰
2309,전작보다 구려요 근데 재밋어요
2310,사건은 이미 끝났다.예전에 봤던것인데 범인은 중요하지 않았다.
2311,잔인한게 역겹다. ㅡㅡ;;
2312,쏘우2 정말 재미잇다
2313,음....그냥...잔인하기만한...너무 끔찍하다
2314,인터넷에서 다운받아서 봤는데 반전이 죽여줍니다^^
2315,쏘우2허벌나게재밌음
2316,관객 농락하는건 여전하구만?
2317,이번도 반전은 기가막히더군요. 깜짝 놀랬습니다.
2318,외국에선 아주 실망적평론을 얻은 후속편. 정말 어색한 영화
2319,무섭다기보단징그러운장면이많음.식전에볼것.ㅡㅡㅋ
2320,1편보단 못하지만 관람 내내 흥미롭게 봤다.
2321,1편을 능가하는 재미~
2322,반전 약하고 1편보고 2편보면 기대감때매 좀 실망
2323,쏘우1 보고나서 꼭 2 보시길...아놔...진짜놀랫다; 반전굿 ㅋ
2324,뒤에 반전이 빈약한거 같네요..잔인성은 굉장한 영화...
2325,대니얼.........살아잇엇어........뽕ㅋㅋ
2326,찝찝하긴하지만 ..... 직쏘랑......아맨다라.....흠..
2327,쏘우1에 못지않은 스토리지만 보고나서 찝찝함은 웬지..
2328,오싹 하군요 함부로 볼 수 없는 영화가 맞네요
2329,정말제대로반전ㅋㅋ영화내내소름돋았다는-_-;
2330,썰렁한 것들은 가라
2331,역시 규칙을 따라야 ㅋㅋ
2332,충격과 잔인함과 반전의 연속
2333,영화끝날때까지 긴장
2334,재밌네요 1편과는 다른 재미 추천
2335,진짜 최고 !!너무 잔인해서 ..그랬지만..
2336,영화를 보는 내내 긴장감을 멈출 수 없었다.
2337,반전있어 조았고ㅋㅋ떨려서 눈감고밧음 ㅋㅋㅋ
2338,잔인무도.여름에 나왔으면 좋았을걸.1편의 연장선일 뿐.
2339,1편못보고 봤는데 재밌네요~ 괜찮습니다. ^^
2340,시사회다녀왔어요~! 스릴넘치고 긴장감에
2341,몰아가는 힘에 예측할 수 있는 반전이 전혀 예측할 수 없었다.
2342,죽인다
2343,역시! 기대를 저버리지 않는 반전! 최고입니다^.^b
2344,오늘 시사회를 갔다왔는데요 ..권하고 싶은 영화였습니다
2345,1편보다덜했고 반전이 억지스러웠다
2346,시사회 보고왔는데 정말최고!!!!!!
2347,초특급 반전을 기대한다면 약간 실망..보고 실망했음..
2348,스릴있네요..ㅋ
2349,역시나 반전이 뛰어났다...1편보다 긴장감은 좀..^^;
2350,그야말로 반전이다! 3편도 기대되는걸~
2351,즐길준비는 됐는가? 최고의 반전영화
2352,전작에비해서그렇게재밋는건아니지만역쉬반전에명수쏘우~!!
2353,극장 가서 안보면 후회합니다. 다운 받지 말고 극장 가세요...
2354,스릴러영화에 범인알고보면 재밋다니 웃기고앉았네.. 긴장감있음
2355,볼만해
2356,1편보다 떨어짐 반전도 좀... 뭐그래도볼만함
2357,절묘한 긴박감과 여전히 기발한 반전! 잔혹성을 겸비한 스릴러
2358,한마디로 굿!!!절대 밑에 쓰신분꺼 보지말고 보시길~
2359,존(범인)의딸약쟁이(아만다)짜고치는고스톱
2360,와우~!! 쏘우1보다 훨~~ 괜찮네여??!! 강추~!!
2361,영화관에서 음료수한모금 마실수없는 흡입력을 격었다
2362,스포일러를 봐버렸다 -_- 여기 네이버 대사에서
2363,그냥 지존임 그냥 대반전
2364,내가 본 공포영화중  최고~!!
2365,진짜 반전이장난아니고 스크린이 내 뇌를 조여온다
2366,오싹함+반전
2367,반전이장난아니예요- 최근에본것중에서 제일재밌었던영화임
2368,재미없음.... 절대 비추...
2369,아존나스릴감만점 잼잇다
2370,아 재밌다ㅋㅋ역시나 반전은 빠지지 않는군아~ㅋㅋ
2371,쫌 잔인 하지만 긴장감 최고네요...마지막 반전도 좋고요..
2372,1보다 나은듯..무뇌충들아 여기다 범인적지마
2373,꼭 보시길...끝장입니다...
2374,진짜 최고!! 1편에 이어 뒷골짜릿한 큰 반전을 준다!!
2375,진짜 최고의 반전! 정말 최고임!
2376,Mudvayne 오메 뮤비 환상인겨 영화랑 어떻게 저렇게 잘어울리냐
2377,뭐랄까 전편이 더 남는.....반전은 좋았으나 뭔가가 아쉬웠다
2378,1편을 능가하는 영화~!! 다운받지 말고 꼭 극장에서 봅시다!!
2379,1편보다 화끈한 반전~! 근데 이게 아직 개봉도 안했었을 줄이야
2380,밑의님말대로 이런스토리라면 100편가능..반전짱!!
2381,잔인으로시작해서잔인으로끝!
2382,재밌게 봤다.  은근히 스릴 넘친.
2383,좀 스릴있고반전있다고 무조건10점주는 goldsop같은 하류시각들
2384,머 그영화에 그반전이지ㅋ goldsop<-니수준을 알만하다 ㅋㅋㅋ
2385,추천
2386,정말 반전이 소름끼침!! 절대 줄거리 듣고 가지마세용~!!!+0+
2387,이런영화더러좋다니..한국영화인의수준을알수있다.ㅉㅉ...
2388,수숩이 어려워 그냥 질러버린 느낌 의 반전...
2389,1편의 허무함과 어의없음을 달래 줄 수 있다고 본다. 그러나...
2390,어떤 스포일러 OOO때문에 반전을 알고봤지만 그래도 반전최고
2391,1편은 너무 어의없었는데..2편은 재미있군
2392,보는내내 떨렸다!! 반전은 예상했지만...훗
2393,몰입감과 마지막 반전이 좋았다
2394,큐브처럼 되면 어쩔려고 ㅡ;; 완전 잔인 -1 반전 굿 +10
2395,개봉한주알고 다운받아서봤는데여 1편에 전혀밀리지않는 대작^^
2396,역시대박!
2397,조낸 짱이다
2398,"재밌었음(""실시간방송이아님었음에""←영화대목)한번놀라주시고"
2399,대박 그 자체...마지막 스릴에 몸이 떠밀리는 느낌? 정말 최고!!
2400,전편만 못해요~ 그러나 더 잔인하다
2401,1편을 봐서 별로인거지 2편 자체로만은 괜찮았던 것도 같은.
2402,범인알고봤는데 반전대단함 1보다 더재밋는거 같은데 ㅡㅡㅋㅋ
2403,전작을 능가하는 ㅋ
2404,1보다는 재미없었지만 후속작으로는 괜찮았다
2405,와. 다운받아서봤는데마지막 진짜웃긴다겁나게재미있다.. ㅋ
2406,1편을 보고 보면 100배의 재미!!
2407,ㅎㅎ 기대한만큼 재미있을거예요 ^^ 다들 보세요 ㅎㅎㅎ
2408,더럽기만 하고 정말 재미 없다. 뻔히 보이는게 스릴런가?
2409,이런 스토리로 가다간 100편까지도 나오겠는걸..
2410,중요한 것은 룰을 따르는 것..
2411,잔인하지만
2412,와~반전이란이런거다.그리고원작을능가~!!!
2413,1보다 진행이 조금 지루하지만 전체적으로는 훨씬 낫네
2414,반전이 진짜 죽이네요 근데 형사가 너무 안됐어요 3편이 나올까?
2415,진짜 재밌어요^^* 봐보세요^^*
2416,574번글 동감! 1편보다는 아주쬐금 못하지만 그래도 훌륭함^^
2417,정말 잔인했다. 스포일러들이여 접싯물에 코처박고 알지?
2418,역쉬1편보다나은영화는없는가..그치만왠만한스릴러보다는낫다
2419,말이 필요없음....최고....
2420,1편으로 인한 기대감 상승으로 뛰어난 반전에도 밍밍한감이..
2421,단연최고!!!  나의 예상은 또다시 빗나갔다...............
2422,큐브처럼 될까 두려워지네..
2423,최고!!쫌1편보다 반전이 약한감이 있지만 후회안할겁니다..!!
2424,어때요
2425,생방송이 아니였어... !!!! 몸에 전율이...
2426,정말 강추 강추 반전의 반전 이런영화 첨입니다^^
2427,더이상 뭘 바라나...
2428,1편만큼억지스럽고 1편보다잔인하다. 공포영화치곤좋다
2429,이거 1편보다 포스가 약하다
2430,쏘우1은10점/쏘우2는8.5정도?다좋지만전편보단못함/더잔인함~
2431,전작보다반전이 약하오..
2432,엄.청.난.반.전  그럴줄은 몰랏다--;
2433,전작보다 반전이 못하지 않은거 같음
2434,잠이 약간 올 때 봤는데 잠이 안들 정도의 스릴감.. 반전..
2435,쏘우 1보다 더 재밌음
2436,반전 장난아닙니다.근데 좀 엉성하구요.역겨울 정도로 잔인함
2437,좋았음... 원츄!
2438,쏘우2 직쏘의 마지막 : 새로운 시작
2439,반전이뻔함;;그래도 스릴만점으로10점을^^배우들연기잘함ㅋ
2440,반전 와방
2441,원 때문에 그런지 으외로 쉬웠지만.
2442,반전 대박ㅋㅋ 쏘우3도 나올듯?ㅋㅋ
2443,반전이 굉장했어요
2444,후 너무잔인하고 또 규칙을안지킨 아빠가 불쌍
2445,정말좋아하는쏘우~1편보다 못하다 그래도 쏘우는 쏘우다!!
2446,역시 쏘우란 느낌이드는영화. 기대이상이였습니다 !
2447,1편못지않게 볼만함.근디 넘잔인하다..ㅡㅡ;;3편기대~
2448,든 돈에 비하면 성공했지...
2449,당나귀에서 재미있게 다운받아 본 영화
2450,아 생각하는 반전이 일품인 영화 ㅋ
2451,역시 반전의 최고봉~~~쏘우 이영화 정감이 간다...
2452,반전의 반전은 계속되어야 한다.
2453,전내 재미있었지만 반전이 아쉬웠다. 그래도 10점은 충분.
2454,1편보다 못함 그저 평범한 스릴러
2455,쏘우3은 미국에서 10
2456,스포일러에게 당하고도 예상 못했던 결말...대박!
2457,마지막에 흐르는 그 음악.. 소름끼칩니다.
2458,전편에 비해 영~~~
2459,완전C급 영화.. 1편을 기대하지 마시길. 이해할 수 없는 전개
2460,1편만큼의반전은아니었지만
2461,정말 골때리는 영화..
2462,전편보다는 약하지만..정말 스릴만점..후회없슴다^^
2463,1보다 훨씬 재밌지 끝에 반전 훨씬 더잼는데 제대로본거임?
2464,1보다 약하다..재미는 있는데 1보다 너무 떨어짐..
2465,잼있네..ㅋㅋㅋ
2466,1편보다는 반전이 약하내요..
2467,전작을 능가한 작품이라고 생각되는.. 3편은 더욱 스릴을...
2468,1보다는 별로다 - ㅁ-; 이번에도 관객들을 아주 농락한다는ㅋ
2469,그럭저럭.. 괜찮은 스릴러..
2470,이야기를 좀 나눈다면 아들을 만날수있을걸세 이말마지막에소름;
2471,전편과는 사뭇다른 스릴을 준다.반전
2472,"예전 심은하 주연드라마 ""M""이 생각나는 이유는 뭘까.."
2473,반전은 전편보다 별로였다 하지만 전체 내용은 굿!
2474,최고다 요 근래에 본 영화중 단연 최고!! 나만 그런가...
2475,끝반전이 감동이다..
2476,1편만큼 대단한 작품입니다.^^ 개봉하시면 꼭보세요
2477,흥미로운 반전이였다. 그러나 뭔가 좀... 껄끄럽다.
2478,인간이이만들어낼수있는 최대한의억지대행진
2479,반전으로 치면 쏘우1이 더 좋았지만 그래도 쏘우2 역시 굿 ㅎ
2480,이남자 옛날에 뉴키즈 멤버였다구만
2481,쏘우1보다 재밌음
2482,딱!!!7점 정도 1보다 못함
2483,억지. 짜증
2484,쏘우 역시 짱임다..ㅋㅋ강력추천!!!!!!대반전~~
2485,폭력의 미학인가..아님 인간의 본성을 다시돌아보는 계기인가
2486,보는방법.범인을 찾을려고 애쓰지마라..
2487,스릴러의 거장
2488,이거개봉안했었넹;;찜질방에서상영했었는뎅;; 오래전에 봤는뎅
2489,쏘우1에 이어 제가 본 영화중 최고임!!
2490,영화 죽입니다 꼭 보삼 반전은 1보다 좀 약하지만 스토리가 죽임
2491,이게 미개봉이었습니까... 꽤나 잔인한
2492,1보단 별로 근데 속편치고 괜찼았다그리고 게임은 더 기묘해졌다
2493,1보단 2가 낫던데..글구mch1999님..그걸 말하면 어떡해요 ㅋ
2494,재밌긴 하지만 1편보단 반전이 약하다
2495,쏘우 1
2496,범인의 오만함이 눈에 거슬렸던 영화~잭바우어가 그립다
2497,억지 반전은 그만... 말이 되야 말이지..
2498,이거 비디오로 나오면 집에서 밤에 불끄고 혼자보기에 딱인 영화
2499,1편은 기절하는줄 알았는데;; 이건별로 범인이 훤하니;;
2500,1편을 봐야 더 짜릿해지는 영화><반전이 압권
2501,재밌었지만.. 1편보단 못하다...
2502,잔인한면도 있지만 반전은 최강입니다. 친구들이랑 다 감탄했음
2503,전작은 아무것도 아닙니다. 당신이 생각하는것 이상의것
2504,역시......전작을 능가하는 후편은 없다는 생각이 듭니다
2505,이거 학교에서 봤는데 굿..!!
2506,재밌긴 재밌었으나 상당히 잔인한듯;; 18세 이하는 보지마시길
2507,1편은 반전빼면 시체...2편은 전개 빼면 시체..! 최고 ^^b
2508,1편 보다는 떨어지는 반전..
2509,너무기대하고 봤다 왠걸 이제 이런스토리 실망이다
2510,쏘우3...가 나올때까지... 모두 착하게 삽시다~ ^^*
2511,후속편은망한다던데.. 이걸 1편만큼재밌음 후회안함 굿. 반전굿
2512,↓밑에 뭐니 -_-개념은 고물상에 팔았니?
2513,스토리상의반전은보통이상이지만
2514,별론데?? 잔인하고
2515,영화 보는 내내 긴박감에 제대로 숨 조차 쉴수 없었다!!
2516,별루...ㅡㅡ
2517,반전
2518,잔인함만을 즐긴다면 좋은영화..
2519,재밌지만 1편이더반전이였던것같아요 2편반전은 알아맞췄거든요
2520,시사회 보고왔다 진짜 끝장이다!!!! 정말 미치도록 재밌다!!!
2521,시스터후드 오브 트래블링 팬츠
2522,절라 잼있음~ㅋㅋㅋ
2523,쏘우1보다는 스토리도 반전도 탄탄한거 같습니다. 좋아좋아
2524,본사람은 왜 가르쳐주는걸까?근데3편나오면재미없겠음
2525,그냥 볼만 했음
2526,괜찮은영화..하지만 너무 기대는 금물..
2527,옛날영화를보는거같은 결말 ㅡㅡ;; 너무억지다
2528,사실기대도안했지만정말쏘우의반전을뒤집을지몰랐다대단한작가!
2529,오랜만의 속편의 기쁨
2530,왜들 그러지....이정도면 훌륭한스토린데...
2531,반전을 알고 봤는데도 그 긴장감은 이루 말할수가 없다
2532,재미는 있고 스릴 있지만 약간은 억측 스러운 ;; 결말..
2533,기대만큼 볼만했다..
2534,첫장면이 압권!!! 자신의 눈에 칼을 ... (~.~) 스릴짱
2535,인간들아 제발좀 반전 말하지 마라. 볼려고 하는데 짜증나
2536,파일구리서다운받아서다봤음 그여자가범인밑으로들어가 일을꾸밈
2537,전작보다는 ........전작이 훨 나음..ㅋ
2538,쏘우1을 보신분이라면 더욱더 재밌고 이해가 잘될껍니다
2539,솔찍히 쬐까. 억지 ㅋㅋㅋㅋ  에잇!
2540,반전에 집착을 해서 억지스러워요.
2541,다운받아봤는데
2542,이거 1편 않보고 보면 재미 떨어집니다 1편 꼭보고 보시구요.
2543,내용 좋습니다. 전작과 비교해도 거의 손색없을정도..
2544,쏘우2 정말재밌습니다!!
2545,상상할수없는반전~~ 3편이 나왔으면좋겠다는.ㅋㅋ
2546,정말 기대한것 보다 역시 쏘우다 라는 소리가 저절로 나와요
2547,1편은 스포당해서 안봤는데
2548,예전에봤는데1편이랑비슷!잔인한 정도나..긴장도나..재밌었음^-^
2549,이번판은 재미있습니다 반전이 새롭고요 확실히 추천합니다
2550,전편보다 스릴 있음 누가 범인인가 말해도 재미있는영화임!
2551,규칙을 지켜라..<--이말을 기억하길.. 최고..
2552,역시 쏘우는 실망시키지 않는군.. 강츄요!!
2553,1편을봐야2편이 이해가가는부분이나옴 볼만한데여전히잔인하네
2554,완전 비추! 1탄에 비해 진짜 오나전 재미없음! 비추비추
2555,깜짝깜짝 놀래키는 공포가 아니라 은근히 전해지는 압박 GOOD!!
2556,심리적 공포 지대임.저상황에서 나라면?생각하면서 보시길.
2557,1편을 먼저봐야 더욱더 재미있음
2558,1편보다 훨씬 재밌다!!
2559,반전 예술 스토리 짱짱 무섭다기보다 잔인하다고나 할까
2560,반전은 괜찮은데... 전작보다 잔인한 장면은 좀 더 있는듯
2561,일편은 다소 억측반전
2562,전편만 못하다. 그냥그래
2563,killingkyo이놈 진짜 싸이코네 그리 살고싶냐?
2564,요즘영화는 전부재탕이구만 2년여전에했던영화를 또재탕하네
2565,대단한 반전! 잔인한 트랩! 최고최고!
2566,완전엄청난반전이다
2567,별루....
2568,1보다 2가 더 재밌던데.
2569,그저반전만을위한영화
2570,확실히 재미있음. ㅋㅋㅋㅋ 강추 들어갑니다
2571,정말 재밌다만.역시 1이 더 인간내면의 심리를 잘 묘사하는것
2572,1편도 억지 반전
2573,대반전!!!! 숨막히는 두뇌싸움 ㅋㅋㅋ
2574,good
2575,의외의 반전. 쏘우3를 기대하며..ㅎㅎ
2576,1편보다 잼있음...지루란 단어를 못느끼게하는영화..
2577,마지막이 정말 없이가 없다 진짜 얘기만했으면 됐는데... ㅋㅋㅋ
2578,뭐 속편이라 그런지 전편보단...ㅋㅋ 그래도 볼만한 영화
2579,조낸 재미따 완전 짱이다 ㅠㅠ
2580,속편은 늘 2% 부족하다..
2581,꼭 1편보고 2편보세요 다시 돌아갈때는....
2582,1편을넘는반전에반전에반전 ㅋㅋ
2583,미안하다..이미봤다.
2584,저 이거 다운받아 봤는데 진짜 재밌음 반전2개!! 강추여!!
2585,시간차 공격을 통한 반전!! 그러나 1편보다 많이 삐걱거린다.
2586,정말반전의최고라는..잔인함이더늘어났지만잘봤구쏘우3도기대
2587,전작보다 못함.
2588,버려
2589,1편을 못봤지만 재밌었던ㅋ
2590,1편이 좀 더...좋았던듯... 그래도 굿이였다는 ^^
2591,1편보단 낫다
2592,반전이 쩜 예상대나 스릴감 100% 쏘우3가 기대된다
2593,재밌어요 ㅋㅋ
2594,괜찮은영화같다.ㅋㅋ
2595,장난하냐 장난해?ㅋㅋㅋㅋㅋ 진짜 재대로 낚이네요
2596,전작의 비해서는아쉽지만 그래도 굿~~
2597,몇달전에 다운받아 봤는데 아직 개봉도 안했네..재밌음~
2598,쏘우1보다는큰 반전이 없다 -_-;;
2599,전편보다 훨씬 낫다 ~!!
2600,반전반전반전
2601,1편이랑 좀 다른것 같지만 그래도 재밌음~
2602,초중반은1편이더잼잇고
2603,전편이나 지금이나 그게그거인듯..
2604,전편이 더 재밌다..- _-그래도 괜찮음.
2605,흠잡을려고 든다면 흠잡을게 너무 많다. 1편 탓인가..
2606,전편을 능가하진 못했찌만 역시나 이번에도 내 심장은 두근두근
2607,잘만든 영화 2프로 부족 9.8
2608,전편보다 못하지만  후속작 치고 이정도면 성공!
2609,절라재밌는데 잔인하고 긴장감도 죽이구..  어둠의경로로 봤음
2610,1편보단 덜이지만 그래도 재밋다 ㅋ
2611,B급 영화를 좋아하신다면 추천
2612,1편보단 아녔지만... 내 나름대로 충격 ; 3편 나오게생겼다
2613,잔인한 폭력성을 빼면 1편보다 훌륭한 영화...
2614,도대체 이런 영화를 어떻게 만들 수 있는지.. 정말 대단하다
2615,에이 찝찝함
2616,전편보다는 섭섭함~~~~ㅋㅋ또한 실망함~~~~
2617,1편만한 2편은 없나보다.그래도 반전을 기대하세염.
2618,쏘우 1보다 진짜 졸라재밌음.반전진짜 졸라 대박이다.ㅠ
2619,전편에비해긴장감이떨어진다.마치에어리언의인물묘사와유사한듯
2620,약한 반전
2621,속편이래서 망하지 않겠는 걸 ^^ 1편만큼 굿~
2622,마지막 5분만 영화
2623,엄청난긴장감과 반전!! 강추
2624,살아가는이유에대한 메세지를전한다. 반전b
2625,난 이미 봤는데ㅋ 보시면 절대 후회하지 않을겁니다 꼭 보세요^^
2626,쏘우의 하드코어적 반전..굿~
2627,전작만 보세요.. ^^ 아쉬우면 더 보시던지...
2628,모야
2629,반전은기대도안했는데. 놀랍다.1편보다 더 재밌는듯.3편나오겠네
2630,재밌는데~
2631,전 12를 다 봤는데요
2632,good
2633,아놔 ㅠㅠㅠ이번것또 끗내줍니다 강추에요 저번것도이은다랄까ㅜ
2634,반전좋아하시는분들만~
2635,설마 3탄까진 나오지 않겠지
2636,별 반개는 없나? 한개도 아깝다
2637,2번째 시리즈에 걸맞는 2개의 반전....! 잔인해서 -1
2638,생각지도 못한....
2639,반전이끝장인영화!!2편보고1편찾아서봤음~짱~
2640,반전~_~ 굿b
2641,2편에서도 뒷통수 제대로 치네요. 너무잔인해서 1점만 깎죠ㅠㅠ
2642,좀끔찍하지만... 정말 재미있다.. 꺄꺄
2643,전편보다 잼있는 영화 올만이네요. 잔인하게 잼있다.ㅋ
2644,으... 잔인의극치... 반전은 좋앗음
2645,반전을 위해 끝없이 달린다. 굿
2646,반전의 반전..범인찾다 영화 끝났다ㅎㅎ
2647,영화 제대로 이해하면 정말 최고로 스릴 넘칩니다.
2648,역시 쏘우의 반전은 기대를 저버리지 않는군.
2649,이영화 중간 까지는 잼있는데 마지막이 허무하게 끝난다는.
2650,1편보다는 반전도 덜하고 그냥 잔인함만 더 추가된...평범한영화
2651,최고의 반전
2652,어떻게 보면최고의 반전. 어떻게 보면 억지 반전
2653,최고의반전!!1편보다.. 재밌네여.!!
2654,1편 우려먹기-3
2655,uzzundam 스포일러 죽여버려 아짱나......기분잡쳤네
2656,약간의 미흡함은 웃어 넘기며 즐길 수 있는 영화.
2657,전작보다 훨씬더 반전만을 생각한 졸작
2658,전편에 버금가는 스토리~ 괜찮네요.
2659,홋..볼만해 시간가는 줄 모르는 박진감.
2660,심리전이 약해진 걸 잔인한 장면으로 대체한 느낌..
2661,1편 못지 않게 좋네요....
2662,1편의골때리면서시원한 반전보다잔인함속에남은허무함이남는
2663,보세요^^ 좀더 잔인하지만 볼만한 가치있는영화!
2664,쏘우1에 이어 2...아..정말 한시도 눈을 땔수없는영화였다!!!!
2665,굿말이필요없습니다 ~교훈도남고조아요
2666,기대많이해도 좋음 ㅋ
2667,심하게 잔인하고 무서운영화!!소름쫙쫙~시나리오잘짯삼
2668,잔인했지만...그래도 아주 짜임새 좋은 스릴러
2669,재밌넹 저예산의 진수
2670,마지막반전 최강! 역시 스릴러는 쏘우입니다~3편 어서 나오길
2671,1편이나 2편이나 몰입력있는
2672,놀라운 반전!살인 동기는 미흡했다.3편 정말 기대된다!
2673,재미있는데 너무잔인하네요..호러수준이네
2674,심지어 나도 게임을 하고싶을 정도로 흥분의 연속인 영화
2675,재미있답니다..전작보다 잔인하고 스릴 넘치는 듯..
2676,전편이나 속편이나 볼만한 영화..
2677,너무기대했던걸까?전편을능가하는속편을기대하는건나의어리석음?
2678,뭔 평점이 너무높다고 말하는거에요! -_-
2679,평점이 너무 높다
2680,큐브보는느낌..잔인한장면만 추가한다고 속편이 되는것은아니다
2681,베리굿
2682,정말대단
2683,속편의 기대를 어느정도 충족시킨영화~~
2684,딱 까놓고말해서 재밌음.ㅋㅋ
2685,전작에 못지않는 속편! 알고보니 감독이 한국영화 스텝을...
2686,어설픈 시리즈는 이제그만.
2687,1편을 벗어나지 못한 내용 전편을 봤다면 기대이하
2688,반전에 반전... 볼만한 속편^^ 3도 나오게 될까나?
2689,영화 자체는 좋지만 전편만한 긴장감이 없는듯
2690,괜찮은 속편~!!
2691,이번에도 범인예측이 가능했지만 1편보다 훨씬 영리해졌다~
2692,베리 굿입니다
2693,스포일러들이 판치는군. ㅡ.ㅡ 허접한 구성.
2694,1편을 꼭 보고 보시길. 미리 범인 말하는넘 이거먹어 ^^ㅗ
2695,내러티브의 설득력 부족으로 몰입도 별로...
2696,1편만은 못 하지만 볼만은함 역시 쏘우 !!! 잔인함 굿 ~~~
2697,별 아이디어없이 전편의 케릭터에만 의존한 졸속속편...
2698,신선함을 잃었다
2699,이 영화는 지대로 끔찍함. 막판 반전!
2700,애들은 가라~ 눈 가리면서 보면 재미없다..
2701,압박이 살아있는 영화다
2702,음.. 치밀한 두뇌구성 다음편 기대된다.
2703,1편이 9점이라면 2편은 4점..
2704,너무 너무 재밌다. 벌써부터 3편이 기대되는구나~
2705,대본의치밀성과잔인성으로치면영화보는내내비명지를만큼대단했다
2706,1편이 더 재밌었다. 잔인도는 2가 더...
2707,조낸무섭다 덜덜
2708,더이상 무슨 말이 필요한가...
2709,전편보다반전더좋고 재미있는영화!
2710,솔직히 말하면 전편보다 덜 놀랏지만.. 최고
2711,↓이 C박섹아. 스포일러 짓좀 그만 해라!!!!!
2712,기대를 안하고 봐서인가 1보다 훨씬 나았다.
2713,일단 봐라
2714,쏘우3을 예고한다는 점
2715,역시나쏘우2도 기대를저버리지않았다!!!!
2716,너무잔인하지만 그래도 반전은 끝내준다..
2717,전작 속편..모두 훌륭하다.진짜 반전이 기막히는 영화~
2718,이런영화 별로다  뒷끝이 찝찝한 영화//
2719,1편2편다봤음뭐속편은다재미없다는생각완전히깨트리게만드는영화
2720,최고다...이말 할려구 나역시 몇년만에 로그인을 햇다
2721,1편보다..괜찮은것 같은데..
2722,1을 보면 2의 범인을 짐작할수 있지만 또다른 반전이 대단하다
2723,전작과 내용자체가 변함이 없다
2724,반전에 잠깐 멈칫 했다.... .
2725,이영화의반전에잠시멍해졌다범인을알고봤지만
2726,1-2둘다 재밌다...
2727,전작의 흥미진진함과 조여오는 스릴감 그런것이 없었다...
2728,말도 안되는 반전 다보고나면 진짜 허탈하다
2729,원작보다 약해약해~
2730,1편보다 약한 반전에...9점...그래도 볼만하당..
2731,전편보다 나은 몰입도
2732,전편보다 반전도 약하고 재미도 조금 떨어진다..딱 6점짜리..
2733,스포일러에게 당하지 않고 본다면 상당히 괜찮은 영화
2734,개인적으로는 2편도 1편 못지않게 잘만들었다
2735,차라리 만들지 말지....
2736,네이버 평점 높아 봤지만 전작보다 반전도 별로고 기대이하~
2737,1편과 똑같음. 조금 더 구역질나는정도. 전혀 매력없음.
2738,지금쏘우2를봤다. 전작을 능가하는 대반전이 숨겨져 있다.
2739,산만한 구성과 웃긴 결말... 전작에 비해 엄청난 실망~~
2740,전율이돋을정도로 최고재밌는영화 초초초강추다..진짜최고다
2741,소름 돋는다
2742,1편못지않게 대반전 ㅋㅋ
2743,이 영화는 오로지 반전만을 위한 영화이다.
2744,사실을 알고봤을때 구성도 어거지 끼워맞추기인거 같고
2745,전편보다 훨씬 구성도 좋고 반전도 두배~ 진짜 잼있네요
2746,어째.....쫌.....-_-
2747,2편을 보고 1편을 한번 더 봤는데.. 역시나 1편이 훨씬!
2748,진짜 잔인함과 반전은 1편 몹지 않다...
2749,전편만한 속편없다더니 전편만한 재미를 보여주었습니다~
2750,정말재밌다~!
2751,훌륭하다 못해
2752,실험영화의 후속작
2753,와 반전끝나 ㅋㅋ 기대를 져버리지 않은 반전b
2754,잔인성을 띄지만 반전은 멋지다.. 전작과 견줄만..아만다..멋져~
2755,전편보다 더 괜찮습니다... 진짜 강추~~!!!
2756,내 삶이 얼마나 소중한지 깨달은 작품
2757,전편보다는약했지만..마지막..부분이압건이죠.
2758,전편의 느낌을 최대한 잘살린듯...
2759,제대로다 이영화 말이 필요없어
2760,전편에 OOO 않는 오싹함
2761,전작보다 못한듯 하진 않지만
2762,스토리는좋은거같은데
2763,반전써논사람 땜시 반전알고봤다ㅗ 그래도 재밌었음
2764,생뚱맞은반전의쏘우1그러나쏘우2는정말철져한복선이깔린반전
2765,쏘우1이10점이라면ㅋㅋ
2766,역시..날 미치게 만든 영화~아아~난 쏘우 팬>ㅂ
2767,3편이 기대되네요 쪼금 잔인하고 킬링타임용으로 좋네요
2768,결국..지하실은 공개되지 않았군요
2769,삶의 대한 욕망과 죽음..... 반전의 또다른 반전!
2770,. 전편보다 반전도 확실히 재밌고 감독이 천재인듯하다.강추!
2771,전작이나 속편이나 둘 다 어중간
2772,3편이 기대되든데 ㅋㅋ
2773,1편을 꼭 보고 봐야하는영화 ㅋ난 저 인형이 참 재수없드라고..
2774,1보다 더 말이 되고 재미있었음. 확실히 잔인하기는 하군요...
2775,전작보다 더 잘만들었다. 근데 너무 잔인하네염
2776,전편보다 재미없다는 편견은버려라!뒷통수맞은듯한 최고의반전!!
2777,속편은 전편에 비해 떨어진다는 속설은 지켜지지 않았다!!
2778,식스센스식 순간반전에 길들여진분들은 전작이 더 좋았을라나...
2779,할배돈도 많아 ㅋㅋㅋㅋ
2780,이런류를 안 좋아해서...( --) 저렇게 무능한 경찰은 첨..
2781,1편보다는 못하지만 재밌다
2782,범인의 대를 이어라 또우 킬투킬
2783,스릴러가 이정도는 돼야지..^^;;
2784,1편보다는 못하지만 나름대로 굿
2785,생각보다 그저 그렇소.... 큰기대않고보는게 좋을듯~
2786,1보다 훨 잔인하다. 반전도 훨씬 떨어진다.
2787,형사는죽어라고말안듣지
2788,보고나서 잠못자긋다....헐
2789,잼있긴한데 따지고보면 억지스러운면이 많다
2790,엄청났다..
2791,토할것 같다.. 아무리 감정의 역치가난무하는시대라지만..
2792,보고나서 기분 더러워지는 영화..
2793,역시 전작만큼.
2794,직소의 뭔지모를 카리스마가 다음편부터 못보는게 아쉬울뿐
2795,1편보다 낫다...
2796,속편은 전편보다 후지다는 전례를 뒤엎다~ 스릴짱~
2797,전작 보다 반전이 좀 약한면이.중반에 그놈 수상하다 했더니
2798,계속되는긴장감스릴은 전편보다더좋은데 화면이너무정신없어
2799,징그럽기도하지만 역시 쏘우의반전!!
2800,3에대한 여운을 남기네...암튼 1도 재밌고 2재밌고..
2801,두번 반전...............긴장타3
2802,전편에 이어 이번에도 기막힌 반전을 보여주는 영화
2803,솔찍히 1탄이 더재밌었다
2804,역시  머리가  복잡하다...........
2805,스토리만 틀릴뿐 1편을 다시본느낌. 1편보단 못하다.
2806,충격과 긴장감이 전편에 미치지는 못한다. 아쉽게도
2807,2편재밌는데 왠지 1편이 구성이 잘맞다고생각되네요
2808,여기서 스포일러쓰는사람 쓰레기다.왜 저렇게 살까 모르겠네.
2809,반전영화 대개 1편보다 못한데..이 영화 상상초월한다.
2810,최고의 반전~1편을능가하는반전 ㅋ굿
2811,숨이 턱 막히는 결말...
2812,하하 토하겠네요...
2813,리워넬이쏘우1
2814,솔직히 이영화 사람의 머리속에서 나온 영화 맞어??정말 대단해
2815,아무도 예상할수 없는 반전..소름이 돋았다..1편보다 더..
2816,1편에 이어 2편도 내용이 괜찮네.. 음 근데 너무 잔인해서 쩝...
2817,이 영화 감독이..1979년1월11일 생이라니..놀랍다...
2818,1편에 비해 실망
2819,말이필요없다..
2820,1편보다 호소력있는 지능적인 2(1편 솔직히 너무 힘들어보여
2821,와 -_- 반전너무한다...
2822,흥행을 위한 동의반복.1편은 참신하기라도 했는데!!
2823,역시 2는 1보다 못하다 -_-ㅋ 그래도 볼만했다
2824,전작에비해 반전은글타쳐도 몰입하면서 보게되는 잼잇는영화
2825,전작보다는 별로...
2826,전작보다 못하지만 그래도 상당히 볼만한 영화~
2827,범인은 여러분 가까이 있습니다.......긴장늦추지마시길.
2828,1편에비해 2%부족한.. 그러나 실망하지않는..
2829,반전이 어디? 지루함이 최고.
2830,이야~마직막 반전이 쥑임~강추~
2831,셀룰러'와 더불어 잘봤으면서도 보는내내 짜증나는 영화
2832,반전을알고봐서뒤통수맞은듯한느낌을 못받았으나긴장감은 최고.
2833,아쉬운점 네티즌 리뷰에 자세하게 써놓았음.그래도 괜찮은편!!
2834,스릴있긴 한데
2835,집에서 스릴있게 재밌게 봤으니 10점. 그리고 밑에 스포~~
2836,차라리 티비 시리즈로 만들면 어떨까?
2837,괸찮았다고봅미다만
2838,본편만한 속편 절대 없습니다.
2839,정말 압권 짱!!! 보고또보고 잼나여 역시나 이번에도 반전!!!
2840,ㅋㅋㅋ 알바의 역습이구만.. 뭐가 죄다 10점이란말이냐~ㅋㅋ
2841,1편꼭보고보시길 최고의 영화!!마니아가 된듯^^ 초강추~~
2842,1편과 완전 다른 영화
2843,영어잘몰라서 어려웠는데 영화본지 몇일이지났지만 계속생각남;
2844,역쉬 쏘우는 머리가 아프당
2845,어디선가 본 듯한 구성의 짜집기. 예상되는 결론들
2846,잔인 하지만 괜찮다 흥행 예감 마지막에 쏘우 3편 암시하고 끝남
2847,1편의 흥행으로 억지로 만든 티가 나는 졸작
2848,전편에 너무 구속 받지 말고 봐라~  참신하다~~
2849,직쏘 후려패는 장면에서 왜이리 가슴이 후련하던지...
2850,2편도 괜찮은 편이라고 생각하는데-_-1편의 참신함이 떨어지지만
2851,너무 큐브와 닮았어
2852,재밌다
2853,1편이 훨씬 재미있음. 실망!!
2854,1편과 완벽하게 전개되는 시나리오 모든것이 연결된다
2855,이해하려 하지말고 상황만 직시해라 . 전율 그이상이다 .
2856,1은 연출력이 돋보였다면 2는 시나리오가 괜찮다.
2857,말이필요없는 영화 몸소 느끼고 전율을 느껴라 !!!강추
2858,올해본 영화중 최고의 영화다
2859,전작과는 또다른 반전. 상상을 깨는 치밀함이 돋보이는 스릴러.
2860,여전히 재수없는 영화.. 100편까지 만들거냐???
2861,구성도 더 풍부해지고 볼만함.전편의반전은 넘 억지스러웠음.
2862,다보여주네..2편으로끝?? 깔끔한 1편이 크게 느껴졌음!!
2863,1편은 신선해서 그냥 모르고 재밌게 봤지만 억지스러운 논리다.
2864,마지막 반전 모두를 예측한 사람이 과연 있을까?
2865,억지반전에 부실한 시나리오 !!
2866,전편보다 못하지만...그래도 강추....
2867,역시 색다른 스릴러....강추~~
2868,마지막에 한방 먹었음..
2869,전편때문에 너무 기대를했나? ㅡ.ㅡ; 반전이 약하다...
2870,영화에 대한 몰입도 훌륭/.
2871,정말 재미있었다..조금 잔인하기는 했지만..
2872,비위 약하신분께 비추~~그렇지만 끝까지 볼만한영화
2873,정말...쏘우 3 기대된다..빨리 나오기를..
2874,그냥 볼만함
2875,1편에 비해 30% 정도 개연성 떨어짐. 3편을 위해 대충 만든 듯
2876,전편보다재미있다?
2877,확실히 전편의 충격에는 못미친다...!
2878,[짱
2879,전작에 못미치는 느슨한 진행.
2880,잔인해~전편이 훨 잼있네요..잔인한거 좋아하신다면강추
2881,평점 진짜 오버되있네 전작의 반에 반도 못따라가는구만
2882,진짜 1편보다 재미있어요
2883,역시 1보다 별로다.반전이 너무 뻔했다.보는내내 짜증났음
2884,반전 짱.. 2편 이 훨재밌네.
2885,후속편이 더 재미있는 영화는 이 영화가 처음이다!
2886,반전이 짱이네요.. 원래 영화는 2가 잼없는 법인데.. 강추!
2887,기대한거 이상으로 재밌음...강추~
2888,3편도 나올것같네요 마지막반전굿
2889,역시! 실망시키지 않는 반전!
2890,요즘본영화중에최고~
2891,오 1보다 나은 속편!! 굳!
2892,한마디로 대박이다 . .이런게 속편
2893,아 이런 반전이...............
2894,RULE을 잘 따르자~
2895,조금 예상한 면도 없지않아 있었지만.. 역시 쏘우의 반전
2896,전편처럼 놀라운 반전...
2897,머리가 아프다.
2898,꼭보세여... 1보다 더 재밌네여...
2899,1의 명성을 이어가는 대작
2900,최고!결말을 예상할 수 없음 맘약한 사람은 왠만하면 보지마시길
2901,쏘우1
2902,1편보다 더 재미있고
2903,다 좋은데 경고하는데 보다가 토할 수도 있음
2904,굿
2905,후 볼만       함....근데 영화한테 놀아났다 아...
2906,시키는 대로 하면 된다 <- 힌트 ㅡ
2907,정말 전편보다 더 재밋음 ㅎㅎ
2908,쏘우1 이상이다.
2909,역시 1편이 낮다 2편은 1편 같은 뒤통수 때리지안트라
2910,전편 만큼이나 재미있네요.꼭보세요.
2911,실망
2912,양들의 침묵 이후로 최고의 시리즈!
2913,오...1편보다 낫네...볼만함
2914,말이 필요없이 최고네요~소름이 확 돋는듯..
2915,간장되고 재미도있지만 너무 잔인합니다
2916,보는내내 무서워 죽겠더라구요..ㅠㅠ 생각치도 못한 반전최고
2917,평점9점에 올라설만한 영화는아닙니다..7점정도..
2918,1편만큼 억지.엉성 하지만 역시 재미는있네요.
2919,친절한 범인.. 인간의 생존본능의 한계는 믿지못하는데 있다
2920,반전을 미리생각지말고 그냥 끌려가는데로...
2921,그저 그런 내용
2922,전편에 버금가는 재미 3편두 기대된다
2923,딱1탄 정도 재미 있었던거 같아요. 1편두 넘재밌게 봐서
2924,잼있습니다. 3편이 기대 되는데요!~
2925,최고다..최고..3편 무진장 기대된다..ㅎㅎㅎ
2926,쏘우2 본사람들 제발 스포일러성 발언은 하지 마시길..
2927,반전이 묘미네요 1편보다 좀더 디테일해진듯
2928,쏘우2 정말 끝내준다!!! 3편이 기대된다!
2929,반전이 없다고 보면됨...기대하지마삼..그냥 볼만함..
2930,1편보고 보삼.....재밋삼...
2931,데렌 린 보스 맨! 명장 되겠네.. 완벽 한 구성! 완전 원츄!
2932,역시 쏘우~~!!!
2933,1편보다 반전이 약하다 다만 억지성을 보강했다.
2934,속편은잼없다는데전혀글치않음 쏘우특유의긴장감과갑갑함굿~
2935,범인의 사이코기질이 심하고 잔혹하기만하여 거부감이든다.
2936,긴장감은 만점 반전은 예상 못했지만 약간 허무한 느낌은 멀까
2937,그다지....1편보단 덜 충격적이다는..잔인하기만 하고
2938,1편에 비해 좀약함. 그러나 역시 볼만하다 3편도 기대하시길.
2939,대박!!!!! 반전을 미리 예상치 말라.......
2940,완전 재밌음!!
2941,보다 박진감 넘치는 jigsaw 게임.. 2005년 제일잼있게본 스릴러
2942,더큰 스케일+더큰 긴장도+알맞은 반전까지.북미에살면서 관람함.
2943,정말잔인한 영화더군여... 하지만 반전도 충분한 영화랍니다.
2944,쏘우2는 이어지는스토리입니다. 전 다른얘기인줄알았는데.볼만함
2945,이번엔반전넣지말고잔인하게가시길
2946,정말 재밌어요~(을거 같음)
2947,내가본 공포 스릴러 영화 중에 제일 좋았던 ^ ^;;
2948,나오지 않았어도 1편에서 느꼈으니.. 2편도 10점!!!
2949,대단한 반전..너무 좋습니다 10점이상 주고 싶습니다.
2950,고어영화매니아임 고어장면은 거의없지만 쏘우2 까진괸찮았었음 그이후로 망함 이상고어영화 매니아 였음
2951,늙은 암환자가 수많은 장비와 트랩을 설치한다는건 .. 현실성 0% 인 영화
2952,녹화였다니. 역시 천재다
2953,사실2는 쏘우 씨리즈중 가장 반전이 강한 씨리즈였다. 이미 그걸 알고 봐서 그런지 예전같은 감흥은 없었지만
2954,감독이 고문관 출신인가...사람 괴롭히는 아이디어가 참신함.
2955,ㅅㅂ 1편 못지않은 개반전
2956,크게 변화한 부분은 없지만 역시 기대를 져버리지 않는 작품
2957,전편을 그대로 따라하기에 급급하다
2958,아직2까진여러모로 좋았다
2959,가볍게 볼만했던 반전.
2960,쏘우2까진 바줄만 했다
2961,1보다는 조금 아쉽네. 그래도 나름 선방했다고 생각한다. 근데 어디서 돌대갈들만 뽑아오네.. 걔중에 한넘은 똑똑해야 겜이 더 재미있을텐데... 3탄부터 재미없다는데.. 어쩔까싶다.
2962,직쏘는 프로게이머네 임요환급 정도 되는듯
2963,말이 필요없다 마지막 반전 ㅎㄷ
2964,직쏘는 뒤에 숨어서 말도 안되는 아집을 미화시켜 변명하는 심술궂은 노친네일 뿐이다
2965,나름 철학적인 면도 있고 반전도 있고 나쁘지 않았지만 또라이 한명땜에 개고생
2966,1편과 2편은 진짜 대박 .. 왕 ..
2967,1편보다 재미가 심하게 없는듯...스릴을 느낄수가 없었다.
2968,스토리 보니까 범인은 이미 직쏘고 그럼 반전은 없지않나.?그냥 탈출하는내용아닌가
2969,내가보기엔 쏘우시리즈중 최악이던데
2970,ㅆㅃ 장난하냐? 사디스트를 위한 영화
2971,이영화 한줄요약: 여자말을 잘듣자
2972,원이고 투고 난 별로.. 크게 반전도 재미없다
2973,전편과 아주 치밀하게 연결되있는 스토리
2974,1편보다 낫다 이건그래도 나중에 반전이랑 처음이랑 맞춰지기라도 하니깐
2975,왜 난 재미가업지;;
2976,쏘우 시리즈 중 1위로 꼽고 싶은 명작
2977,bbnnbbnbbn
2978,이건 좀 볼 만하다. 그래서 2점
2979,한평생이 사춘기인 직쏘옹의 옹졸한 궤변
2980,찍쏘가죽고새로운찍소가등장하네
2981,뽕을 뽑으려는 노력이 가상
2982,명작. 죽기전에 봐야함.
2983,1편못지않은속편
2984,솔직히 쏘우는 2까지는 전설 아닌가?
2985,한 치의 오차도 없는 직쏘의 비현실적 각본
2986,이거까진 괜찮음.. 캬.ㅎ
2987,폐쇄 오락의 재미는 1편보다 업
2988,전편과의 연결고리와 끊임없는 긴장감과 기대를 저버리지 않는  반전 
2989,쏘우시리즈의 마지막 편.
2990,1편 보다는 조금 떨어지지만 역시 실망 시키지는 않는다.
2991,1보단 못하지만 흥미로운전개와 역시나오는반전덕분에 괜찮았음
2992,속편의 법칙을 깬 작품
2993,잘 짜여진 반전
2994,반전만 강한 만큼 잔인함도 강해졌다
2995,2편까지는 명작
2996,개인적으로 1이 더 재밋엇음..
2997,게임의 진행
2998,쏘우 1
2999,잼따
3000,재밌음
3001,쏘우1에 이어 역시 최고의 스릴러반전영화.굿굿
3002,좋아
3003,역시
3004,굳
3005,쏘우시리즈중에 쏘우2가 젤잼는듯 적당히 잔인하고
3006,1
3007,그만 나와라 감독은 쏘우2까지 만족해야했다 ㅡㅡ
3008,이 작품 이후부터 스릴러가 아니라 슬래셔 호러로 전락..
3009,생각보다 괜찮은 속편
3010,마지막에 1편과 2편이 연결되어 있어 무척 신기하였고 재미있었습니다 =)
3011,생각치도 못한 반전
3012,게임 중독자군.
3013,저는 오히려 이게 좋은데???
3014,1편만큼의 임팩트는 아니지만
3015,이것은 자신의삶에반성하라는교훈을준다 어린것들이봐서 뭘알겠나 딴사람이한말만따라하지
3016,볼만합니다.. 킬링타임용으로 함 봐보시는것도.. ㅎㅎ
3017,고어 의존도가 높다.
3018,중딩때 봤는데 최고!!! 충격적이었을 만큼... 완전 재밌다
3019,이건완전재미있음그러다3.4.5는재미없어5완전잔인그러다6부터3D까지재미있어짐
3020,몰입도 반전 긴장감 쏘우시리즈중 당연 최고 잔안함은 조금 아쉬움
3021,이런게 진짜 영화~!!
3022,반전과 기계장치 구경하기
3023,트랩 보는 재미지 머
3024,스토리의 진척도 별로 없고
3025,쏘우가 여기까지 성공했지.. 2가 더 인상깊었다
3026,아만다가 범인. 직쏘가 보여주는거 사실 비디오고 아들은 금고안에 있음
3027,역시쏘우는 볼수록 스릴러있지만 잔인한것좀...
3028,쏘우~역시 최고의 스릴을 보여준 놀라운 작품
3029,쏘우 2편에서 스케일을 너무 키워서 아기자기한 맛은 떨어지지만. 시리즈의 시작
3030,괜찮아요...
3031,1편에 이은 재미도 UP
3032,쏘우답네
3033,볼만..
3034,역시 무슨 말이 필요하냐.. 10점 만점에 당근 10점이지 ^0^
3035,감동의 도가니 너무 재밌음
3036,분위기랑 전개
3037,잔혹하긴 한데 몰입하게 만듬
3038,인형이 본격적으로 나오는 시리즈
3039,감동했다 재밌게 시간가는줄모르고봤다.
3040,1편 보단 못하지만 재밌었다
3041,반전이 최고는아니지만 괜찮은 수준이다.
3042,잘 봤습니다
3043,영화는 그닥이었는데 주는교훈은 좋았다. 삶을더 소중하게 살거같다
3044,괜찮은 속편!
3045,정말스릴만점
3046,아 무서워 ㅠ
3047,간만에 다시보니 1편보다 재밌네.. 쏘우는 딱 여기까지만.
3048,good
3049,죽음을 앞두고서야 비로소 나의 삶에 감사할 수 있다..
3050,2탄도 재미있긴하지만 1탄이 너무 골때렸다
3051,아 짱이다.. 뭐 이리 머리가 좋은거야 이거 만든사람은 ㅋㅋ
3052,배우들 연기 잘하네
3053,재밌었다 좀더 색달랐다 최고임
3054,1편과 달라도 너무 다르다... 영화는 초반부터 스릴러 다웠고 마지막까지 놀랐다
3055,ㄷㄷㄷ 진짜 감독 최고같다...
3056,쏘우 시리즈중..최고...개반전...반전영화계의 족보칸을 늘렸을만큼..파격적!
3057,전편못지않게 재밋지만 이젠 안봐. 사이코물은 정서에 안좋아 난 아름답게살거야 ㅋ
3058,1편보다 반전은 미약하나 전체적으로 스릴러에 충실한 완성도는 올라갔다.
3059,역시 끝내주는 반전!! 쏘우 시리즈 1
3060,반전을 알고봤어 ㅜㅜㅜㅜㅜㅜㅜ
3061,1보다 2가 최고였다.. 나한테는..
3062,이건 정말 재밌었지.
3063,정말 재밌게 봤다. 쏘우 시리즈 중 유일하게 잔인하지 않고 재미도있는 작품
3064,1과 2는 정말 최고인데 나는 2를더 재밌게봄ㅋ
3065,긴장감이 전편보다별로지만
3066,와~~ 반전 맞추기 힘드네;;
3067,약간 지루했는데... 마지막 반정이..역시.. 쏘우다..ㅋ
3068,반전이 아닌 스릴러측면에서는 단연 2다. 이후 반전은 '시스템화'할뿐...
3069,전편의 획기적인 아이디어는 감쇠되는 것이 당연. 그나마 선방한 듯.
3070,징그러
3071,이재볼려고함.
3072,어의없는 반전과 잔인함만 기억에 남는다..
3073,지겹다....
3074,난별로.....
3075,현실감 제로
3076,1편보다 못하다...반전도별로.. 쩝 암튼 아만다가 직쏘~
3077,주사기 씬 여자만 불쌍해서 ㄷㄷ 생각보다 난 별로 .......
3078,잘만들었네요~양들의 침묵보다 낫네
3079,소재가 영~~이런것도 영화인가 ㅋㅋㅋ너무 잔인함
3080,반전을알아서그런지2편이더낳았다고본다
3081,기대했건만극장에서보고 완전실망했었다..반전?우스울따름-_-
3082,쓰레기2
3083,다 좋은데 나중에 경찰들한테 발각안된건 뭡니까 허술하네요
3084,머 8점대 영화는 아닌거 같은데..
3085,미국경찰은 호구냐?집 수사하던 경찰들은 다 어디로 갔나?
3086,녹화방송이였다는 것에 경악했다..
3087,음 작가가 괭장히똑똑한것같네요 장난이아닌데요 . ^^
3088,1편에 비하면 졸작에 가깝다
3089,우씨
3090,1점도 주고싶지 않은 최악의 영화..
3091,전혀 소름이 돋지 않았다.
3092,반전이 약간안좋아
3093,1점도 아까워 쓰레기 영화 보지마삼
3094,흥미진진 하지만 큐브1과 비교한다면 쓰레기다
3095,전별로예유....
3096,1보다2가재미없어요 알바가 활동한다는 의미 주의하시길
3097,쏘우의 반전은 아직 건재하다
3098,쏘우1보다못함
3099,기껏 직쏘 잡았더니 잡지도못하고 무능한 경찰들 ㅉㅉ 개 쓰레기영화
3100,평론가 평점에 비해서 너무 높다 낮추자
3101,왜이렇게 루즈하냐ㅜㅜ 개노잼ㅜㅜㅜㅜ
3102,1편의 감동으로 2편이 개봉하자 1편을 다시보고 바로 극장가서 2편을 봤는데 너무 몰입했는지 문제를 풀었음.. 같이간 사람한테 흥분해서 좀 크게 말했는데 그게 진짜 맞아서 주변에 앉았던 사람들의 갈굼이 아직도 기억남...
3103,전체적 스토리를 보면 상당히 흥미로움. 반전이면 반전 스릴이면 스릴. 다만 좀 잔인하다는 점. 그래도 역시 공포 스릴러로서 만점임. 거기에다가 후속편과의 연결고리이며 전체스토리의 일부로서 파악하고 보면 더 재미있다는...
3104,쏘우2가 1보다 훨씬 괜찮음. 쏘우1이 갑이다라고 하는 인간들은 영화 뉴비들임. ㅋㅋㅋ
3105,이거 뭐 갈수록 잔인해지네
3106,짱짱이군
3107,내게는 너무도 신선했던 영화. 군대에서 봤던 기억이.
3108,반전의반전 재밋게봤음!
3109,쏘우
3110,반전좋다. 3를 기대하게한다.
3111,쏘우1을 본 사람들이라면 반전 예상할듯?
3112,반전도 반전이지만 반전 보다 더 중요한건 정말 교훈적이죠.쏘우를 단지 반전만으로 보지는 말고 각편 마다 주는 교훈이 있으니까 그걸 중심으로 보는거죠.
3113,씨리즈중단연최고는쏘우2지
3114,2부터 존나 잔인해지기 시작..
3115,비추
3116,제임스왕의 1편 빼고는 다 쓰레기
3117,반전또맞췃네
3118,보고싶은데 징그러워서 못보겟어
3119,쏘우는 2가 갑이다. 그리고 여기서 끝냈어야 했다.
