,num,title,content
1,2,근데 뭐하는갤이냐,어차피infp밖에 안올것같은데 
2,18,흐응...,아흐응...
3,19,ㅂㅅ아 존나 안좋은것만 싸놨네,infp도 좋은 점이 잇다고 
4,21,인프피 특 자기가 원할 때 관심받는 거 좋아함,반면 예상치 못한 원치않는 상황에서 관심받으면 정병도짐
5,22,infp의 장점 : 귀엽다, - dc official App
6,24,너 글 쓰는거 보니까 기여움 많이 받았을거 같응데?,귀염성이 있네 
7,25,니들 주기적으로 검사할때마다 똑같이나옴?,난 방금 intp-t 이거나옴 
8,30,infp장점 : 모부성애를 자극하고 보살핌을 잘받음,근거는 없음 근데 내가 그럼 
9,31,난내속마음 속얘기 진실된 내진짜모습을 아는사람은 아무도없다고생각,ㅇㅇ 가족조차도.. 그냥 이건 정신병일수도있는데 단 한 번도 진실된속마음 터논적없음 
10,35,갤매 야붕이네,자짤 어디서 많이 봤다했네
11,37,infp인데 주위에 이유없이 나 엄청좋아하는애 꼭있음,뭘해도 이뻐해주고 귀여워해줌 근데 엄청 친하거나 편한사이는아님
12,39,인팁이랑 인프피 차이가 뭐임?,ㅇㅇ?
13,40,내스펙,20대후반 
14,46,인붕이들아,대학가서 적응 어캐하냥 ㅠ ㅠ ㅠ ㅠ ㅠ ㅠ<U+00A0>
15,47,난 내성격 좋아,낯가리는 찐따지만<U+00A0>
16,49,힘들다...,힘드러...
17,50,infp 장점 : 심성이 착하고 순수하다,근거는 없음 내가 그럼 
18,51,인프피 마갤 발자국,ㅇㅇ
19,52,난 내가 귀여움이나 보살핌을 받는다기보다,내가 남들한테 더 그럼 
20,53,인프피가머냐,ㅇ 
21,60,나는 혼자 섹드립함,나는 좆같은 일 생각날때마다 아 쎅스하고싶다! 이렇개 말하는 버릇 생김 
22,66,인프피가 정신병 제일 많이걸림?,그런거 같던데
23,67,Intp입니다,전머임
24,68,나 infj인데 특이한거?, 별로없는건 확실한듯 
25,72,소심 옹졸 음침,내특징임
26,73,인프피님들 istp엿내요 저,ㅋㅋ..
27,75,ㅁㅌㅊ?,전세계 2퍼래
28,77,나는 나는,infp
29,78,내 결과,10번해도 이것만 나와
30,80,커뮤에 infp intp 많을수밖에없지,게으르고 현실성없는 찐따가 집에서 뭐하겠냐
31,82,이갤 오래 못가 터질듯,갤매부터가 게으르고 우유부단한 인프피인데 ㅋㅋ
32,83,infp가 제일 사회성 제로 병신이면,estj는 사회에서 ㅈㄴ 칭송받겠노
33,84,Mbti바뀔수도 있냐?,나 고딩때 estj인가 나왔는데 지금 infp나옴 ㅋㅋ이거뭐냐
34,85,MBTI 다시해봤습다,
35,88,글 꼬리에 주소 어케담?,이 갤 살리고 싶다
36,89,갱생실패햇서요,흑흑
37,91,검정치마 조휴일 아는사람 ,빼박 infp맞지?
38,92,인프피 존나 싫어,게으르고 시발 안좋은것만 다 모아뒀노 성격을 바꿔야겠다
39,93,Infp는 예술해라 ,무라카미하루키미야자키하야오셰익스피어헤르만헤세팀버튼비요크커트코베인조앤롤링
40,95,나 씹찐따임?,
41,97,인프피 특징 이거맞는가좀봐줘라 내성격임,사람만나면 아저사람괜찮네 저사람 말재밌게하네  
42,98,나 인프피스러운지 판단좀,"과거회상 ㅈㄴ함사람들이 말한거 하나하나에 무슨뜻일지 파악하려하고 날 어떻게 생각하는지 엄청 궁금해함 어쩔땐 관찰도함계획짜는거 자체는 좋아하는데 막상 짤려하면 제대로 못짜고제대로짜도 실행 거의못함친구부탁 거절못하고 맺고끊는거 잘 못하고 감정호소에 약함현실이 너무 슬프고 초라하게 느껴져서 상상속의 또 다른 나를 만들어서 망상 ㅈㄴ함집중 잘 못함주변의식 ㅈㄴ하고 눈치 엄청봄미래에대한 걱정많음이거해야지 저거해야지 해놓고는 실행하는거 거의없고 실행했다쳐도 얼마못감외우는거 잘함빡치면 눈물부터 나옴옷이나 연예인한테 관심많고 노래듣는거 영화,드라마,예능 좋아함누가 잘해주면 친해졌다 생각하고 ㅈㄴ인싸되는 상상함ㅂㄹ안친한 사람있을땐 조용한데 친한애들이랑은 장난도 겁나치고 텐션 겁나높아짐감정이입잘함"
43,99,스키장알바 신청해봤다,최근에 자격증따려다가 두번떨어지니깐 우울하고 셀프디스하면서<U+00A0>힘들었는데살도빼고 커뮤니케이션 능력도 올리고싶어서 스키장알바 신청해봤어나도 인프피인데 과연 괜찮아질까? 만약 뽑힌다면 사람들이 날 싫어하지않을까?<U+00A0>귀찮다고 생각하지않을까?
44,103,infp인데 사람들이entp으로자주보더라,infp 4w3 sp/so인데 어떨것같냐 
45,104,enfp가 infp보다는 훨낫냐?,둘다 망상많이하고 혼자만의시간 필요하다던데
46,105,♡귀염둥이 infp들 하이룽♡,그중 귀염둥 넘버원 와쪄염 뿌잉 
47,106,인프피들 그림그려봐,생각이나 감정 정리 안될때머릿속에서 폭발할것같을때그림그려봐잘그리지 않아도ㅇㅇ배운적없어도 ㅇㅇ그냥 머릿속에있든손으로그리든 뭘보고그리든그리다보면 안정되고<U+00A0><U+00A0>잼씀
48,107,아 죽고싶다..,좋아하는여자한테 페메보냈는데.. 
49,111,뭐가다른거임,infp 계속나오다가 이번에 한번 하니까 intp나왔는데둘의 차이가 뭐임??
50,112,이거 알아두면 매일매일 돈벌수 있겠네,
51,116,인프피끼리 연애...,사랑했다 ㄱㅎ야... 
52,118,인프피인데 주로 여자들한테 귀엽다는 칭찬을 많이듣는다,그니까 할말없어서 귀엽다는 그런거말고 
53,119,Infp특징.,"자꾸 문학질함.소설,시같은거 계속 씀"
54,120,와 INFP,
55,121,인프피들 Enfp 어떻게 생각하냐,궁금
56,122,인프피특) 커엽다...,커여워 
57,124,인프피 특징,ESTJ<U+00A0><U+00A0>엄청좋아함
58,127,인프피 특징,컴퓨터 공학을 좋아함대부분의 인프피들은 거의 해커 수준
59,128,인프피 단점) 걸레 아님?,난 남잔데 걸레처럼 살아옴... 
60,129,인프피는 걸레라기보다는 걸레가 되고싶은거 아님?,내심 걸레로 살고싶지만 무서워서 못하겠는 
61,130,귀이루,귀염둥이들 하이루라는 뜻임 
62,131,모든 여자들에게 친절하게 대함,그러다보면 먼저 다가오는경우가 있는데 
63,132,인프피중에 모솔이 많은가..?,흠 
64,136,Infp 한명 밖에 없냐?,?지금 나 세명 떠올리는중인데?
65,137,안좋은 습관 전부가 인프피라 그런건 아니지않을까?,ㅋㅋ...
66,138,infp가 이거 말하는거?,잇츠 미? 
67,139,뭐임 이 찐따갤은,이상한거 신봉하노 빡머갈들
68,140,infp가 봐도 infp는 귀엽다,너희들 미치도록 귀엽고 
69,141,와 인싸새끼들 찐따인척 하더니 금요일 밤에 조용한거 보소,인싸새끼들 찐따인 척 기만하고 놀다가 불금 즐기는 중??ㅅㅂ 
70,143,성격 바꾸고 싶다,특히 다른건 몰라도 피해의식다른 인붕이들도 그런지 모르겠는데 난 피해의식 진짜 심해서 힘들다친한 사람 있으면 좀 괜찮은데 나 혼자면 쓸데없는 상상 너무 많이하는거 같아..
71,144,인프피특) 꿈을 정말 많이꿈,기억력이 좋음.. 
72,147,ho!님 등장,ho!님 퇴장
73,149,오랜만에 검사돌림...,흠... 언제나 처음부터 난 인프피엿다 
74,150,내가 이상적이라고 생각하는거로 mbti 돌려봄...,
75,151,내가너무 미워,자기주장도 못하고 혼자끙끙 앓다가 내주장도 내세우지못하는내가너무 병신같아내의견을 말하면 상대방이 나에게 실망할거같고 날더 좋게보지않을거같고 더이상 나와의 관계를 끊을거같고그냥 가만히있는게 답인거같은데 나 자신이 너무한심하고 멍청한거같아나 이대로 살아도되는걸까?
76,152,난 수줍음 안타고 자기주장 확실한데,왜 인프피가 쳐나옴 
77,155,안녕 인프피들아,난 ENTP란다 
78,156,내가 인프피 나온거보고 친구들이 의외라고함,전부 entp 예상했대 
79,157,이딴갤러리도잇네,반갑다 글 대강보니까 여기애들 다 나같구나 
80,158,인프피특,심성은 착한편인데 판단에 도덕성이 없고 줏대가없음 
81,159,인프피애들은 빨리 안락사시켜야함,도덕성이 결여됏는데 소심하고 쫄보라 범죄못저지르는애들임 
82,160,아 인프피애들 살면서 무시해도됨,혼자 생각은 많을수 잇는대 
83,161,인프피 대학생활특 ,입학전애는 인싸될생각에 설레고 새터 오티 엠티 이런거 가서 어떻게행동할지 시뮬레이션 엄청함 
84,163,인프피 불닭복음면 먹었다,인프피 맵다인프피들 매운거 좋아해?
85,164,갤주가 바뀌었나요?,음..
86,165,Infp들은 정병 고위험군 아니냐,병원 가서 검사해봐라 
87,166,친구나 연인이 서로 인프피면 어케됨?,개답답함? 
88,168,인프피특 잘나가는 상상함,존나 관종인데 눈치 많이봄 
89,169,인프피 좆같은 부분 많이 올려주세요,<U+2764> 
90,170,인프피 특,후회많이함 = 아 그때 그렇게 할껄 / 그렇게하지 말걸과거 트라우마가<U+00A0>끊임없이 남 그리고 자책함사건사고 일어나면 내탓인지 생각함사람과 마음터놓고 대화를 못함 날 이용해 먹으려는거같음좋은 이미지 얻으려고 호의적임 나쁘게 보이면 날 싫어할까봐사람과 친해지면 텐션업됨 허나 과해져 친구를 잃을때가 있음나 너무 병신같아<U+00A0>성격을 조금이라도 바꿔보고싶어서 스키장알바신청했다는사람인데아직도 걱정이 태반이다기댈곳이필요해<U+00A0>
91,172,인프피 특이아닐수도있습니다,찐 특 일수도 있음
92,174,인프피들 볼따구 깨물어주고싶다,너무 귀여워서 볼따구를 깨물어주다못해 
93,178,인프피특)1달 넘게 남은 대학원 면접 벌써부터 걱정하는 중,말 좆같이 못해서
94,180,여기 뭐하는데야,ㅇㅇ 
95,181,인프피 머리하러간다,인프피 성공할 수 있게인프피들이 기도해 주라
96,184,"여러분 ""임상심리"" 갤러리 오픈했어요 ㅎㅎ",놀러오세용  
97,187,근데 이거 궁합 맞는거같나염?,저 istp인데 님들 제가 시름?아니면 이거 연애궁합같은건가
98,189,인프피 머리 잘됐다,인프피 기분좋다인프피틀 응원해줘서 고맙다
99,192,여교사들도 몸 좋은 남학생 좋아하더라 ㄹㅇ,중딩때 키 작고 운동 안했을때는 여교사들이랑 안친했는데 고딩때 키 크고 운동하니까 여교사년들이랑 ㅈㄴ 친해짐 고1때 담임 가슴 엉덩이 ㅈㄴ 크고 말랑말랑 부드러웠는데 은근히 만져도 오히려 가슴 엉덩이 가깝게 다가오더라 여교사들이 엄청 연약하고 여성스러워서 남자다운걸 좋아함 
100,194,인프피특),일요일에 디시하는 너희들 
101,197,ㅎㅇ,
102,198,인프피특,섹스하고싶다
103,200,infp는 남한테 나쁜 짓 안해,음침하지만 가장 착한 사람들임  
104,201,니들도 음악 좋아하니?,infp도 종종나오는 intp인데 방구석에서 좋아하는 음악만 듣고 살다 가면 행복할듯.. 
105,202,인프피들이 좋아할만한 노래,"문턱은 넘어서면 어지러워. 내게 편한 나의 경계선이어서. 심장만 어지럽혀 치워둔 쓸모없는 감정은 먼지 덮여. 여길 벗어나면 죽음. 익숙한 슬픔보다 낯선 행복이 더 싫어서, 걸음 버린 나... 헌신발이 될까만 겁이나. 세상, 세월, 사람 날 꺾어 신어서. 잊고 있어. 문 앞에 수북이 쌓인 신문과 고지서처럼 나와 상관없는 세상의 생각, 요구들 내 앞에 늘어놓지 마. This is my home. Leave me alone. 여기만은 들어오지 마. 이젠 눈물 없이도 운다. 그저 숨 쉬듯이 또 운다. 집이 되어버린 슬픔을 한 걸음 벗어나려 해도 문턱에서 운다. 나도 모르게 운다. 내게 행복할 자격 있을까? 난 왜 얕은 상처 속에도 깊이 빠져있을까? 사는 건 누구에게나 화살세례지만 나만 왜 마음에 달라붙은 과녁이 클까? 감정이 극과 극 달리고, 걸음 느린 난 뒤떨어져 숨 막히고 내 맘을 못 쥐어. 세상을 놓쳐. 몇 걸음 위 행복인데 스스로 한단씩 계단을 높여. 누구에겐 두려운 일 하지만 내겐 웃음보다 자연스러운 일. 사람이 운다는 것은 참을수록 길게 내뱉게만 되는 그저 그런 숨 같은 일. Let me breathe. 슬픔이 내 집이잖아. 머물래 난, 제자리에. 잠시 행복 속으로 외출해도 반드시 귀가할 마음인 걸 이젠 알기에. 이젠 눈물 없이도 운다. 그저 숨 쉬듯이 또 운다. 집이 되어버린 슬픔을 한 걸음 벗어나려 해도 문턱에서 운다. 나도 모르게 운다. 집이 되어버린 내 슬픔 속에 그댈. 집이 되어버린 내 슬픔 속에 그댈 초대해도 될까? 이젠 눈물 없이도 운다. 그저 숨 쉬듯이 또 운다. 집이 되어버린 슬픔을 한 걸음 벗어나려 해도 문턱에서 운다. 나도 모르게 운다. "
106,203,너네 라디오헤드 아냐,내가 요즘 좋아하는 밴드인데 보컬이 infp같애 
107,204,인프피들이 좋아할만한 노래2, - dc official App
108,205,인프피 특,가만두면 정말 순하고 남한테 피해안주는 편인데 
109,207,니들 예술적인 취미있냐,예를들면 기타친다던지 그림을 그리던지 
110,209,인프피특,글보고 부들부들대면서 욕달아놓고는 
111,210,나 피아노 어렸을때부터 성인될때까지 쳤는데 재능좆도없음,재능은 커녕 남들보다도 더 뒤떨어짐 
112,211,얘들아 설사에 글루타민 이거 효괴좋다,어느정도냐면 바로 치질걸릴정도임 
113,212,너네재밋게본영화가뭐냐,비슷한애들이니까 취향이맞을거같다 
114,213,인프피 식성 특,단거 존나 좋아함 
115,215,인프피특,
116,218,Infp인데 시이나링고 ㅈㄴ좋아함,재능으로따지면 여자가수중에서 내마음속 원탑임
117,220,인프피 특,해야할일이 있는데오늘도 미뤄버림..ㅋ
118,223,인프피특,검정치마 좋아함
119,225,인프피특,"목걸이, 팔찌 좋아함금속 악세사리도 좋아하고 크리스탈이나 원석 악세사리도 좋아함"
120,226,인프피 갤러 특,그냥 자기들 특인데 인프피 특이라고 올림ㅋㅋㅋ 
121,227,인프피스러운 노래 추천한다,세이수미- out of bed검정치마 -fig from franceBuilt to spill- hazy천재노창 -lotta kissesMy bloody valentine- when you sleepcatpower- the greatest
122,228,♡오늘도평화로운인프피갤러리♡,다른갤에서눈썩다가여기서귀염둥이인프피들보고힐링하고간다 
123,230,너희도 밤에 노래들으면서 자?,나는 피아노 노래로만 들면서 자<U+00A0>가사있는 노래 들으면 꼭 들어야할거같아서 못자겠어 일어나라고 소리치는거같거든메이플스토리 브금 피아노 버전이랑<U+00A0>클래식 피아노 버전<U+00A0>아니면 잔잔한 피아노 이런거 검색해서 들음
124,231,지금 듣는 노래,우로코
125,232,infp 특,특 특특특 틱 틱틱틱 특특 틱틱 후라이팬 놀이 
126,235,너무 우울해서 사라지고싶어,그냥 사라질바엔 차라리다른 사람을 구하고 대신 사라지는걸 상상해그럼 잠시라도 사람들이 나를 좋게 기억해줄테니까..잊혀지겠지만
127,237,니네 mbti하면 곧죽어도 인프피만 나와?,난 enfp isfp intp 나와봄
128,239,팅팅탱탱,후라이팬 노리
129,240,찰리 채플린도 Infp였겠지?, - dc official App
130,243,인프피여자 두명만나봄,참고로 나도 씹씹인프피 
131,244,갤럼 가족들 성격 어떰?,따로 mbti해본건 아닌데 우리 가족은 전부 인프피이거나 아니라도 인프피에 엄청 가까운 성격임 갤럼들은 어떰? 
132,247,야이새끼들아속보,나 infp인줄알았더니 오늘 테스트해보니까 isfp나옴 
133,248,먼데이게,왜 댓글다름 
134,250,인프피가 뭔데,뭔 또 개씨발 좆이돌이름은 아니겠지 설마?
135,251,인하,혼자가 좋은데 외로운게 싫은 인프피 하이 
136,252,사회 부적응자 갤러리라고 이름 바꿔주세요,부정할 수 없는 현실이야
137,253,i = 찐따 아님?,i중에 윾쾌한 사람 있나?
138,254,흔드르라아 흔드르라제,우흥우흥
139,255,나 intp인데 infp랑 다른점이 뭐냐,ㅇㅇ 
140,256,갤바,잘있어 인피머시기들아
141,257,나씨발 예전에는 enfp였는데,하도 쳐맞고 살다보니 infp로 바뀌었음
142,258,인프피는 좆찐따 사이코패스새끼들이 틀림없다,내가 인프피거든
143,260,돈많은 찐따는 봤는데 잘생긴 찐따는 못봤음,외모>>>>돈인듯
144,261,인프피가 잔다르크형이야?,10년째 잔다르크형임 
145,264,여기 뭐하는 갤이야,인프피가뭐야 
146,266,별 갤러리가 다잇노,mbti는 걍 재미삼아 보는거지 
147,267,개 병신같은데,그짓말하지마  
148,268,잔다르크특)좆찐따임,아니면 내가 좆찐따일리가 없음
149,271,인프피는 중재를 해야지,본인 중재왕 인프피인데좀 찐따같은거 사실인데 잘살고있음
150,275,INFP 보면 꼭 약점에 현실감각 없다고 지적하는데,현실이 너무 차갑고 잔인하게만 느껴지는걸 어떻게 해 씨발그냥 안락사 시켜줘
151,276,인프피 중 아무것도 안맞네,
152,277,측정어께함??,ㅇㅅㅇ 
153,278,찐따 입갤,찐따는 몇명이 모여도 찐따일 뿐
154,280,공갤에서 왔는데 인원수 252명 커염누,ㅋㅋㅋ
155,282,난 ISFP네,
156,285,INFP가 얼마나 살기 고달프냐면 말이지,모든 mbti 유형중에 유일하게 서바이벌 가이드북 이딴게 출판되는 유형임그냥 좆됐다고 생각하고 살자
157,286,조커도 인프피야?,웃음나오고 그러는거
158,288,인프피 애니캐릭터,
159,290,노무현,Infp
160,291,아니 수호자라며,용감함이랑 난 거리가 먼데
161,294,신병 받아라,
162,297,인프피갤 갤주로 아서 플랙을,히스레저 잭 니콜슨<U+00A0>조커가 esfp라면<U+00A0>호아킨 조커는<U+00A0>infp라는 것이 세간의 평가
163,299,shangus,d
164,300,님들 저두 INFP-A 임다.,
165,301,그러니까 INFP만 거르면 된다는거지?,여기 전부 INFP네5분동안 즐거웠어다들 행복해라
166,302,내가 초등학교때만 해도 세상의 소금형이였는데,자라면서 infp-a 됨<U+00A0>
167,303,인프피특,인간관계 어려움
168,305,인프피 특,정신병자
169,307,나도 검사해봤는데,ISFJ A로 나옴 
170,308,검사 여러번 해도 인프피에서 벗어난 적이 없음,인프피로 살기 싫어어억 
171,310,이 갤 발견한 기념으로 mbti 또해봤는데,또 인프피네<U+00A0>질문 까먹을 정도로 오래되면 한번씩 하는데 매번 인프피 뜨는거 보면<U+00A0>그냥 인프피가 맞나보다<U+00A0>
172,312,검사한번 해봤음,
173,313,infp 특,ㅇㅇ
174,317,야 infp 는 뭐해먹고사냐,직업을 가질수나있음? 
175,318,인프피가 에니어그램 7w8 나올 수 있냐,난 엔프피인건가 근데 난 집구석에 있는게 제일 좋은데
176,319,다시해봄,
177,320,저 부매주삼,
178,322,야이 엔프피새끼들아,아무리 엠생찐따여도 자기관리 좀만 노력하면 사람들 잘 만나고 직장도 갖고 사회생활도 잘 할수있다여기서 징징댈시간에 나가서 옷도 사고 운동이라도 좀 해
179,328,infp가 착하긴 착한데,너무 자신을 숨기니깐 물개성임 할얘기가 없음그리고 대화하다 툭툭 튀어나오는 한두마디가 소름끼치고 무서움그래서 내가 친구가 없음 ^오^
180,331,인프피는 연애하기에 최악임,망상 의심 끝판왕ㅋㅋ
181,334,일년전에 반반인프피였는데 극단적인프피됨,
182,335,adhd갤에서 왔습니다,방가방가 ㅎㅎ 
183,336,인프피가 개찐따구나,
184,337,나 두번했는데 이거떴어,
185,338,Infp가 착하다기 보다는,갈등을 일으키는 걸 싫어해서 웬만하면 넘들 맞춰주고 존나 가만히 입 처닫고 있으니까 그렇게 보이는 거 아니냐 정신병 걸려서 폭발하지만 않으면 사회적으로 문제 될 만한 일은 없으니까 나쁜 건 아니지만
186,339,인프피쟝 성격 스타일 테스트해봤어,100인거 꽤 많네 
187,340,여기 왜 mbti갤 연관 갤러리로 안 둠,홍보효과 좋을텐데
188,345,성격테스트 결과,100인거 되게 많네
189,346,인프피가 정신병걸린애들이 왜 많어??,진짜 정신병 걸리기 쉬운유형이야?물론 나도 조울증이지만; 
190,347,우울증 걸리면 어떤느낌임,치킨도 못먹을 정도로 입맛없어짐? 
191,348,성격테스트 왜 난 영어로 나오지ㅜㅜ,문항은 한글이었는데 결과는 영어...
192,350,최고의 mbti뭐임,쓰레기같은 특성없고 좋은거만있는 성격유형뭐임
193,351,한국인 mbti 성격유형 분포 통계,Istj 왤케 압도적으로 많은거; 
194,352,국내자학 갤러리 다 됐네,근데 하는 게 나은 거 같긴 함자신감 넘치는 infp들 보면이불킥할 뻘짓을 멈추질 못하더라고
195,353,클라나드 본 사람있냐?,재밌게봄 
196,356,동귀어진할꺼, - dc official App
197,357,결과나옴ㅇㅇ,ㅇㅇ 
198,358,여기 한글로 쳐도 들어올수 있게 좀 해줘,영어로 치기 넘 귀찮
199,359,겨드랑이 냄새 맡는 중,킁가킁가 음 스멜 
200,362,가끔은 내가 우울한걸 즐기는건가 싶기도해,내가 일부러 더 우울할려고 부정적인 생각을 하나 싶을정도로 한번 우울한 생각에 빠지면 너무 깊게 들어가서 내가 우울을 즐기는가 싶기도 해 근데 너무 힘들어 너네도 그렇냐..ㅠ
201,363,내 성격테스트 결과,내가 정신분열증이였어? 
202,364,성격테스트 ㅁㅌㅊ,ㅅㅌㅊ? 
203,365,니들 애니어그램 뭐나오냐,나는 4w5 sp/so 나온다 
204,367,인프피 성격테스트,
205,368,애니어그램 해봤는데 나 결과좀 봐줘 애드라,"이렇게 나오면, 그냥 6이야?4w5 이런건 모야?"
206,369,너네가 intp가 되지못한이유는 뭐냐,왜 t가 아닌 f냐intp는 머리좋대
207,370,인프피특,이런 글 보고 헐레벌떡 달려옴
208,372,성격 스타일 검사 해봄,
209,373,인프피특,아이폰 씀ㅋㅋㅋㅋㅋㅋㅋㅋㅋㅋㅋㅋ
210,374,성격스타일 검사 ㅁㅌㅊ,100%가 무려 6가지 
211,375,성격테스트,
212,376,인프피 운동하면좋던데,뭔가 삶에 활력이 생김규칙적으로 밖에 나가야하고 열심히 운동하고 뿌듯한채로 맨날샤워하니까
213,377,인프피특,평소에 말없고 무리에 잘못낌  
214,378,성격검사 ㅅㅌㅊ?,갓뎀
215,379,나도 해봤는데 이거 안 좋은 건가? 많이?,너무 이거만 있는 거 같아서 좀 미안하지만...
216,380,인프피 -a 특,
217,382,ho!님도 해봤다,어때?
218,385,선찯순,빼빼로 
219,387,인프피든ㅂ엔팊이든먼상관이냐,계속자기비하해서달라지는게머가잇음그냥인정하고자기개발하면서살면되지않나 
220,389,infp뷰지들은 답없더,집착존나심함 ㅅㅂintp냄져(본인임)만큼 연애할게 못되는덧
221,391,인프피 = 거지.jpg,통계가 증명
222,392,인프피 편지,
223,395,다 도와주고싶어하는것도 인프피특이야?,내가 아는 범위에서 그냥 다른사람들이 해결 못하고있는 문제나 모르는 단어들 보면 다 알려주고싶음 이런거 알려주는게 뭐가귀찮지? 라는생각 많이 함
224,396,좋아하는여자가있어서 빼빼로줄려했는데,용기가안났어...ㅣ 
225,398,너네들 조용하면서 고집불통임??,?
226,400,인프피 인티피 애들이 커뮤 젤 많이한대,음-침
227,401,검사 첨해봤는데,intp나옴 근데 3번째에 t들어가는 유형 조금씩 다 갖춘듯 
228,404,인프피스러운 연예인이나 유명인 목록좀... txt,"니들이 생각하는 인프피 이미지가 어떤건지 보게,, "
229,406,울 강쥐랑 이마 맞대고 이마 부비기 하려다가 서로 꿍햇다,우리 강지 아야! 햇겟당 어떡행 
230,407,인프피 연예인,
231,410,내가 한 검사들,
232,413,인붕이치고 꾸미는거 아예관심없는 인붕이 없지않나,인붕이특) 아니노.. 
233,415,인프피 벗어나고싶어서 최대한 다른게 나오게끔 선택했는데,도 인프피야 ㅡㅡ
234,419,자연인이 아니라 그저그냥 자연이고싶음,안그럼? 
235,420,인프피 남자들 남페미 존나많냐?,극혐
236,421,인프피 찐따갤러리인 이유.real,본인 찐따와 인싸를 오가던 정체성 불분명한 인간인데찐따일땐 인프피나오고 인싸일땐 인티제나옴ㄹㅇㅍㅌ ㅂㅂㅂㄱ지금은 정체성을 찾아서 인프제나옴여기 찐따모임임
237,422,인프피가 뭔데,찐따들 모임인가? 갤 광고 오지게 하던데 
238,423,우왕 찐따다,INFP-T 나옴
239,424,예은아 미안한데 페미는 아니지? 확실히 해줘,솔직하게 얘기하면 돼.니가 페미인데 아니라고 해서 내가 남아봤자 너나 나나 똑같이 상처받는거잖아.만약 너가 페미라고 말해도 다른 사람들에게 말하거나 여기가 페미갤이라고<U+00A0>퍼트리는 그런 짓은 하지 않을거야.단지 나는 내가 이 갤에 있음으로 해서 다른 사람에게 상처주고 받고 싶지 않을 뿐이야.솔직하게 말해줄 수 있겠니?
240,425,여기 뭐 임펠타운같은거냐?,
241,426,자연인상태에서는 infp 한참 일에 꽂혔을땐 intp,로나오더라 i점수도 낮아짐 
242,428,홍보왔길래 검사하고옴,어 음<U+00A0>
243,429,시발 속았네,검사할때 '와 INFP! 잘 안나오는데 ~' 기름칠에 속아서 좋은 타입인줄 아랏더니 평균수입 ㅈ망에 찐따에 커뮤충에 페미까지 낀 성격타입이었나 
244,431,현실감각은 나이먹어도 안생겨짐,ㅅㄱ
245,432,저는 이거나왓서요,레데리2 플레이어인데 갤질하는데 어떤사람이 와서 링크올려두고가서 테스트햇는데 이거나옴 ㅎ 
246,433,광고하지마세요,디지기시르면ㅇ
247,435,념에 인프피는 자신감넘치면 안된다는 말 씹인정,이말은 ㄹㄹ 인프피만 알아들을듯ㅋㅋㅋㅋㅋㅋㅋㅋㅋㅋㅋㅋㅋㅋㅋ
248,436,INFP 특) 본인 MBTI 유형 존나 관심 많음,다른 유형 애들은 자기가 뭐 나왔는지 기억도 못함자기 MBTI 정확히 기억하고 특징 나열하는<U+00A0>연놈들은 죄다 INFP였엌ㅋㅋㅋㅋㅋㅋㅋㅋㅋㅋㅋㅋㅋㅋㅋㅋㅋㅋㅋㅋㅋ
249,437,소액이나 무료로 mbti? gksmsqjqdjqt음?,? 
250,438,나 예전에 대학생때 교수님이 MBTI 유형별로 팀나눴음,우리 INFP조 다들 정말 좋았는데.다들 좋은사람들이었어.팀플 할때는 그 어느팀보다도 유대감 쩔었고술도 같이 마시고 속깊은 얘기도 하고 그랬었는데.성적도 잘나왔었음.물론 지금은 서로 연락이 잘 안되긴하지만 재밌었어.
251,442,갤 주인쟝님께,여성분이라면 저랑 사귀어주세요 찡-긋
252,443,찐따들구경 존잼ㅋㅋ,너네들보다 조금 더 나은 isfp는 찐따놈들 비웃다간당~ㅃ2 
253,444,인프피는 혼자있는 시간을 없애라,혼자있으면 생각 하게 되고 생각하면 우울한생각도 하게 되고 그러면 그 우울한거에 사로잡혀서 걔속 그 우울한생각을 깊게 하게 되니까 인프피는 그냥 매일 쳐 나가서 놀던가 집에서 있더라도 뭐 피아노를 치든 책을 읽든 아무것도 안하는 시간을 없애라 그럼 자살하고 싶은 생각은 좀 줄어드는듯 ㅠ
254,445,이거 검사어캐하는대여 ㅡㅡ,
255,446,검사 어케하는데여ㅡㅡ 말투부터가 좆찐땈ㅋㅋㅋ,캬컄캬ㅑ캬컄ㅋㅋㅋㅋㅋㅋ 
256,447,이거 찐따 맛져??,
257,450,인프피 안좋은 성격이야?,왜?.. 
258,452,인프피가 잘하는 것,주식 
259,453,예술 안하는 인프피도 있냐,재능 있건 말건
260,454,괴테 좋아하는 넘 없냐,젊은 베르테르의 슬픔이랑 파우스트 인생책.. 베르테르는 나 같더라
261,455,안뇽 갤첨와봄,mbti좋아해서 닉도 일케지었는데 ㅋㅋ 인프피들 사는거 비슷비슷한거보면 참 신기해
262,457,인싸년들 솔까 하나도 안부러움,ㅋㅋ혼자못잇고 혼자 잇으면 안절부절 못해사 죽을라하고 남눈치나보면서 사회틀에 지를 끼워맞추고 자기는 없는게 
263,458,INTP로 변함,몇 년전에 INFP였는데 다시하니까 바뀜근데 INTP 읽어보니까 재수없는 내성향 같음.......
264,460,임프피평균, - shirasaka koume
265,462,공상적기질이 공부방해할 때,어떻게 해야하냐? 난 수학 문제를 풀 때 멍 때리다가 딴생각으로 빠져서 쉬운문제도 숫자를 잘못봐서 틀린다거나 하거든 어떻게 해야하냐??
266,463,진짜 infp는 커뮤니티 하면 안된다,특히 디시 일베 같은 염세주의적 커뮤니티는 더더욱. 가뜩이나 이상과 현실의 괴리 때문에 염세주의적 기질을 타고나는데 자학과 비난 부정적인 사고만이 난무하는 디시같은거 하면 더더욱 부정적으로 되는것같음. 
267,464,확실히 infp가 비난에 약한듯,친구랑 겜하다 안좋은 소리 들으면 바로 기분 확 꺼짐
268,465,이것도 infp 특이냐?,같은 또래들이 넌 좀 동생같은 느낌이라고 자주 그러더라. 항상 날 전담하는 친구가 한명씩은 꼭 붙어있다.근데 솔직히 본인도 자각할정도로 좀 띨띨함. 어리숙한 느낌이있음.
269,466,그럼 내 테스트 결과에 부정적특성이 높게 나타난게,디씨를 10년이나 해서?
270,467,약간 시나리오 이런거 구상해본적 있지않냐?,난 나중에 부업으로 웹툰 스토리 작가 해볼라구 망상해서 상상해놓은 시나리오 몇게 핸드폰 메모에 적어놓고 가지고있음 ㅋㅋ
271,468,몽상가가 뭐야?,망상이랑 비슷한 건가 잘 이해가 안돼
272,469,애들아 긍정적으로 살자,infp가 무슨 찐따 성격이니 도태됐니 어쩌니 하지만 infp 성격가지고도<U+00A0><U+00A0>잘나고 잘먹고 잘 사는 사람들 엄청많고 결국은 하기 나름이다. 여기 개념글 보면 infp비하 하는 글 밖에 없던데 사실 infp의 치명적인약점은 부정적인 사고라고 생각함. 이상을 꿈꾸는게 현실감 없는 일이라 하더라도 그걸 추구하는 사람들이 멋지다고 생각해. 긍정적인 사고만이 infp 성격의 단점을 가장 넓게 커버칠 수 있는 길이다.  자꾸 저런글 보고 나쁜 생각만하고일찍이 포기하고 안된다고 생각하니깐 안되는거지 긍정적으로 소소하고 행복하게 살자
273,470,에니어그램 해봤어요,
274,471,infp가 진짜 언어능력이 좀 되나?,딴건 모르겠는데 일본어랑 영어는 진짜 술술배워지더라
275,475,너넨 혼자 있는게 조음?,누구랑 같이 지내는 것보다?
276,476,아이유는 infp가 맞을까?,헷갈려
277,477,솔직히 혼자인거 너무 편해,남한테 민폐끼칠일 없어서 너무 좋아 친구관계 뜸해지니까 이렇게 맘편할수가 없음ㅎ 이제 다시 사회활동 활발히 해야하는데 지금까지 열심히 히키생활한게 정말 그리워질것같아
278,478,인터넷 좀 많이 줄여야겠다,부정적인거 잘옮고 현실도피용으로 중독도 잘되는<U+00A0>infp특성상 좋을게 거의 없는것같아 (특히 디시나 유튜브 롤같은채팅험한게임 같은거)스맛폰보급되던시기가 사춘기라 그때부터 폰으로인터넷하고 컴게임에 너무 빠져서 점점 우울해지고<U+00A0>생각도 짧아지고 부정적이게됨 ㅠㅠ그전까진<U+00A0>뭘해도 깔깔웃고 책도많이읽고 그랬었는데 언제 이꼴됐데..암튼 난 이글쓰고 디시 거의 안올려고<U+00A0> 잘살자 애정하는인프피들아!
279,482,난 내성적이진 않는데,낯가림이 엄청심해. 안친한 사람에게는 엄청다르게 행동하게 되더라.말투랑 성격이런게 싹다 바뀌고 다가가기가 힘들어. 근데 친한애들끼리만 있으면 엄청 까불고 활달하다. 욕도 많오하고 드립도 술술나옴. 모르는 사람에게 하면 쪽팔린 일도아무렇지 않게 할 수 있고.검사해보면 infp만 주구장창나오는데 나도 내 성격은 잘 모르겠음.너희둘 중에도 이런애 있냐?
280,485,에고그램 맨날 이딴거만 나옴,이거 아니면 칙칙한 인생 타입ㅋㅋㅋㅋ 맨날 이따위로 나와서 다르게도 해보려고 무조건 극단으로 대답하거나 해봐도 죄다 비슷함
281,486,성격 속이려 해본적 있냐?,옛날에 성격좋다 싶은 애 기억해뒀다가 따라해본적 있는데 넘모 피곤하드라
282,487,infp 중에 대물있음?,남자이고 씹 infp 인데<U+00A0>고추 좀 크기가 작거든<U+00A0>옛날부터 여성적이라는 소리도 좀 많이 듣고 살았고 ㅠㅠ혹시 여성호르몬이 많이 나와서 그런가 그래서 내 고추도 좀 작은건가 하는 생각이 불현듯 들어서 물어봄 ㅋㅋ님들중에 대물있음?<U+00A0>참고로 게이 아님<U+00A0>
283,488,국내정병갤러리,우리 인프피 화이팅 
284,490, 긍정적으로 살라고 글썼던 갤러인데,
285,493,인프피가 인터넷 커뮤니티에 많다지만,"그만큼 인프피가 인터넷 커뮤니티에서 악영향을 받기도 하는 것 같음밑에도 커뮤니티나 게임 등에서 괜히 안좋은 말 들으면하루종일 기분 시무룩한다 그런 글들 있는데요즘들어서 인터넷 커뮤니티만 보면 분조장에 익명성 믿고 나대는 새끼 인성 씹창난 새끼 염세주의자에 허구한날 우울감에만 빠져 사는 새끼 등등이 너무 활개치는 기분사회 분위기가 갈 수록 팍팍해지는 것도 어쩔 수 없다지만그리고내가 도덕적으로 완벽하고 선한 사람은 결코 아니지만오프라인에서는 다들 멀쩡히 살아가면서 온라인이 지닌 특성을 이용해 실제로는 내뱉지도 못할 말로키보드쌈박질하는 꼴을 지켜보면 당사자가 아니더라도환멸감만 생기고 회의감에 젖게됨인프피가 유독 감정에 예민한 유형이라고 한다... 예민하고 타고난 성격을 억지로 뜯어고칠 수는 없지만적어도 건강하지 못한 면이 팽배해있는 곳에서 눌러앉아 있느니네가 좋아하는 활동을 하면서 건전하고 예쁜 걸 가까이 하도록 하자 나는 일개 아싸새끼이지만 사람 구경을 좋아해서 일부러번화가나 한강 공원에 나가고는 한다... 사람과 특별한 교류를 하는건 아니지만그냥 이어폰으로 내가 좋아하는 음악 듣고 걷기만 해도하루가 충분히 꽉 찼다는 느낌이 든다안 그러면 우울해굳이 이런 공간이 아니더라도 너희들을 안아줄 수 있는 것들은사람이 아니더라도 동물, 풍경, 여행, 독서, 운동 등 하다못해 댓글 창을 보지 않고 네가 좋아하는 유튜브 영상을 보는 등소소한 취미는 얼마든지 많다여긴 뭐 인프피끼리 모인 데니 공동의 유대감이라도 있겠지만 커뮤니티 특성상 어쩔 수 없음"
286,495,인프피 문제점,평판에 누구보다 신경쓰는데 보통 평판이 안좋음
287,497,집중력을 요할때 다른 사람은 혼내면 정신차림,인프피는 혼내면 ‘내가 왜 그랬지? 내가 뭘 했어야 이 실수를 안했을까? 뭘 어떻게 해야 같은 실수를 안할 수 있을까?’ 머릿속에서 무한궤도 돌리다가 또 실수함
288,498,니네 카톡 읽씹에 예민하냐,인프피 특징이 유독 사소한 행동이나 별거 아닌 거 확대해석한다는 말을 들었다... 
289,500,디시위키 infp 문서 들가보니까 설명 잘 되있더라,https://wiki.dcinside.com/wiki/INFP같은 infp들이 쓴 썰도 많고 ㅇㅇ
290,501,너네 애고그램 해바,나랑 비슷한애들 여기 많을듯  http://egogramtest.kr 
291,503,갤 있는것도 존나 인프피답다,ESTJ갤은 영원히안생길듯
292,507,인프피의 연애는 ENFJ를 찾아야한다,외모는 좀 되서 연애는 많이 했지만
293,508,다시해봤는데도 이렇게 나온다,에반디요...
294,509,왜 인프피들은 주변의 평판이 안좋은거야?,왜??ㅠㅜ
295,510,난 INTP랑 번갈아 나오던디,TP FP했갈리면 어캐 해야하냐
296,512,궁금하는거 검색하는게 그렇게 이상한가,지나가다가 새끼고양이 보면
297,513,여긴 INFP 이외는 안받나,글자 하나 차인데 뭐 차이임?
298,514,니들도 계획짜는거 극혐하냐,다니던 직장에서 원래 특정 라인이 행사 계획 짜는 일 도맡아 하는 전통이 있었는데
299,515,아이유는 intp랴,https://m.cafe.naver.com/mbticafe/212046아이유 유형추측글임
300,516,성격 스타일 테스트 결과 - 복합적 성격 스타일,특히 경계성 편집적 인격 분열적이 높게 나왔네
301,518,난 에고그램 같이 결과물이 남 비난 헐 뜯는 좆같은 거 안 해 먹어,난 그거 한번 하고 나니까 짜증 나서 더는 안 하고 싶은데그거 계속 테스트 하는 인간들은 마조히스트인가?뭐 그런 결과물을 보고 계속하고 그러지?비난 받는 게 그렇게 좋은가?
302,519,에초에 에고그램은 심리학계에서 유사과학취급 받는거임,아무 신빙설없고 혈액형 성격롬처럼 근거가 없음. 소설가들 캐릭터 만들 때나 참고한다더라
303,521,Mbti 유사과학일뿐인데 이렇게 집착하는게,인프피라는 증거임<U+00A0>
304,524,"왕관앤포 전,원,일,기 진짜 인생곡이다",특히 후반부에가 백미
305,525,너네 직업이나 전공 뭐임??,난 디자인함
306,528,견습으로 디자인회사 가서 디자인 했지만,느리다는 소리 듣고요즘에 스피드 시대니까 빠른 걸 원하지 라고 하더라참 사는 게 왜 이리 힘들까?차라리 태어나지 않았으면 더 좋았을 텐데
307,530,나도 지능 테스트해봄,에반데요
308,531,갤 흥하네,내향성 갤러리랑 비교되네 
309,533,MBTI갤보다 리젠 빠른거 실화냐,이래도 유사과학입니까?
310,534,개설된지 1주일도 안됐었네;;,어쩐지 글리젠에 비해 너무 글이 적더라. 곧있으면 흥갤도 가겠네
311,535,여기가 mbti갤보다 활성화되면,여길 본 mbti갤로 삼아야지 ㅎㅎ
312,536,인프피가 그나마 찐중에 제일 귀엽다더라,나도 ‘이새끼랑 일하면 진짜 개빡치는데 화는 못내겠는게 귀여운 맛이 있다’는 평 많이 들었음
313,537,infp가 귀여운 이유가,좀 어리숙한 면이 있어서 그런것 같음 나도 동생같다는 말을 자주 듣는다
314,538,야 1주일 됀갤이 글이 440개면,하루에 글이 60개 넘개씩 올라왔다는건데 ㄹㅇ 흥갤 가겠네 ㄷㄷ
315,539,난 이제 나이 들어서 동생 같다는 말이 싫어,차라리 어른 대접해 줬으면 하는 바람이 있어물론 동안 소리는 좋아하지만
316,540,시끄러운 술집이나 사람 많은 거리 존나싫다,세상의 소음이 없는 한강같이 사람 많아도 조용한 데가 좋아
317,541,난 좋고 싫고 이런 게 분명한데 결정할 때는 우유부단하고,뭔가 복합적이야 ㅋ
318,542,귀엽다는 소리 그만 좀 들었으면 좋겠다 지겨워,귀엽다는 소리 들을 때마다 속으로귀엽다는 소리 하지 말고차라리 가만히 있어 달라고외치고 있음
319,543,뭐야 난 귀엽단소리 못들어봄,다들 커여운가보네 난 한번도못들어봤는데
320,544,MBTI는 유사과학일지도 모른다,하지만 INFP만은 아니다
321,545,T랑 A의 차이가 뭐냐,난 T인데 뭔가 많이 다른가??
322,546,많이들은말 : 귀엽다/이상하다/특이하다/조신하다,예쁘다ㅎ
323,547,인프피는 나잇값을 잘못함,정신세계는 성숙한 면도 있는데 현실적으로 사회 통념에서 바라는 나잇값은 잘 못하는듯.. 약간 덜 됐어 사람이
324,550,난 중딩때 담배 피우라는 소리들었다,좀 펴서 얼굴좀 삭히래.
325,551,많이 들은 말,채팅 할때는 말도 재밌게 하고 씹인싸인줄 알았는데 막상 만나니 눈을 왜 못 마주치냐
326,553,INFP의 사랑,네가 나를 사랑한다는건 알겠는데네가 나를 사랑하지 않는 것 같아
327,555,Infp 애들은 대체 뭐길래,갤 개설 일주일만에 이렇게 똘똘 뭉치냐? 진짜 인터넷 커뮤니티를 안하는게 좋은 유형인데 가장 커뮤니티를 많이하네;; 무섭다..
328,557,INFP끼리 사귀면 어케됨?,우유부단해서 못사귀나?
329,558,여기 다 남자지?,그치.??
330,560,[빨간 글씨 주의] 고백은 정확히 데이트로 따로 불러 낼 수 있고,더 이상 친구로서의 미적지근한 관계가 아닐 때 선언하는 거지통보긴 한데 가장 아름다운 통보지마음이 빨갛게 익어오르는 아름다운 통보♥ 꺄!
331,565,"난나중에 스토리,시나리오작가 꼭해보고싶음",불안정한 직업이니 본업으로 삼고싶진않고 부업으로 하고싶음. 생각해둔 스토리도 거의 완결까지 플롯 다짜놓음 ㅋㅋㅋ
332,568,갈등 좋아하는 infp있냐,인프피특)갈등 싫어함 맞냐난 댓글창에서 시비걸리는 경우래봤자 진짜 가끔가다 혼자 발작버튼 눌려서 \'그런 말은 좀 아니지않냐\'이러고 씹선비질했다가 씹선비 꺼지라고 뚜들겨맞고 댓삭튀하는경우 종종 있었음이젠 그런댓글 아예 안달음ㅎ혐오표현 한번도 입에 댄적 없음 그런 말을 한번이라도 하면 안될거같음 근데 커뮤 관음질은 종종함인터넷하는건 좋아해서 괜히 여기저기 싸돌아다니고 서치하다가 싫은말 나쁜말 보고나선 혼자 개속상해짐
333,569,엄마 나랑 비슷할줄알았더니 esfj였음,이거 한번 해보라니깐 눈아프다면서 다 하긴 해놓고 결과보니까 길다면서 안보더라ㅋㅋㅋ 우리엄마 너무 멘탈이 튼튼해... 인싸 엄마 부러워
334,573,같은 I보단 E같은 인싸성격이랑 잘 맞는 거 같음,상호보완이 가능 먼저 말 꺼내긴 어렵지만 말 붙여주면 대화가 원활하게 된다는 것도 한 몫
335,575,Infp특징중에 가장 공감됬던게,신념 확실하고 그 신념 공격받이 싫어하는거 ㄹㅇ 씹공감.  내<U+00A0><U+00A0>신념과 상반되는 말하면 은근스레 반박하게됨.소심해서 적극적으로는 못하고..
336,576,난 랜선 intj에게 일방적인 끊김 당해서 이젠 T유형하고,안 친해질 거야공감하는 성향이 아닐 뿐더러은근히 날 거슬리게 하는 게 있어
337,578,니네도 의심많은 성격이냐,친구든 연인이든 뭔가 진심같지 않고 불안하고 의심하는ㄱ머리로는 아닌거 알겠는데 가슴으론 자꾸 그럼
338,579,아주 가끔 enfp나 infj나 isfp 뜰때도 있음,하지만 거의 대부분 infp-t뜨더라 a나온적은 없음..셋째자리 t는 죽어도 안나옴ㅋㅋㅋ
339,582,intp 지들은 마음의 스위치 on off 할 수 있다고 하는데,난 할 수 없어항상 on이라서사실상 스위치가 없는 거나 마찬가지지
340,583,난 가끔 intp도 뜨는데,Intp에서 공감가는 내용도 좀 있더라 근데 베이스는 infp인것 같긴함
341,584,진짜 친하면 계속 친하고 싶긴함,대학가면 서먹하게 될 거라 생각하니 진짜 서운하긴함 ㅠㅠ 그래도 내가 싫어졌다면 별 수 없이 포기하긴한다. 계속 집착하면 있던 정도 떨어질까봐 ㅠ ㅠ
342,585,J가 강하면 보통 어떤 성격이야?,직설적이겠지?
343,586,인프피 나만의 언어가 있는거 좆같음 ,이거 인식되기시작하면서 더 피곤해짐 사회생활시작하고는 그들언어에 맞춰주거나 그냥 포기하거나 둘다 피곤
344,587,여기는 갤이 활발하네,mbti 갤 보다가 왔는데 놀랐다
345,588,오늘 한 mbti 무료 검사다 결과는 당연히 infp-t,
346,589,근데 infp 뒤에 붙는,-T랑 -A는 뭔 뜻이야? 맨날 T밖에 안나와봤음
347,590,너네 가장 힘든유형이 머냐,ESTJ 미만잡?
348,591,신경선이 뭐야,?? 찾아보니깐 사람 이름밖에 안나와..
349,592,[홍매색 글씨 주의] 사랑에 빠지고 싶다,고백해서숨겨 왔던 수줍은 빨간 마음을바깥으로 표출하고 싶어
350,593,[주황색 글씨 주의] 난 여자친구랑 카페에 앉아서,노을 빛 내 맘을 실어 보낼게와 같은 추상적인 얘기로 가득 쌓고 싶어
351,594,infp와 entp는 사이 어떤거같음,ㅜㅜ요즘 썸타는데 흑
352,596,infp라 그런가? 노래를 들으면 노래와 가사에 심취하게 돼,여자친구 오늘부터 우리는 들을 때'저 바람에 노을 빛 내 맘을 실어 보낼게 그리운 마음이 모여서 내리는'이 부분 들으면왜 노을 빛이 그리운 마음인지 알겠더라구마치 노을지는 갈대밭으로 옮겨 간 느낌이야
353,597,난 Infp여서 제일 힘든 게 망상과 의미부여임,인간관계든 연애든 말이나 행동 하나하나에 의미부여하게 됨
354,599,존나 INFP스럽지않냐,
355,601,힝,오늘도 실천을 못했다
356,603,Infp가 오해를 많이 하는 편인가?,감정 잘 캐치하고 그 상황의 기류를 잘 파악한다고 생각했는데
357,604,infp에 AB형이다,흠..
358,605,인프피특,머리에 비해 성적이 안나오고
359,607,근데 내가 하는 생각들이 망상이란걸 mbti때문에 알았어,다들 이런 생각하는 줄 알았지 ㅎㅎ;
360,608,어떻게 istj랑 연애할 생각을 했지,처음엔 너무 다정했는데 성격 차이로 멀어진듯
361,611,mbti따위보다 사주가훨씬정확함,사람논하는걸로 
362,612,INFP-T 나오는 애들한테 주는 꿀팁.txt,T = turbulent어떤 빡대가리가 신중형이라 번역했는지 모르겠는데신중형이 아니라 멘탈이 약하고 자아가 불안정한 유형임INFP-T = 정신병
363,613,졸업작퓸 팀장맡는 애들잇냐,내가 무슨용기인지 아무도 안할거같아서 그냥 내가 한다고 핵는데 
364,616,얘드라 사랑해,쪽쪽
365,617,아니 우리는 왜그렇게 성격이 비슷해?,진짜 19년 살면서 이제껏 봐왔던 사람들이랑 엄마 아빠 형보다도 니들이 더 나랑 생각하는게 비슷한듯
366,618,나는 하나에 집중에서 의미부여 해서 화나는 데까지 몇 초도 안 걸려,그야 말로 1초 마그마 샘솟음이야
367,619,너네 생각보다 리더 역할 잘 맡지 않음?,조장이나 이런게 생각보다 마음 편함아무도 안하니까 내가 쥐어잡아야함 ㅅㅂ
368,620,난 애착유형 검사 하면 불안형과 회피형 나옴,안정형은 죽어도 안 나옴역시 내가 가져도 불안하고 막상 다 믿지 못해
369,621,사람눈은 진짜 못마주치겟더라,특히 한국인 눈은 진짜 힘듬 
370,623,대학 새내기때 성격 바꿔보고 싶어서 이것저것 다했는데,그냥 아싸로 사는게 가장 천성인걸 알게됨 시발
371,625,엄마한테 가끔 돌연변이 같다는 소리 듣는다,그냥 평소엔 잘 지내다가 좋은 자식인데
372,626,에니어그램 존나 심오하다,"에니어 그램은 총 9가지로 나뉨1번(완벽주의자)2번 (돕고자 하는 사람)3번 (성취하는 사람)4번 (예술가)5번 (탐구자)6번 (충실하는 사람)7번 (열정적인 사람)8번 (도전하는 사람 )9번 ( 평화주의자 )2,3,4,번 - 가슴형5,6,7 번 - 머리형8.9.1 번 - 장형 (본능욕구?정도로 이해하면됨)1W2 이런식으로 W뒤에 붙는건 날개라고 하고그성격을 끌어다쓴다고 보면된다예를들면 1W2면 1번 성격의 갈망을 채우기위해 2번성격을 전략적도구로 끌어다쓴다 라고 이해를하면되 1번성격을 이루기위해 2번을 이용한다정도?좆문가라 어떻게 설명해야하는지 몰겠네 그냥 대충 이렇게 이해해날개는 어떻게 아냐??? 내 유형 양옆에 있는숫자중 더 높은게 날개야아주 간단해 내가 4번이면 양옆에 숫자가 3번 혹은 5번이겠지??? 3번이 5번보다 높으면 4W3 5번이 3번보다높으면 4W5그럼 7번이면 양옆에 8번하고,6번이겠지???? 8번이 6번보다 높으면 7W8 6번이 8번보다 높으면 7W6이되는거야날개는 꼭 양옆에 번호중 더 가까운성격을 말하는거야 4번성격인데 날개가 7번일수가 없는거야 날개가 7번이되려면 6번성격이나 8번성격이 되야가능하지트라이 타입이라는게 있어2,3,4,번 - 가슴형5,6,7 번 - 머리형8.9.1 번 - 장형이렇게 나뉜다고 했지???각각 가슴형 머리형 장형중 높은걸 하나씩 뽑는거야가슴형중에서 2번이 가장높아 머리형중에서 6번이 가장높아 장형중에 8번이 가장높아그럼 트라이 타입은 2-6-8 이 되는거지날개뒤에 붙는 하위욕구란게 또있어1) SP 자기 보존 본능 :<U+00A0>집에 있기를 좋아하는 가정적인 사람으로서 삶의 단순한 즐거움을 추구한다2) SX 성적 본능 :<U+00A0>자신과 짝을 이룰 수 있는 파트너를 구하고, 신비주의적이고 종교적인 구석이 있다3) SO 사회적 본능 :<U+00A0>특별히 많은 사람들과 그룹을 이루어 어울리기를 좋아한다.검사해서 가장높게 나오는것이 1차<U+00A0>2번째 나오는것이 2차야 조합을하면SP/SOSP/SXSX/SPSX/SOSO/SPSO/SX이렇게 6가지 경우의수가 나옴"
373,628,인프피인걸 자랑스러워해라,이만한 예술가 유형이 없긔^^세상의 소금같은 존재라 이말이야~~^^니네 같은 애들 덕분에 문화 예술이 발전하는 아니겠노??^^삭막하고 현실적인 estj 같은 유형만 있으면 재미 없귛ㅎㅎㅎㅎㅎㅎㅎㅎㅎㅎㅎㅎㅎㅎㅎ
374,630,너네 4차원이라는 얘기 많이 들어?,난 많이듣는데 이것도 인피프랑 관련이있나?가끔 아무도 안웃는 이상한 포인트에서 터지고 술 안먹었는데 술취한 사람 같단 소리 많이 들어
375,631,나 미술 하고 싶었는데,어릴땐 상도 받고 지역대표같은걸로도 대회나가고 했는데 중급식때 이후로 내가 재능없다는걸 알게되고 그 이후로 그냥 공부하고 있는데 그때가 너무 행복했어 미대 가고싶다
376,633,Infp 특중에 공감안가는게,야심이 없다는거. 난 겁나 야심가임 돈 겁나많이 벌고 사업하고싶어. 그리고 돈도 겁나 아끼는 편이고 어렸을때부터 경제 관념 좋았음. 진로도 경제학과
377,634,근데 정신과 간다고 성격이 변해?,내가 조울증같은게 인프피 특성이라며 근데 정신과 간다고 그게 나아져? 이번달안에 정신과 가보려는데 효과가 있을까
378,635,인프단점 어캐 이겨내야할까,뭐든 용두사미로 흐지부지 되는거 그거 어떻게든 고쳐야하는데 어캐해야할까
379,637,내가 인프피 제일 장점이라고 생각하는 거 ,
380,638,이짤 infp가 만들었을 것 같음,아 ㅋㅋㅋㅋㅋㅋㅋㅋ
381,639,나는 좀 충동적인게 있음,평소에는 겁쟁이라서 봉통 고민만하다 안하는데 어떨 때는 갑자기 필 받아서 급 발진함 원래 영화관 잘 안가는데 새벽에 갑자기 필받아서 혼자 영화 보러간 적 있음 조커
382,640,저도 infp인데요.,님들이랑 섞이기 싫어요. 아무리 생각해도 여기 있는 사람들이랑 저랑은 mbti빼고 같은 점이 별로 없는 걸요.저랑 님들이랑 너무 달라서 섞이기 싫다는 게 아니고그냥 싫어요. 사실 구라예요.
383,641,솔직히 인프피 성격ㅂㄹ지않나,10점만점에 2점
384,642,생김새는 귀여움이랑 거리먼데,겹단소리많이듣지 너네?
385,643,글쓰는 건 자신있는데 말은 왜 이다지도 어려울까,혀도 짧고 어눌하고..
386,645,기숙사살면서 매번룸메들한테듣는말,밖에 안나가요? 
387,647,밖에 나가는건 좋아하는데 혼자 다니는걸 좋아함 ,ㅠㅠ 
388,648,해주고 싶은 말 ,사람들은 생각보다 서로에게 관심이 없으니 ‘나를 업신여기면 어쩌지’하고 고민하지 말자 네가 잘못했다 해도 중범죄같은게 아닌 이상 별거 아닌 일이고 다 잊혀진다 별거 아닌 사소한 행동과 말을 확대해석하지도 말고 오해를 만들지 말자한마디 한마디에 의미부여를 하면 피곤하다 
389,650,infp인 나도 다중지능검사 해 봤다,ㅈㄱㄴ
390,651,아ㅋㅋ 글쭉쭉 내리면서 보다가,나랑비슷한사람들 너무많아서 기분 개좆같아졌다 
391,652,와 infp갤이 있었구나,"왠지 있을 것 같아서 쳐봤더니 진짜 있었네ㅋㅋㅋㅋㅋ비슷한 사람들이라 생각하니까 마음 편하다, 자주 와야지"
392,653,재키와이 좋아하는데 갤매가 ㅋㅋ,가사 철학적이고 좋아? 
393,654,이게 뭐냐?,쓰발럼들아 뭐길래 와틀갤에 글을 남겨
394,655,인프피가 뭐임? 정신병임?,뭐 우울증 대인기피증 그런거냐  
395,656,개웃기네 별게 다있어,ㅋㅋㅋ
396,657,infp가 사회쓰레기 그런거냐?,istp는 뭐냐?
397,658,공지 mbti인가 그거 해봤는데,일케 나왔는데 머임 입갤각이냐
398,659,인프피들운 착하잔아 다들,그치
399,660,infp t도 있고 a도 있던데 먼 차이냐,난 a 나왔는데 뭔 차이가 있음?
400,661,나 이거 나왔는데 어떰??,
401,662,여긴 뭐하는데임?,공지에 있는거 한번 해봤는데 뭐 성격 검사같은건가? 
402,663,아니 근데 니들 내향적 왤케 높냐,나도 평소에 엄청 내향적이라고 생각하면서 살았는데<U+00A0><U+00A0>51 나오던데 80<U+00A0><U+00A0>90 이런 애들은 뭐임
403,664,인프피 망상하느라 잠을 못잔다,인프피 자고 싶은데 망상이 멈추지 않는다다른 인프피들도 그래?
404,666,하스스톤 전장때문에 이틀간 쓰레기같이 살았어..,어제도 새벽5시까지하고 오늘도..자고 일어나면 삭제하구 하지말자.. 시간낭비자나..이렇게 사니까 더 우울해지잖아 나자신아.. ㅜㅜ힘들다고 다 내팽개치면 달라지고싶어도 그럴수 없잖니..늦었으니까 푹 자고 일어나서 맛있는 밥 먹구다시 한번 일어서보자. 하려고 하면 잘 하잖아.힘내
405,668,여기 갤은 특유의 또라이들이 많아서 너무 좋다,본인 intp인데 가끔 infp나옴 
406,670,MBTI 논리적 사색가,재밌네 이거 
407,671,Infp a 의 성격 ,
408,672,Infp인데 공대-제조업 사무직 크리 탔음ㅋㅋ,예술쪽 고등학교 다니다가 수능 ㅈ망하고
409,674,행복할 때라고 느끼는 건 언제야?,나는 주위사람들한테 사랑받고외로울 틈 없이 그 사람들이랑 붙어있을 때가장 행복했던 것 같음
410,675,아침에 안일어나는직업 뭐잇음,누워있는직업이라던가
411,676,두번다 intp나왓는데,
412,677,Infp인데 애착유형 불안형이기까지 함,인간관계 너무 힘들어
413,678,infp가뭔데 그렇게 난리임?,나도 infp나왔는데왜 이거만 마이너갤러리 있는거인?
414,679,좀 자기가 특별하다고 느끼는 유형맞음?,세상사람들 그냥 다 비슷비슷한<U+00A0>사람들임<U+00A0>특별하다고 생각 ㄴ ㄴ
415,680,학교에서 성격검사시켜서 했는데 이거나와서 요즘에 관심잇게 알아보는데,하기싫은거 죽어도 못하겠는게 이 성격이라서임? 급식때 지각비로 10만원 뜯긴것도? 학고맞은것도? 자기주장 약한것도? 그냥 내가 ㅂㅅ이라서 아님? 지금 이런걸로 망상개조지는것도 이것 때문인건가 근데이거 과학적인것도 아니잖아 피그말리온효과 뭐 이런거같은데 진지하게 생각할필요 없는듯
416,681,INFP들이 자기 특별하다고 느끼는거 ㄹㅇ인게,내가 이거 3%밖에 없는 유형이라면서 특별해했음^^
417,682,난 내가 성인adhd인줄 알았는데infp때문?,집중을 잘 못하고 좀 산만한 경향이 있음
418,683,F넘들 다들 왜 그렇게 피곤하게 사냐?,지나가던 intp인데 어짜피 비슷한 자발적 아싸에 혼자만 있어도 별로 사는데 지장 없는데 항상 레이더 풀가동 모드로 지내는 이유를 잘 모르겠다.그러려니 하는 마음가짐을 디폴트로 가지면 대부분의 외작 스트레스 요인은 사라짐.느끼는건데 사고방식 같은건 nf보다 nt가 본인한테 편한듯. 왜 그 머냐 감정변화의 역치를 높게 잡거나 정상치 이외 입력값을 차단시키면 살면서 감정적으로 스트레스 받을 일은 크게 없는듯.뭐 가끔씩 차단이고 나발이고 외부자극이 몰아치는 경우엔 어쩔수 없고 내가 스트레스의 요인인것도 어쩔수 없음 ㅎㅎ.아무튼 칭구들 힘내라.
419,684,INFP특징,정신병자임 
420,685,니들은 종합심리검사 받아봤냐,"예전에 받아봤더니""너 님은 편집증과 정신분열증을 강박적 사고(논리 집착)랑 우울감(나름대로 객관화)을 이용해서 통제하고 계심 ㅇㅇ""라는 걸 듣고 내가 intp가 아니라 infp인 걸 깨달았음"
421,686,할때마다 intp나 infp 계속바뀜,infp로 점점 바뀌어가는듯 
422,688,Intj나왔는데 이건 어떤 거임?,
423,689,어쩔 수 없군 인프피갤이지만 디씨 엠생 분위기 묻혀서,다른 디씨갤과 별반 차이를 못 느끼겠어
424,691,너희 아침에 잘 일어나는 편이냐,난 그게 죽어도 안돼서 일상생활에 아주 큰 지장을 주고 있음.. 
425,693,상대가 나를 싫어하는게 무서움 ,그래서 최대한 착하게 행동하고 조심히 말하는데 
426,696,내가 intj갤 신청넣었을땐 안해주더니 ㅡㅡ,Infp갤은 해주노
427,697,인프피 특,남 고민은 정말 잘 들어주고 따뜻한데내 고민은 털어놓지도 못하고 해결도 못함 
428,701,인프피특,생일 챙김받은적 없음 
429,702,나친구없어,0명
430,706,본인 검사결과 ㅁㅌㅊ,정병인듯 
431,708,정병은 나아도 인프피는 안 낫는 사실이,너무 슬프다 정병원 가서 치료 받으면 정신병은 고쳐지더라도 이 병신찐따 성격은 그대로라는게 
432,709,인프피로 태어날거면 정병을 주지 말던가,정병을 줄거면 인프피 말고 다른 성격으로 태어나게 해주던가 
433,710,이거 신빙성있는 테스트 맞음?,이거 진짜면 나 병원가봐야하는거 아닌가 
434,711,예술도 정신 건강해야 하지,불건강한 인프피는 예술로 아무리 노력해봤자 운 없으면 성공 못함 
435,712,야갤홍보보고왔다 시험어디서보냐?,잼써보아농 
436,715,요즘 연애중이다,Infp 연애는 상대도 힘들고 본인도 힘들다 ㅋㅋ
437,717,난 부모님의 사랑도 잘 받고 자랐는데 왜 회피불안형이지,학교 생활이 어두워서 그런가
438,718,부모님 두분 다 __t_인 갤러있냐,t형도 아니고 f형도 아닌 어정쩡한 인간이 되지 않음?
439,722,피온 할사람,9함
440,723,흥갤 217위다 ㄷㄷ,갤 생긴지 2주도 안되서 흥갤 ㅎㄷㄷ 역시 inflp들..
441,724,인프피들이 자주 듣는 말 ,애늙은이귀여움4차원의뭉스러움안 그렇게 생겼는데 관종 
442,726,지능과 학업성취도,
443,727,아침형인 인프피도있냐,상관이 없어야 정상인데 내가 아는 인프피는 다 아침에못일어남
444,728,부모님이 나랑 완전반대임,엄마는 estj... 난 인프피 죽을맛임 ㅋㅋ
445,729,이것도 INFP특인지 봐줘,인간 관계 끊은 다음에 구질구질하게 염탐 안함싹 다 지워버림 더이상 알면 상처받을까봐관계 끊고도 염탐하는 애들 신기하기도 하고그런 애들은 나보고 매정하다고 함친구들이 대신 끊은애 염탐해서 알려주는 경우도 있었음
446,730,난 염탐하는거 존나 좋아해서,페이스북에 친하지도 않던 학교동창들 구글링해서 sns 찾아서 염탐하고 
447,732,다른유형은 엠비티아이해도 별로 신뢰안하는데,그냥 읽으면서 꼭 이렇진 않은데? 하고 넘어가는데
448,733,짜증나는 일 있어서 친구한데 말했는데,이성적인 답변 들어가지고 더 짜증남누가 그거 몰라서 물어봤겠냐고ㅡㅡ 가서 따질 수 있었으면 너한테 하소연 하지도 않았지ㅡㅡ
449,734,나는뭔가 극단적으로 예절이나 관습에 둔한거같음,나 군머에서 처음엔 선ㅇ임한테 인사 하다가 저사람도 내심 인사 받아주기 귀찮겠지.. 걍 안해야겟다 이러고 대놓고마주치는상황 아니면 인사 안하고다녔는데(이건 솔직히 ㅂㅅ) 나중에 내얘기 도는거보고 놀랏음 나는나중에 선임되서도 짬때리고 이런 직접적인거만 아니면 ㄹㅇ반말을하건 1도신경안슴밑에글 읽으면서도 중요한건 \'계산이나 응대에는 문제가 없엇다\' 라고 생각햇는데 내가너무 단순한건가? 이어폰 끼면 무슨문제가 생기는거임? 살아오면서 이런거 물어본적 많은데 돌아오는말이 이런건 해야지.. 이런말뿐이고 아직도 잘 모르겟슴
450,736,"어릴때부터 4차원, 또라이란말 쭉 듣고 사는데",솔직히 그런 소리 나쁘지않고 좋은 것 같음..
451,737,인간관계에 욕심같은거 크게 없는데,내가 막 주변에 베푸는 성격도 아니고 개인주의에 가까워서 ㅇㅇ 근데 좆같은점은 내가 3을 줬으면 1정도는 해주길 바라게 되는데 그것조차 해줄 생각이 없어보이는?주변 상황이 힘든것 알고있고 나도 그래서 기대가 크게 없는편인데도 ㅎㅎ그 사람에 대한 기대보다는 나한테 어떻게 그러나 싶은 배신감이 큰듯...특히나 다른 사람과 온도차가 느껴질때 ㅋㅋ
452,740,인프피갤 생기니까 좋네,안그래도<U+00A0> 각종 커뮤에서 번식하면서<U+00A0>
453,749,하..나 인프피 a ㅣㄴ데여기에 왜 좆니자짤많냐,"존나역하내 ㅅㅂ;,내가이런새끼들이랑 비슷한성격이라니 "
454,750,난 인프피인데 인싸친구들만있어서 존나힘듬ㅋㅋ,특히노래방갈때ㄹㅇ 
455,751,인프피특,노래방가서 인프피스러운 느낌의 노래 부르고 갑분싸시킴 
456,752,나만 누가 ㅈㄴ참견하는거 개싫음?,진짜 나하고싶은대로하고십음 
457,755,참견해 일단들음 근데 ㄹㅇ한귀로듣고한귀로흘림,참견들을땐 기분 개좆같은대 하루만지나면 아무생각안듬ㅋㅋ 
458,758,얘들아 노력은 마음먹기라 생각하냐 재능이라생각함?,나 항상 공부해야겟다고 ㄹㅇ하루마다다짐함 근데 절대안함 공부;; 재능맞는듯ㄹㅇ루 
459,759,나 infp isfp 번갈아나옴ㅋㅋ,근디 둘다 비슷하긴한듯 
460,761,완벽주의랑 게으름은 너무 모순되는거 아니냐,ㅋㅋ
461,762,힘내세요라는 말 어떻게 생각해,정말 삶이 고달프고 힘든 사람에게 힘내세요라는 말이 도움이 될까? 언젠가는 내가 함내세요라고 했는데 얼마나 더 힘내야 하냐고 하신 분이 있었어 그리고 무기력한 사람에게 힘내세요라는 말은 힘내서 뭐라도 좀 해라라는 것 처럼 들리진 않을까? 인프피들 어떻게 생각해?
462,764,지금까지 살아오면서 느낀점,새학기 일단 조온나 힘듬... 인사하기도 벅참 ㄹㅇ  
463,766,인싸 친구들이 오히려 인프피랑 잘 어울리는 것 같아 ,안그래도 소심한 인프피가 소심한 애랑 만나면 할 말 없어짐인프피는 그래도 대화 주제가 맞거나 말 걸어주면 말은 잘한다잖아 
464,768,인싸들이랑 존나잘맞음ㄹㅇ 나 드립력 ㅆㅅㅌㅊ,근데 인싸수ㅐㄱ들 4명이상이면 기존나빨려서 빠져잇음ㅋㅋ 
465,771,난근데 ^^발 아무리생각해도 귀엽고착하고유쾌함,나같이착한사람못봄ㄹㅇ 
466,773,급식 다수로먹는거 ㅈㄴ힘들다,지금11명끼리먹는데 두명이서먹고싶음. 기개빨려 
467,778,왜 사람들은 문학을 멀리할까 ,이렇게 아름다운걸 
468,779,"나 불의 ㅈㄴ싫어해서 국과수,경과수쪽가고싶은데",머가리딸려 아오 
469,782,너네 낯선 곳 탐험하는거 좋아하냐 ,기차여행하고싶다~
470,783,나만 망상 ㅈㄴ심하냐? 이거 인프피특아니노,어제 프듀 1위하는 상상함ㅋㅋ 오우쉣 무수한 악수 ㅋㅋ 
471,785,시골에 사는 인프피는 너무 심심한 거시에요 ,나를 도시로 꺼내줘 심심해죽겠어 
472,786,이거 해석좀해주라..,제발.. 
473,788,내 망상,사람들이 갑자기 모두 없어져서 
474,789,난 진짜 잠자리누울때가 ㄹㅇ행복,배게껴안고 온갖망상다함ㅋㅋ 
475,792,예전에 테일즈런너 ㅈㄴ꼿혀서 데빌연금옷입고,ㅈㄴ빠르게뛰어다ㄴ니는상상햇믄데 
476,793,나 진짜 희귀한 확률은 다 겹치는듯 ,남자인데 키 163 인프피공부로는 백분위 1%안에 들어감 희귀병 진단받아서 군면제 이성에게 안끌림 등등...마이너한건 다 가지고 있어서 내가 진짜 특별하게 느껴지는데 특별한 병신같음 ㅎ
477,796,너네 다 종교 있거나 신 믿는 편임? ,인프피 특 중에 영성이나 종교에 관심이 많다 이런거 있잖아뭔가 학문적으로는 호기심은 많은데 진지하게 신앙심을 갖는건 전혀 아님 
478,797,ㄹㅇ나 이어폰끼는순간 망상으로 1시간뚝딱가능,청력너무안좋아질듯 그거땜에 자제해야되는데.. [변신] 을 멈출수가없잖아? 이런이런 ㅋㅋ 
479,798,찐,빵 
480,804,연애 잘할수있을까?,휴우 
481,806,자기전에망상하다가 흥분해버려서,잠더안옴ㅜ
482,816,히가시노 게이고 인프피 아님?,걍 히키코모린가
483,823,unless certain of being liked,그러니까 날 좋아한다고 말해 주렴.. 상처가 많아서.. 널 믿기가 어려워.. 무서워..하지만 날 좋아한다고 말해 준다면.. 나도 네가 좋아진심으로하지만.. 네가 정말 날 좋아할까?가진 거 없는 나를.. 좋아할까?또 무서워..
484,824,지듣노,
485,825,망상 on,onair
486,827,눈치 많이 보는데 눈치가 없어,존나 고생함 ㅜ
487,830,사회성은 없지만 따뜻하고 생각이 깊은 유형,진용진이나 블랙넛도 infp같음 
488,831,나도 아이돌되는 망상 많이하는데 개웃기네,창밖을 바라보며 춤추는데 창밖에 뒷산이 있어서여름엔 온통 초록빛이거든 날 응원하는 팬클럽 색은 초록색이구가을되면 빨간색 눈오면 하얀색인거임이어폰 꼽고 뮤비 표정 짓고 발광하다 동생한테 걸린적도 있고집에 혼자있을땐 팬들을 위해 브이로그 하는 망상함“안녕하세여 여러분 오늘은 스케줄이 없어서 늦게 일어났네여”이러면서....
489,832,나는 사람 죽이는 망상 많이함,다 칼로 찔러죽이는 망상 많이함 
490,833,혁오는 infp일까?,아닐까?
491,834,망상 많이하는 애드라,꿈도 마니꿈??
492,835,헐 안녕하세여 저 infp에요!!!,
493,837,인프피빙고,흐규 
494,838,인프 찐따새끼들 ㅉㅉ,안녕?ㅎㅎ반가워...
495,839,너네 연애는 잘하냐,난 적은 나이도 아닌데 연애하면서 행복해본적이 거의<U+00A0>없는거같은데요즘 갤 와서 글 읽다보니 그게 인프피라서인지 그냥 나 때문인지 모르겠다<U+00A0>
496,843,너네 정도면 착한편인건맞지,속은 아무리 쓰레기라도 
497,845,책 샀어, 이따 자기전에 읽을 거야
498,846,너네들이 너무 좋아,나랑 똑같아서^^
499,847,인싸테스트 합격한거 같은데,부정을 못하겠으니 미치겠네 ㅋㅋ 
500,848,4가지 지표중 이건 절대 포기못하는건 모있어?,나는 F
501,849,너네두 표현 잘 못함?,표현 못해서 나좋다던 애들도 다 떠나감자긴 표현하는데 왜 넌 표현 안하냐고 혼난적도 있어부모님께도 표현 못하구표현하려고 하면 못하겠어 ㅜㅜ
502,851,자기 사회생활할때 무슨 유형 코스프레하는지 투표해보자,1. STJ2. SFJ3. STP4. SFP5. NT6. NF
503,852,"저번에 INFP로 뜨긴 했는데,",
504,853,얘들은 단톡없음?,오픈톡
505,855,싸움아닌싸움함,계속생각나 
506,858,와 인프피갤도 있었어ㅠㅠ,형들 반가오ㅠㅠ 
507,861,너네 패션감각 좋니..?,옷 잘 입을 것 같아 
508,862,올해 수능본 인붕이다,응 급성 장염과 기관지염와서 시험중 중도 포기함.
509,864,너희들은 살면서 링겔 맞아본적 있어?,난 살면서 링겔 첨 맞아본날이 수능본 오늘임 ㅋㅋㅋ내 인생이 레전드다 ㅋㅋㄱㅋㅋㅋㅋㅋㄱㅋ
510,865,나의 사랑 고민 ,"현재 썸을 타는 상대방이 나를 좋아하고 관심을 갖는게 느껴지고 학교 끝나자마자 시간이 잠깐 생기면 다정하게 전화를 걸어주는 것도 너무 행복하고내 단점처럼 보이는 것도 장점으로 따뜻하게 안아주고 포용해주는게 느껴지고그 동안의 사건으로 인해 세상 밖으로 잘 나오지 못한 나를 따뜻하게 안아주는 이 사람이 너무 좋다 하지만이 모든게 갑자기 불현듯 의심스럽고 이 사람이 갑자기 날 떠나면 어쩌나...싶은게 늘 무섭다첫사랑이 같이 MBTI 검사를 해보자고 했다내 첫사랑은 ISTJ그는 내가 너무 이상적인 사람같다고심지어는 그가 힘들 때마다 따뜻한 위로를 건네고 싶어서 말을 건넨 것 조차 이상적이라고 싫어하던 사람 처음에는 날 그토록 좋아했으면서 사랑보단 일이 우선이라며 나는 네가 더 이상 나랑 맞지 않는 것 같다고 나는 그 말을, 솔직하게 말해줘서 고맙고 내가 미안하다며 찌질하게 받아들이기만 했다...사랑받는 것에 대해 늘 감사하고 나 역시 사랑을 베풀 준비가 되어있지만그 사랑을 베풀 대상이 갑자기 떠나면 어쩌나 늘 무섭다 첫사랑처럼 "
511,870,INFP 분별력 있는 유형이냐,INXP 특징=착한데 애매하게 살고 연역적 사고가 익숙치 않은 어려운 사람들 아님?
512,871,나도 빙고해봄,뼈프피 ㅅㅂ 
513,873,새내기때 성격 바꾸고 싶다고 이것저것 다 한게 제일 흑역사 ,뼈 저린 경험.. . . 
514,876,개인적으론 INFP끼리 사귈 때가 제일 좋았다,"나는 뭔가에 빠지면 항상 미친 듯이 빠지는데사람한테도 그런 편이라 덕분에 연애할 때마다 내가 을이거든심지어는 나는 아직 그렇게 사랑하는 게 아닌데도상대방한테는 굉장히 큰 감정으로 다가온다더라고.그러다 2년 전에 같은 INFP랑 사귀었었어그 사람이랑 만날 때서야 뭔가, 감정적인 깊이나 그 그릇의 크기?그게 나랑 참 닮았구나 느꼈던 것 같아표현하는 방식도 판박이고 바라보는 시선도 비슷하고내가 몇 마디 안 해도 설명하려고 안 해도이미 그 사람은 다 알고 있고 느끼고 있고 그랬어그 사람 옆의 내가 가장<U+00A0>'나'스러웠었던 느낌"
515,877,인프피 애들이 덕질 잘한다는데,너네 뭐덕질함?
516,878,난 게임 졸족직업 무조겆,검색해보고 제일 인기업는거고르는데 
517,879,가끔 길가다 보면,길거리애 이렇대다니는 애들 나는 여태 소풍 온 영국학생인줄알앗는대 영국은 교복입는대서 근대 몰르몬들이라내 재내들 말걸면 한국말 우리보다 잘한대 
518,882,저기 글좀써주면안되냐,나 글쓰고싶은데 이미 내가 쓴게 2개나보여서 참아야되는데 힘들다 
519,884,인프피들 찐따라 mbti갤에서 도망온거네,다른 성격유형은 따로 갤만들어 달아나지않았는데인프피들은<U+00A0>
520,887,극단적선택 마려워,아.. 
521,888,수능좆망해서 극단적선택 말려,시발 중간에 멘탈 나가서 거의 두달 쉰듯..하..
522,889,오늘부터 공부건 뭐건 진짜 시작하려는 인프피있어??,"난 오늘부터 7시30분에 일어나서 밥먹구 공부할거야미뤄뒀던거 다시 시작하는게 힘들지만, 도전해보자응원할께 얘들아"
523,900,여기 아싸씹덕찐따갤임??,안식처 찾았네 
524,901,성격테스트같은거보면 한결같은거 같다,
525,902,살자 반대어 통계를 내보면 인프피가 1위일거같아,그냥 그런 느낌이야.. ㅠㅠ
526,903,난 infp intp 중간이얌,오늘은 인프피!
527,904,인프피들이 mbti갤 먹어야하지않겟나,인터넷은 인프피가주류인데
528,905,최고의 위로는 아무 말도 않는 것일까,고민 들어주는게 요즘 너무 어려워내가 해결책을 제시할 수도 없는 일이라
529,910,intj랑 사귀는 사람 있어?,머리로는 감정 이해하는 이다 보니 어떻게든 조언을 주는데 내가 원하는 건 위로를 받고 싶은데 조언식으로만 줘서 마찰이 생겨나 
530,914,인프피 우울해짐,폰액정 고친지 1년도 안돼서 방금 또깨졌어 씨발.. 
531,915,눈치를 많이보는데 말실수 하고 또 주눅들고 ,반복중임 인프피 ㅅㅂㅜㅜ 
532,916,건강한 인프피는 여기 올 생각도 안할걸,아니 디씨를 하는데 얶떡해 건강해??
533,917,인프피존나싫어,ㅇ
534,919,Isfj랑 사귀고 있어,나 때문에 맨날 싸워 ㅠ
535,922,간섭ㄴㄴ,알아서함
536,923,인프피 성격좆같애,ㅠ
537,927,나도 내 자신의 성격이 존나 신기하고 좆같고 좋음,생각 많고
538,928,맞아 졳같지만 사랑함,휴
539,929,이렇게태어난걸 어쩌라고,아 진짜 존나 짜증나 내 성격 
540,930,인프피 조금이나마 행복해지는법,이런식으로 메모장에별건 아니어도 하루 행복하게 만들어주는거 적어서꼭 거창한게 아니다라도오늘은 쌀국수 먹어야지오늘은 공부 or 일 이정도까지해야지오늘은 서점에서 이런 책 사가야지<U+00A0>오늘은 케이크 꼭 먹어야지이런식으로 자기 전날에 작성해놓고다음날에 저렇게 체크하는 식으로 매일 그렇게 살면내 자신이 조금이나마 좋아지더라되게 사소한데 행복해짐 추천함
541,931,늒네받아라,테스트 볼때마다 나랑은 좀 다른거같다<U+00A0>싶은데 늘 이렇게 나오니까 걍 인정해야지
542,936,난왜 잘하는게 업지,재능도 없어 노력도 안해
543,938,아 롤 3연패 박앗다,우울해..
544,939,내 음악플레이리스트,천천히 추가중
545,943,크아앙,크아앙
546,945,그럼 ㅂ2,M ㅂ2...
547,952,나는 행복한 찐따,행복하지 않아도 그런 척을 해야한다
548,954,우울증 갤러리냐,우울증갤 식민지임?
549,955,영면말려,이래서 새벽엔 일기 쓰면 안돼
550,956,내가 생각하는 가장 이상적인 것으로 골라서 mbti 해봤더니,
551,957,왜 명칭이 열정적인 중재자인지 떠올랐는데 어떠냐,"성향이 모든사람을 이해해보려고 노력하는데 심지어 나에게 좋지못하게 구는사람에게 조차 그럼이런행동이 남을 아랫사람으로 보아<U+00A0>내가 더 나은사람처럼 느끼고싶은 방어기제도 아님정말로 남을 이해 해보려는<U+00A0>태도를 가짐살인자에 대해서도, 내가 전혀 믿지않는 종교에 대해서도 이해해보려는 태도를 가질수 있음모든사람에게 이런태도를 지니기 때문에 중재자라는 다소 뜬금없는 명칭이 붙은거같음"
552,958,유입이 너무많아져서 당황스럽네,갤주가 일 열심히 하는듯나만의 작은 갤러리였는데몇몇 나쁜손들이 지나다녀
553,959,유사과학 저지능 갤러리,병신들
554,960,인프피 귀여워,ㅇㅇ
555,963,세속적이지않아서좋다는 말은 칭찬이냐?,먼의미로 받아들여야함? 
556,966,너희들 되게 상냥해서 좋다ㅠㅠ,항상은 아니지만 댓 달아줘서 덕분에 기분 힐링했어ㅠㅠ 
557,968,자존감 키우고싶다,intp인데 자존감 바닥나니까 먼가 성격이 infp에 가까워지는거 같애
558,969,난 또라이 미친놈 소리 많이 들음,평소에는 소심한데 가끔 엄청 과감하게 미친짓을 함
559,972,자취하고싶다 흑흑 ,나의 둥지 
560,977,인프피특) 이센스 좋아함,아님감.. 
561,978,인프피가 귀여워보이는건 이거지,말은 못하는데 얼굴에는 다 써있음 
562,980,나 재수하고 43556나왔어,중간에 멘탈 나가서 죽네마네 하다가 시간 다 보냈다<U+00A0>
563,981,인프피가 별로 없는 이유가,다 자살해서 자식을 안낳아서 그런가? 성격도 어쨋든 유전이니까
564,982,MBTI 성향도 선척적임?,아님 후천적임? 
565,986,내가 정신적으러 문제인게 인프피여서 일까?,정신과 가보려는데 그냥 내가 인프피라서 이런거면 소용없자노
566,987,성격이 꼭 분명하게 나오는게 아닌가봐,난 infp가 거의항상 나오지만 가끔 infj 나오거든infp는 원래 infj랑 비슷한가보다 생각하고있었는데여기보니까 e쪽으로 나오는사람도 많네두번째가 s거나 세번째가 t인사람도 많고
567,988,infp에 게이가 많다는게 사실인가요?,렬루
568,989,동성애자 비율 txt,남자<U+00A0>TOP3ESFJENFJINFJ 여자<U+00A0>TOP3INFPINTPINFJ남자는 대부분 외향형레즈는 대부분 내향형
569,990,infp 면 우울증은 패시브군요,얼마전부터 벤조디아제핀 먹기시작햇어요 ㅎㅎ
570,991,infp들 estj랑 만나지마라 제발;,infp들이 대체로 수동적이고 우유부단해서 그런지<U+00A0>estj처럼 자기주장 강하고 리드하는거 좋아하고 이런사람한테 강하게 끌리는거같더라<U+00A0>게다가 infp들은 인간관계 교류도 적어서 이성보는눈도 현저하게 떨어짐.<U+00A0>그래서 estj같은애들 멋있다고 그냥 만남.<U+00A0>근데 estj들 욱하고 공감능력 떨어지고 답답한거 싫어하는거 다들 알잖음?처음에야 infp들한테 진심으로 잘해주지만<U+00A0>나중엔 존나 답답해해서 대놓고 막대하거나 호구처럼 데리고 다니거나 그러더라고infp들은 자신감 확 떨어지고 잡혀살고 찍소리도 못하고 성격 더 병신됨<U+00A0><U+00A0>
571,992,너네 음식점 같은데에 클레임 걸수있음?,예를들어 치킨 주문했는데 2시간 걸려서 오면 클레임검??
572,993,뭐해먹고살지...,렬루
573,995,지듣노ㅁㅌㅊ?,
574,996,인프피 천직,히키코모리 (건물이 있는)
575,1001,난 infp 치고 사람들이랑 잘 어울리는 편임,난 일부러 사람들 만날 때 외향적이고 활달하고 유머러스한 성격을 연기하는데 덕분에 인간관계에 문제없음. 겉과 속이 많이 다르다. Infp면 공감능력이 엄청좋기 때문에 쉽게 다른 성격을 연기할 수 있다. 니들도 해봐
576,1004,정반대 사람한테 끌려도 estj istj는 피해야돼,
577,1006,infp아싸였는데 성격 바꾼 썰,초딩땐 맨날 왕따였음 친구 아예 없어서 기억나는 추억x
578,1008,찐따 게이같은 새끼들,지 맘에 안들면 조커같이 변할 새끼들 ㄷㄷ..사회적으로 도축해야함
579,1009,나약한 새끼들.. 그 자체!,ㅎ
580,1012,난 NFP가 좋아,웅 난 너네성격 좋아해 
581,1013,괜히 성향 바꾸겠다고 몸부림쳐봤자 더 괴로움 ㅋㅋㅋ,그냥 이렇게 사는게 더 행복해
582,1018,사랑받고 싶다면 사랑할 줄 아는 사람이 되어라 ,제일 어려운 것 
583,1021,난 연기하면서 사는건 못하겠음,걍 진짜 내성격 이해해주는 극소수의 친구 몇명이랑만 지내는게 차라리 편한듯 
584,1022,와꾸ㅅㅌㅊ인 인프피는 살기 너무 힘들어,안믿을수도 있겠지만 항상 급식때도 와꾸때매 인싸애들이 친하게 지내자고 다가와서 친하게 지냈음 난 엄청 친해졌다고 생각해서 밝은척 안하고 그냥 나 대로 행동하니까 다 나 버리고 그러다 또 전학가서 같은일 반복 고급식 들어가서 같은일 반복하니까 너무 힘들다 그냥 죽고싶어 급식때 항상 주위에 친구들로 북적였는데 이제는 곁에 남은 사람이 한명도 없다<U+00A0>
585,1024, infp갤 애들이 죽었다 깨어나도 성공 못하는이유,
586,1034,인프피 담주에 영원히 잠들래,응 그냥 너무 내가 한심해서 담주에 집에가면 극단적 선택할래
587,1035,주변사람이 나 한심하게 보는 눈빛이 느껴지면,그 자리에서 죽고싶든대 너네도 그래? 나도 나 한심한거 아는데 주변사람이 나한태 그러면 그 순간에는 진짜 미치겠는데 너넨 어때..
588,1037,학벌주의 존나 심한데 ,수능 졷망해서 좆잡대 가게 생겼다<U+00A0>
589,1038,힘들면 시간날 때 지인네 반려동물 임보해봐라,아니면 동물보호소가서 봉사하든가동물들 순수하고 거짓 없는 모습 보는 거 의외로 힐링된다(사실 거짓을 보이긴하는데 99%는 인간 손바닥 안)일종의 책임감 길러질 수도 있고털 알러지 있으면 유감이고분양/입양은 ㅈㄴ 신중해야 되고 돈 많이 깨져서 비추캣맘 캣대디는 쌈닭질 해야 되니까 비추
590,1040,본인 그래프... infp,
591,1041,연예인들중에 인프피가 있을거같냐 ㅋㅋ enfp겠지,인프리가 연예인 가수를한댘ㅋㅋㅋㅋㅋ
592,1043,김심야도 좀 인프피같지않니,얘 가사나 무대위에서 모습보면 재능개쩌는.. 그러나 인프피 그 자체임 
593,1044,인프피인데 갑작스런 돌발상황 대처능력제로,허둥허둥함  
594,1047,인프피들은 현대사회에 필요없는 타입들이라 도태되고 멸종해야옳다,과거에는 노예나 농노 이런거하던 타입들인데현대사회에서는 자기어필해야하고 거짓말잘해야하고 뻔뻔해야하고 그런놈들이 대접받고 잘나간다인프피는 시대에 뒤떨어진 인간형이기때문에 멸종해야 옳다
595,1049,박찐따 INFP,박찐따 유튜버 빼박 INFP겠지?
596,1050,장대호가 인프피인거같다,인프피 성질 알잖아
597,1051,누가갑자기말걸면 웃음부터나옴,당황해서ㅇㅇ.. 
598,1052,나 부끄럼많아서,디시애 글은 써놓고 댓글확인을 잘못하갯음  
599,1055,직장생활하는데 연락처저장 40개도 안됨 실화?,
600,1056,ㄴㅔ이버 실검 진짜 꼬라지 개노답이다 ,ㅋ; 
601,1057,난 인프피 안할게,이상한성격임
602,1058,나인프피아닌가봐 너네랑 성격다르네,테스트잘못한건가
603,1059,나 혼자잇는게좋은데 친구도 만나고싶어,근데 약속 잡기 귀찮아.<U+00A0>그냥 좋아하는애 몇명만 1:1로 보고싶어.근데 먼저 연락은 못하겟어<U+00A0>이끌어줘서 만나자고 해줫으면 좋겟어ㅈㄴ 병신같애
604,1060,식샤를합시다2 여주 인프피 같애,렬루 공감되쟈농....힝
605,1061,니네 구석 좋아하냐,난 직장이든 뭐든 사람들에게 눈 띄고 싶지 않아서 맨날 벽이나 저어기 구석으로 자리 잡아서 앉아 괜히 눈치 보고 싶지도 않고 혼자 있으면 평화가 찾아오는 느낌이야 ㅅㅂ 그러면서 때론 인싸가 되고 싶어....  
606,1062,우리 단톡방 만들면 망할듯,애초에 만들면 바로 폭파각 아니냐 
607,1070,nfp뷰지들은 거르는게 좋음,enfp-창녀infp-방구석에서 트위터하는 꼴페미 찐따ㅂㅂㅂㄱ
608,1072,인프피갤 단123톡방 파면 올거냐?,우리끼리 친구하쟈
609,1082,나 인프피가 최근 자주듣는 추천음악 ,태연 here i am 
610,1084,조용한 카페가 좋은데 사람이 너무 없어도 싫음 ,내가 하는 얘기 다 주변에서 듣고 있을 듯한 불안감;; 
611,1085,내 고향 서울엔 ,아직 눈이 와요 
612,1086,나 버스에서 전화절대안받는다,시선집중 개극혐
613,1087,솔직히 인프피는 군면제시켜줘야됨ㄹㅇ,죽을맛임
614,1090,찐따,
615,1091,혹시 infp중에 철덕 없나?,제목그대로 infp중에 철덕없나?
616,1092,숨쉬기 귀찮아졌다,여기까지군
617,1094,자신의 가치를 타인의 가치보다 높게 평가하는 경향이 있다,자신이 뭔가 특별한 존재라고 생각한다ㅋㅋㅋㅋㅋㅋ
618,1096,별 좇같은 갤이 다 있네 했는데,생각해보니까 나 infp형이네
619,1097,알바새끼 이딴 븅신같은 갤러리를 개설해주네,홍보작작해라 씨발련아 ㅗ
620,1098,여기 쫌 그렇다,막 자신을 깎아내리는얘기를 서로 공감해주고있네왜이래없던 우울증도 생기겠다나도 infp인데 공감안돼
621,1100, 나도 infp 이건데 좋은거라고 생각함,남들보다 생각이 더 많아서 좋음
622,1101,내 아는사람중에 편집샵 직원있는데 그사람도 infp더라,그사람은 자기관리ㅜ열심히하고 문화생활도 즐기는것같았음님들도 너무 자기강박에ㅜ안빠졌으면나도 그랬어 자기강박에 너무 갇혀있었음 요즘좀 극복함
623,1103,Infp 장점을 말해보자,소심해서 친구도 많이없긴한데그 소수 친구들한테만큼은 엄청 진심을 다해서 대함그리고 바보같이 착함나쁘게 살려고해도 본성이 호구같아서 그렇게 안됨ㅇㅈ?
624,1104,사람들이랑 눈 마주치면 내가 잘생겨서 쳐다본다고 생각함,ㅎㅎ
625,1105,너네 너네들만의 거절하는 요령 있냐,세상에서 제일 어려운게 거절이라잖아특히 바보같이 착한 인프피 친구들에겐 더 어렵겠지
626,1107,친구는 있어도 마음 끝까지는 주지 않게돼,인프피 특일까?남 얘긴 잘 들어주는데내 얘긴 하고 싶지 않아믿을 수 있는 건 내 자신뿐
627,1111,여기 MBTI - INFP 모인 갤임?,나도 INFP 나오던데...
628,1112,너네 망상 많이 함?,지금 고딩인데초딩 때부터 망상 존나 했음...나름 세계관도 있고 그래지금이야 그럴 수 있지만성인 되면 쪽팔릴 것 같음술 취해서 망상 속 인물들 말하고그러는 건 아니겠지...??
629,1116,내 친구들은 ENFJ 가 많네,ENFJ 면 INFP 랑 반대라고 보면 되나?
630,1117,근디 애초에 이 수많은사람들을 16가지유형으로,나눈다는거자체가쫌모순인둣ㅋㅋ뭐 혈액형보단 낫긴하지만
631,1119,망상하다보면 주변소리 못들음ㅠㅠ,나만 이래?무의식적으로 하는거라 사람들이 오해할때도 있는데 어떻게 고치지?
632,1129,말도 안되지만 깊게 믿고 있는 거 있냐?,"입 밖으로 꺼내면 다들 에이 말도 안돼~ 그런 걸 왜 믿어? 할 거 같아서 티는 안 내지만 내 스스로도 이성적으로 생각하면 말도 안 된단 걸 알지만 어쨌거나 마음 가장 깊숙한 곳에서 굳게 믿고 있는 어떤 것...나는 내가 기대하고 상상하는 일은 항상 반대로 이루어진다, 내가 사랑하는 것들은 내가 다 망쳐버린다일부러 안 좋은 일만 더 상상하고 기대도 희망도 사랑도 안 가지려고 하는데 이 말을 하면 이상하게 볼까봐 말은 못해"
633,1135,인프피랑 사귀고 싶다,사실 요즘 애인이 고프다
634,1139,다잘될거야 애들아 진짜야,사랑해 다들잘돼라 
635,1141,인프피 그림 해석좀,인프피랑 다른 유형들 그림들 다 뭔뜻 같아?
636,1142,나두 예술충이 되고 시펏서 ,근데 안정적으로 돈버는 예술충이 되고싶어..<U+00A0>
637,1144,현실에서 나만 아싸에 사회부적응 같아 ,난 성격도 이따꾸인데 와꾸까지 개빻아서 답이 없어
638,1147,근데 나만 이런지 궁금해서 그래 ,말 많은 사람도 나랑 있으면 다 말이 없고 너무 어색해 말 거의 안하고 나랑 있을 때 표정 존나 썩어서<U+00A0>
639,1148,친구들 거의다 엔프피임,왤까
640,1149,너네컨셉이야?원래 실제로도 착하게말함?,난 아닌데
641,1150,막 친하면 서로 욕주고받으면서 리액션하는 애들있자나,난 그게 안됨..ㅋㅋ아무리친해도 친구한테 야!! 라고도 안함이름을 불러야돼
642,1151,친하다고 카톡이나 실제로 막말하는 애들 신기함 ,나한테는 아무도 막말 안함 ㅋㅋ 다들 나랑은 벽치는 느낌<U+00A0>
643,1153,여기서도 진짜 ‘찐’은 나 밖에 없음 ,핸드폰 번호도 가족밖에 없고 연락하는 사람도 가족밖에 없음
644,1155,펑펑울었다.그냥죽ㅈ고싶어,ㅈㄱㄴ 
645,1156,한번도 친구가 많앗던적없음,최대4명ㅋ  이 넷이 모여도 또 둘둘씩 나뉘고 
646,1157,겨울왕국2 다봤다!,
647,1158,난 친한친구 세명 인프피 인프피 엔프피더라,인프피 한명은 intp랑 번갈아서 나온대<U+00A0>
648,1159,요런곳이있네,인프피 친구들 안뇽
649,1160,저 인프피인데 미리 말해놓음 꼭 읽으셈,시발놈들아 괜히 좋목질한다고인프피랍시고 지랄하지마셈괜히 여자 보고싶고 남자한테어그로끌고싶어서좋지랄하지마셈이런 마이너갤러리 생긴것도인프피입장에서진짜 개 역겹고 존나 병 신같음이해는 못해도 이해는 가능함그냥 그래또 이런 졷목갤생겨서인프피랍시고 끼리끼리 졷목질할꺼생각하니진자개역겨움 븅50들아내마음 알거같다고 생각함 니들도 인프피 몇 있을거니까
650,1162,불행의 가장 큰원인은 가난이야,기초생활수급자  
651,1163,수학여행 운동회 수련회 엠티 좋아하는 새끼들 존나 신기함 ,초등학교 때 부터 제일 싫어하는 시간이 체육시간 수학여행 운동회 수련회 엠티 미술시간임<U+00A0>
652,1164,여기 검색하기 넘 어렵자나,인프피라고 이름 바꾸면 안되겠니
653,1167,가난해서 불행하다,"흙수저인친구,늘 돈돈거리며 야단법석인 그녀석을 "
654,1169,인프피가 내향? 내성적인 거였던가?,넘 옛날에 해서 인프피란거 말고는 다 잊어버렸는데 내향적이란것만 기억나 또 뭐있지?
655,1170,내향성 88퍼,ㅇㅇ
656,1172,인프피들 모임이라 다들 착한거같다,사실 난 다른거임
657,1174,리젠 실화냐,따라잡기 힘드네 니네 쌓인거 많았구나
658,1175,나 infp intp isfp 이셋 나왓었는데,그중 젤 많이 나온게 infp
659,1177,죽고싶어그냥...,때로는 행복하며 때로는 불행했어 
660,1178,나는 짝사랑이 재밋음,즐김 속앓이하는것도 뭔가좋고 
661,1179,내 본성격 진짜 막무가내 소리지르고 비글같은데,"가족, 강아지 앞에서만 난리부르스 추고 남한텐 공손 예의바름 모드됨 님들도 그럼?"
662,1180,이런 갤 판 것부터가 인프피 같음,찐따냄새ㅡㅡㅜㅜ
663,1181,망상할 때 하는 습관있냐?,난 주위를 어슬렁 어슬렁 걸어다녀서 정신사납단 소리 자주 들음 ㅋㅋ
664,1183,여기서도 스트레스 받고 좆같다 시발 퇴갤 ,다들 기만자들이네 시발<U+00A0>
665,1184,근데 내가 intp가 나왔긴 했지만,E성향 49 I성향 51해서I 나오고다른 성향들도 비슷비슷한 차이로INFP 나온거면뭐지
666,1186,아 여기 마갤이라 나대는거 겁나네..ㅠ,나 엄청 나대는데 ㅠㅠㅠ 끼 못 숨겨 ㅠ
667,1192,이번주에 친구들이랑 여행간다,infp인데 여행갈정도로 친한친구들 있어서 다행;;
668,1194,인프피 친구들 착하긴한데,난 계획성은 있는 인프피라 약속잡을때 진짜 개좆같음 그 누구도 뭘 알아보려하지않음 나혼자서 전전긍긍 다 알아보고 걔네는 가만히 있음 그러다 갑자기 약속 취소하자거나 다른데 가자하면 진짜 열불나 뒤짐
669,1196,혹시 망상 많이 심한애들은 내가 infp라서 그런가보다 넘기지 말고,정신병원도 함 가보셈나 infp고 망상하는 거 심해서 가만히 있다가도진짜 별별 말도 안되는 시나리오 써내려가고주로 하는 망상도 정해져 있고(재미있는 망상 시나리오가 몇 개 정해져 있음)학창시절엔 공부 하다가도 망상하느라 집중 안되고 그정도였거든??근데정신병원 갔더니 adhd(주의력 결핍 장애) 진단 받고 약먹음ㅜ..ㅜ.........근데 약먹고나서 망상하던거 80% 줄었어......혹시 너무 심한 애들은 꼭 정신병원 가보길 바람..ㅠ
670,1198,나도 정신병원 가봐야하나.,망상에 빠져서 공부 집중이 안될정도인데..
671,1199,이런 갤도 있구나 처음 알았음,...
672,1200,무리로 놀면 존나 기빨림 4명이 최대야,ㅇㅇ
673,1203,망상이 현실에도 영향을 미쳐서 스트레스임,망상이 뭐 판타지처럼 외계인이 나타나는 그런 망상이 아니라
674,1204,난 솔직히 우울증 걸리고 성향이 infp로 바뀜,...우울해
675,1207,직장 다니는 사람들은 무슨 직무에서 일해?,나 면접 말아먹고 왔어...
676,1208,갤매 그래도 나보단 덜 극단적이잖아,난 t / f<U+00A0>빼고 전부 다 극단적임
677,1209,Infp답게 새벽에 갤 활발한 거 보소,ㅋㅋ
678,1212,죽고싶어그냥...,때로는 행복하며 때로는 불행했어 
679,1213,우울증 없으면 인프피 꽤 괜찮음,우울증은 병원 다녀서 극복하자
680,1214,인프피 필독 ㅅ,괜히 우울증인척하지마라니혼자 세상 산다고느끼고그런식으로 생각 ㄴㄴ.그냥 낙관적으로 살아좋아난 다좋아
681,1215,mmdi 검사 결과 : NF 못 버려,감정의 스위치 나한테 그런 건 존재하지 않아
682,1217,인프피라고 꼭 다 약속 시간 안 지키는건 아님,자기 기준에서 약속 시간 지키는게 중요한 사람은그 가치관을 꼭 지켜야되기때문에나만 해도 약속 시간 30분 전에는 도착해서 기다리는 스타일임..<U+00A0>한두번 늦는건 상관없고 크게 뭐라고도 안하는데약속 시간 늦으면 그사람이 나랑의 시간을 소중하게 생각 안 한다는 생각 때문에 점점 멀어지게되고 손절함
683,1218,주위에 infp 개많다,나 isfp인데... 찐따는 찐따를 알아보는걸까. 
684,1220,여기 갤기장 써도 됨?,ㅇㅇ? 된다고 해줘
685,1221,인프피끼리 잘 맞는다는 말 어떻게 생각함?,친한애도 인프핀데 존나 말 잘통함ㅇㅇ
686,1222,너희가 특별하게 애착하는 거 있어?,인프피가 뭐 하나 빠지면 깊게 빠지잖아
687,1223,난 ISFP였다가 바뀐듯,인간관계 데인 이후로 절대 먼저 안 다가감 진짜 어릴땐 마음 다 열어두고 다녔는데 나중에 내가 상처받을까봐 그냥 닫아버림
688,1225,같은 infp 거울 관계라 잘 맞는 건 좋은데,비자극적이라 심심함
689,1228,인프핀데 게으르기까지해서 내 자신이 너무 싫다..,ㅠㅠ
690,1229,대인기피 개심해,나
691,1230,I는 E로 거의 안 바뀌는거같은데,E인 사람들은 상황에 따라 I로 많이 바뀌는거같더라
692,1232,사람 좋아하는 게 무서워,"사랑이건 우정이건 사람 좋아할 때마다 그 사람 속맘 재보고 또 멋대로 판단하고 쪼그라드는 나 자신이 싫다. 그러니까 그 사람에게 더 가볍게 굴고, 헤어지고 나면 후회하고, 이걸 또 반복하게 돼. 언제쯤 사람 좋아하는데 마음의 여유를 찾을 수 있을까.<U+00A0>"
693,1233,애인 볼 때 nf 못 잃을 것 같음,근데 우리나라는 n이 고작 25%고 나머지 75%가 s고그 중에 nf는 몇밖에 없겠지내가 너무 큰 걸 바라는가?
694,1234,결국 친구들은 날 감정쓰레기통으로 사용함ㅇㅇ,내가 말 잘들어주고 공감잘해주니까 지들 고민들어주는게 당연한건줄아나봐
695,1235,원래는 성격 좋았는데 그땐 성격유형 테스트 안해봄,그땐 뭐였을까
696,1238,난 인프피가 사람 좋아한다는게 너무 신기해,난 사람이 아무리 친한친구고 심지어 가족이라도
697,1239,난 이중적이야,사람하고 부대끼는 거 싫어하면서도어느새인가 사람하고 대화하는 걸 즐기는 나를 발견하게 되더라구좋고 싫음의 차이는 깻잎 한장 차이인 듯해
698,1240,자기애는 높은데 자존감은 낮음,내가 생각하는 인프피 특임
699,1243,나 고민좀,걍 아무한테도 말 못해서 여기다가 물어봄
700,1244,esfj 친구도 약속 잡아서 만나면 나한테 고민 같은 걸 얘기하더라,솔직히 감정쓰레기통 취급 받는 느낌이라서딱 한 번 친구가 약속 잡자는데 안 나간 적 있거든그 이후로는 연락이 안 오네솔직히 안 오는 게 좋다 싫었거든
701,1245,nf 특징이 뭐라고 생각하는데?,ㅇㅇ??
702,1247,인프피 애들이 기본적으로 남 말 잘들어주긴하지,그래서 상담 같은거 잘해주고 하는데
703,1248,인프피 중에 대가리 꽃밭 많음?,진짜 인프피 친구 중에 딱 한 명 대가리꽃밭있는데 가끔씩 쏴죽이고 싶음 근데 얘가 심성은 착해서 진짜 어떻게 할지를 모르겠음 ㅋㅋ 맨날 뜬금없이 지 할말만 하고 아무도 이해할 수 없는 이야기를 함
704,1249,내가 너무 공감능력이 좋아서 남들 감정도 고스란히 전해받음,그래서 존나 스트레스야ㅋㅋㅋㅋㅋ
705,1252,여긴 진짜 나랑 비슷한사람이 너무많아서 신기함,별로 본적없는데 이런부류들
706,1253,여긴 마치 대리석 장식물에 깨끗한 물이 흐르는 곳 같음,ㅈㄱㄴ
707,1255,묘하다,공감이 되는 이야기도 있고 안되는 것들도 꽤 있는데
708,1256,갤 홍보보고 왔는데,갤 분위기가 뭔가 잘맞는거같아서 테스트해봤는데 istj나왔네 
709,1259,불건강할 때는 mbti 검사든 에니어그램 검사든 안 하는 게 좋아,왜냐하면 불건강하면 불건강일 때 나오는 또다른 결과가 나오기 때문에평상시의 유형을 알 수가 없어
710,1261,고민있다고 말한갤런데,걍 엄마한테 상처받았던일 하나만 말해도될까ㅋㅋㅋ
711,1262,주말동안 글 엄청 올라왔네;,혐요일 왔다 
712,1265,정신과 진료비 무서워서 못 가고 있음,몇년째....
713,1267,그나마 mbti에 관심 가지는 건 괜찮은편임,infp가 사주 관심 가지기 시작하면 ㄹㅇ망함논리적이지 않은 요소들 간에서 논리를 찾는 거라서한번 관심 가지기 시작하면은 온갖 것들을 다 사주 탓으로 돌리게 되고 정당화하게 됨
714,1268,정신상태 좋아진 것 같아서 성격 스타일 검사 다시 해봤더니,역시 사람은 변하지 않는다 
715,1269,친구가 갑자기 불러서 안아줬어,인프피라고 우울하고 그런 건 아닌데 난 상황 때문에 좀 우울해졌어 근데 그게 티 안 난다고 생각했거든친구랑 만나고 헤어지려고 돌아서는데 갑자기 야 일로 와봐 이러더라고. 그래서 가보니까 아무 말도 없이 그냥 안더라 걔도 아무 말 안 하고 나도 왜 이러냐고 안 물었어ㅋㅋ 다른 애가 뭐하냐고 재촉해서 안녕 하고 헤어짐성인되고나선 손잡고 다니거나 팔짱끼는 것도 안 했고 고딩때도 그런식으로 포옹하는 친구는 아니었어기분 묘했는데 집에 돌아오면서 내내 생각나고 위로가 좀 된 것 같아. 그게 그 친구식 위로였나보다 하구...
716,1270,평생 혼자로 지내는게 가능할까 ,걍 사람에 대한 기대도 없고 나는 가능할거같기도하고ㅠ
717,1271,정병 증상이랑 개인 특성이랑 어떻게 구분하지,병원 가서 말하려다가 여기서 다들 그렇다기에 말 안 했는데또 누구는 병원 가보라고 진지하게 말하는 사람도 있고 그래서 헷갈리네
718,1273,사주는 그냥 답답할 때 한 번 볼만해,심리적 요인으로든 뭘로든 어느정도 맞는 것 같다는 전제하에ㅇㅇ그냥 누군가가 그렇게 자세하게 조언해주는 일이 별로 없잖아 자연스럽게 내 고민도 말하게 되고틀리든 말든 좀 기분전환 되더라ㅋㅋ
719,1276,너네 잠은 일찍 잘자냐?,? 
720,1278,인프피인 나자신이 존나싫음,근데 이거도 인프피특이라매ㅋㅋㅋㅋ
721,1279,20몇년간 인프피였는데 요새 재면 달라졌을거 같다,세상 모든게 무덤덤해짐 
722,1280,얘들아 인프피부심을 갖고 살아가야지!,멋있자너? 
723,1281,인프피친구들은 사실 지구인이 아닌거야..,구라고 
724,1283,여기 찐따갤임?,나두야... 
725,1284,인프피가 머야,설명좀 
726,1285,인프피새끼가 살아남으려면,갇혀있으면 안된다는게 느껴진다 
727,1286,때때로 세상 모든사람들이 인프피였으면 하는생각해,그러면 진짜 살기편할텐데 
728,1287,나도 인프피 친구도 인프핀데,친구 보면 좆오글거리고 왜저래싶어서 나도 그렇게 보일까봐 반성하게된다 그래서 인스타 끊음그리고 요즘 둘 다 우울충 주간이라 서로 징징대는거 듣기 싫어서 연락 안하는 중근데 또 걔만큼 이해해주고 위로되는 친구도 없어
729,1289,infp니 intp니 뭐니 신경쓰는사람 봐라,ㅋㅋㅋㅋㅋㅋㅋㅋㅋㅋㅋㅋㅋㅋㅋ 
730,1290,몇년전에는 안이랬는데,몇년 전에는 친구사귀거나 사람대할때 너무 눈치안보고 나를 의식하기보단 남들이랑 더 잘 어울릴 생각만 했는데 
731,1291,나는 사람들하고 노는건 좋아하거든? ,모르는 사람들하고 놀고 모임 나가고 이런건 좋아하는데<U+00A0>
732,1292,너네 무슨 우울함이 디폴트냐,힘내라는 말은 위선이니까 안할게 다들 고생 많다...
733,1295,게으른 완벽주의 심한 사람,완벽하지 못할거면 차라리 아예 안하는게 낫다는 식으로 생각하고게을러서 또는 어떤 다른 이유로 미뤄진 일들을 보면 불안하지만 그땐 이미 일을 제대로 해낼 수 없는 때니까 손대기 싫고(자기효능감그딴거없어)그대로 망쳐지는 기분을 즐기다가 좆되는 사람 나야나<U+10E6>\'<U+1D17>\'<U+10E6>
734,1297,재능없고 돈없는 인프피는 ㄹㅇ 안락사 허용해줘야함,오래된 생각이다
735,1298,착한 여자들이 그래도 intp하고 잘 놀아주는건 있드라,관계 깊게 들어가긴 그렇지만너무 늘상 심각 안하게 있으면 그럼 ㅇㅇ
736,1299,intp는 솔직히 온라인 커뮤도 적극적으로 못함,내가 딱 그러거든..현실사람보다 편할 뿐이지
737,1300,INFP는 적당한 우울감을 오히려 즐거워한다..,행복해서 미쳐서 날뛰는 배부른 돼지보다는..배고픈 소크라테스가 훨씬 낫다
738,1301,아 근데 여기 intp 갤 아니구나,헷갈려
739,1302,아이엔에프피를 인프피라고 하는구나,본인 최근에 엠비티아이 두 번 정도 해봤는데 다 인프피 나왔음. 주위에 친구들 몇 명 시켜봤는데 인프피는 없더라. 
740,1304,나 논술 망했어,마지막 문제 덜 적고 냈어 시발 .. 난 진짜 뭐 제대로 하는게 없네<U+00A0>
741,1305,인프피 이 외계인들아!!!!,안뇽??? 너넨 지구인 안같아
742,1306,인프피가 친구 못사귀는 이유 중 1가지,물론 너희 인프피는 친구못사귀는 이유를 꼽자면 수도 없이 꼽을 수 있는 찐따성격유형임 ㅠㅠ  
743,1307,별로 우울하지도 않는데,ㅈㄱㄴ
744,1308,난 심리학과 출신이라 mbti 별로 안믿는데도,인피프적인 성격이 나를 지배하는건 맞는듯 특히 대인관계에서는
745,1311,난 이제 인프피가 아니다,너네 다 바보같음 
746,1312,9년전이랑 성격유형이 똑같아,중1때 해본게 기억나  
747,1314,너네들중에 잘생기거나 이쁜애들 있어? 외모 괜찮은애들,그래도 찐따임??
748,1315,우리 단점 말고 자기가 생각하는 자기 장점을 써보자,일단 나는 키 크고 손 크고 다리 긴 거
749,1318,너희 같은 찌질이들이랑 같은 인프피라는게 ,뭔가 존심상하노 나는 할말은 다하고 사는디..
750,1319,전화하는 거 너무 싫어,ㅠㅠ
751,1320,너네도 모든 일에서 의미를 구하냐,난 의미 없다고 느껴지는 일은 도무지 제대로 못하겠음 
752,1321,음악하고 싶다,실연자가 못 되더라도 음악업계 종사자 하고 싶어
753,1322,면접 존나 못하는 애들 있니,외국어 독해 듣기 이런 거는 잘 되는데 회화가 안되고면접도 존나 못하고사실 일상대화도 잘 못함... 글로 쓰는 건 잘 하는데걍 모든 걸 텍스트로 처리하고 싶음 ㅜ
754,1323,화목한 가정vs돈많은집 둘중 하나만 선택할 수 있다면? ,가정은 하나만 선택할 수 있음
755,1324,일하면서 스몰토크가 제일 싫어,내가 좋아하는 사람들이랑 깊게 대화하고싶지 
756,1325,인프피는 성욕도 적을까...?,귀찮아
757,1326,난 욕망비율 자유 50%인데,충분히 자유로운 상황인데 자유 개높게 나왔어 
758,1328,너네도 삶의 이유를 모르겠는 때가 많아? ,애인 있을땐 그래도 얘 때문에 죽으면 안되겠다 생각했는데<U+00A0>
759,1330,나의 욕망 비율,일정하게 나왔음
760,1332,여긴 왜 다 씹덕혼모노밖에 없냐,
761,1334,여기 연령대 궁금하다,20대가 많은가
762,1335,난 부정에너지를 긍정에너지로 바꾸는 능력이있음,
763,1341,아 빨리 로봇들이 일했으면 좋겠다,옛날 로마 제국처럼일은 로봇이 하고인간들은 놀고 먹고 풍류나 즐기면서 학문 탐구나 하고먹고 살 걱정 없이편안하게 살았으면 좋겠다
764,1343,홍보글 보고 들어왔는데 여기 왜 이렇게,우울해...갱장히 차분해..근데 또 그게 마음에 드네?
765,1345,난 불로소득자가 되면,공부나 ㅈㄴ하고 여행이나 ㅈㄴ하고싶다 특히 걸어다니고 버스타고다니는거 
766,1346,인프피 중에 회피성 성격장애 있는 친구 좀 있음?,공통된 특성 짱마는 듯 
767,1348,근 2년동안 성격 진짜 많이 바뀐듯,조별과제 같은거 하면 난 내 생각 말하는거 별로 안좋아해서  
768,1350,나 낮잠 잤는데 내가 좋아하는 사람이 스킨십해주는 꿈꿈,밥도 같이 먹으러 갔는데 내가 질투하는 사람이 나타나서 나 조연됨 
769,1351,근데 인프피들 거의 여자냐,말투가 되게 여성스럽다 여기오니까
770,1353,어디든 처음 갈 때 들어가기 너무 힘듦 ,코앞까지 가서 멤돌기만 하다가 돌아가는 일도 많음 
771,1354,얘들아 인프피는 잘나야 세상을 살아갈 수가 잇다구,우리 4차원친구들은 
772,1355,세상사람을 16등분한다는건 말이안되지,
773,1356,인프피였다가 바뀐사람있어?,ㅇㅇ
774,1357,사실 너네 기만자잖아,잘난게 없단건 자기기준에 남들한테 내놓고 자랑할만한 잘난게 없단 얘기야 
775,1358,mbti 역시 유사과학이네,내가 찐다인프피라고? 여전히 인프피라니 말도 안되네 유사과학에다가 간이검사는 역시 믿을게 못돼 아닌척 나대서 미안 나도 인프피래 
776,1359,나도 욕망 비율 해봤어,"단촐,, "
777,1361,착하게 살려고 노력했던건데,사람들이<U+00A0>너무 호구로봐<U+00A0>이제 착하다는 소리 듣는것도 지겹고 짜증난다
778,1363,인프피 애들은 혼좀 나야함,인프피라고 오냐오냐해주면 자꾸 그 소심하고 우울한 성격에 의존하려해 
779,1365,고슴도치 딜레마,상대방에 대한 벽이 ㅈㄴ높음 속마음 터놓고 얘기안함 심지어 상담사한테도 거짓말 잘함 
780,1366,나 인프핀데,남에게 최선을 다해주려고함 
781,1367,인프피 특 : 내 잘못 아니어도 내 잘못으로 만드는 편,그래야 일이 풀리고 마음의 짐이 덜어짐...
782,1369,사줄볼줄아는사람있음??,무료로 봐주는사이트에서 해봤는데<U+00A0>이것만나오고 끝임이 한자들은 다 무엇인고
783,1370,코감기때문인가,울고 나서 코 약간 찡한기분 드는거있잖아 
784,1371,이갤 발견하고 나서,원래 디시 안하다가 좀 하게 됐는데  
785,1376,인프피. 근래 느낀거 몇가지..jpg,나랑내 친구도 인프피인데개는 매번 불평불만을 함. 너무 부정적임.나는 그 반대다 너무 낙관적임낙관적인게 좋은거같다 인프피는
786,1377,인프피 유머감각?,코드 잘맞으면유머재능 좋은거같음.
787,1378,말에 너무 지배당해,좀 상처되는 말 들으면 그게 영향력이 너무 커서 종일 다른 일에 집중을 못하고..그러면 그 사람이 내 일과를 망쳤다는 생각에 원망이 커지고...
788,1380,인프피 수일간이 젤많을듯,임수아님 계수ㅇㅇ 
789,1381,한가지 팁 드림.jpg,힘들다어렵다생각하지마생각보다 너무 단순하게 풀릴 문제들을스스로 우울의 감옥에 가두지마시길ㅇㅅㅇ
790,1383,난 사주 잘 모르는데,불이 많대...안 좋은거지ㅜ
791,1384,난 우울증 잇는데 취직되면 해결될 것 같긴 함,우울증 때문에 몸이랑 머리가 굼뜨다 보니 취직이 꿈만 같아서 문제지 
792,1385,자존감이 너무 낮아,사람들 대할 때 방어적이고 기본적으로 사람들은 나를 안 좋아한다는 생각을 깔고 가는 것 같음ㅠ살아온 걸 생각하면 막상 그렇지도 않은 게. 상대가 먼저 다가와줘서친해진 경우가 많았거든근데도 내가 먼저 친해지고 싶은 티 내면 나랑 거리 두고 그럴 것 같아서 상대가 먼저 안 다가오면 그냥 포기함.. 사교성 없다고 평가받는 것 보다 내가 먼저 마음 열었다가 상처받는게 싫어 못 버텨ㅠ
793,1386,난 취직하는거 개무서움,취직하면 돈생기고 주변사람도 쨋든 생기는거니까 지금보다 좀 나아질거같다고 망상은 자주하는데 
794,1389,니들 진로가 뭔데. 꿈이뭐냐?,어떤직장가지고싶음
795,1390,나는 인생을 도망만 치면서 살아왔어,나를 좋아해줬던 사람들에겐 실망만 안겨줬고 
796,1391,인프피가 나쁜건 아닌데,마냥 극혐하는 년들이 병신임
797,1393,인프피인데 인기 많았오,남들이 극혐이든 뭐든 커뮤에서나 그러는거지 내 성격 고칠 점 많다고 생각하긴 하는데 다른 성향 사람들이 인프피 극혐! 이러는 것도 웃기네ㅋㅋ
798,1394,혈액형성격론 갤러리도 있는데 mbti신봉자들쯤이야..,mbti가 빅파이브나 mmpi 같은거에 비해 신빙성은 훨씬 떨어진다지만 흥미롭긴 제일이지  
799,1395,고민상담좀 ㅠ,재수하는 친구가 있는데 얼마전에 수능쳤자나 
800,1396,여긴 인프피를 빙자한 찐따우울증갤인걸..,그렇게 자기 인프피인 거에 집착하는 사람도 별로 없고.. 
801,1397,회사생활하고 싶다는 인프피 있니?,회사생활은 인프피가 아니라도 싫어하려나? 
802,1398,내가 미묘한 감정변화를 잘 캐치하는 건지,아니면 그냥 과대망상을 하는 건지 구분이 안 가..... 
803,1403,내 우울함이 돈이 많다고 사라질까? ,궁금하니까 돈많고십네 어ㅋㅋ
804,1405,내 자신이 너무 병신같고 자괴감 들 때는 어떻게 하냐,별 것도 아닌 일로 엄청 괴로워하는 중인데그래서 제목 같은 상태임어떻게 해야 하지
805,1406,단체생활 잘 모르겠다,마냥 싫은건가난 군대때 분대장도 재밌게 해보고 그래서솔직히잘맞으면 뭔가 재밌는거같은 느낌들어그러면서도 뭔가단체는 불편해근데 그게 말야알아가기전에 불편한데잘맞도 괜찮으면 또 재밌을거같고애매하구만용
806,1408,여긴 뭐하는 갤이냐,시발 그냥 차라리 모태솔로 갤러리로 와라 
807,1410,나도 내인생. 나는 내가 너무 완벽하길 바랬음,고딩때 스스로 자책을 많이 했는데  
808,1412,하위 나 infp,하위하위
809,1413,앞자리 다른 친구드라 안녕,나 enfp<U+00A0>가끔 우울해지면 infp
810,1414,ENFP 친구한테,나 인프핀데 그 엔프피친구한테 내일까지 istj되면 v50s 사주겠다함반대로 걔는 나한테 내일까지 estj되고 반에서 짱먹으면 노트10 사준다함 ㅇㅇ솔직히 뭐가 가능성높냐?
811,1417,infp랑 잴 안맞는게 mbti 머인??,머인 ??
812,1418,인ㅡ하,놀러와봤어
813,1420,근데 인프피끼리 잘맞는듯,서로 싫어할 부분 안건드리고?<U+00A0>
814,1421,과후배 중에도 인프피있는데 대학생활 박살남 ㅎ;;,꾸미면 이쁠 상인데  
815,1422,너네들도 s인애들이랑 대화 잘 안돼?,뭔가 대화가 힘들어 내가 바보 되는느낌이라 시러
816,1424,여기 문예창작과 있음?,가면 굶어죽겠지?글솜씨도 좋지도 않은데<U+00A0>어차피 병신 문돌이라 전공살려 취직도 못할 것 같고 공시충 예약인데글쓰기는 한번 배워보고 싶은데 괜찮으려나
817,1426,문과계랑 예체능은 절대 하지마,나처럼 취미로만 해 
818,1429,님들은 INTP-T 8w7 어케봄,궁금하네 
819,1430,인프피 과선배,이분도 눈이 맛이 갔음 
820,1432,현실에서 인프피 만나본적없는데 궁금하긴함,ㄹㅇ거울보는느낌임?
821,1433,근데 솔직히 님들 다 그냥 외계인 같음 ㅎ,물론 제 과거가 제일 외계인 같지만요 ㅠㅠ 
822,1434,"축하해, 찐따가 늘었어.",
823,1435,잔다르크는 infp 뭐임? a?,?
824,1438,나는 갈수록 못된 짓만 하고 있어,옛날에는 많은 사람들이 날 호의적으로 봐줬는데  
825,1439,MBTI의 모순,INFP는 씹아싸인데 깊게 사귀는 소수의 친구가 있음
826,1440,나 p인데 의외로 j도 좋은거같아,실행렷은 없는데 계획짜고 계획대로 움직이면 쾌감들어ㅇㅇ어쩌면 나 j쪽일수도 있어?
827,1441,인프피 감성에 맞는 시간의 바깥을 듣자,
828,1442,난 일부러 남의 mbti를 알려고 하지 않음,남의 mbti 유형 아는 순간부터편견을 가지고 대하게 돼서차라리 모르는 게 약이라고 생각함
829,1443,귀에 걸면 귀걸이 코에 걸면 코걸이,"그렇기 때문에 인프피라서 너무 낙심에 안 빠져도 된다고 생각함인프피는 인프피일 뿐좀 더 객관적인 시각을 가지는 게 중요하다고 생각함즉, 인프피 틀에 맞춰 갇히지 말고, 좀 더 내 목소리를 귀 기울이는 게 좋다고 생각해"
830,1444,강한 마음을 갖고 싶었음,순진하게가 아니라 순수하게요 
831,1445,infp 랑 초자아관계는 istp 라고하네,"Group D : 성격적으로 가장 불편한 관계 [1. 초자아 관계(Super-Ego relations)] 성격 보완 - / 에너지 보완 *** = 3<U+00A0><U+00A0>상호 존중의 관계이다. 상대를 조금은 신비스럽게 이상화한다. 서로 친절히 관심사와 행동, 사고 구조를 보여준다. 서로 따뜻한 감정을 경험하지만, 제3자가 보기엔 차가운 관계 같다. 만약 공통관심사가 없다면 매우 형식적이 된다. 단순히 서로가 자기만의 관점을 표현하려 하고 상대방을 경청하려 하지 않는다. 어느 한쪽의 확신의 측면으로부터 오는 이러한 표현은 다른 한쪽에게는 확신이 가지 않는다. 상대의 말에 확신을 갖지 못한 상대가 자기 자신의 확신을 보여주기를 시도한다. 만약 그들이 서로를 충분히 알지 못하면, 단순히 자기 관심사와 상대에 대한 존중을 드러내는 관계일 뿐이다. 더 가까운 관계를 시작할 때 그들은 많은 문제를 경험한다. 이런관계라고함"
832,1446,열정이란 불꽃은 어렸을 때나 활활 타오르지,그 불꽃도 이젠 꺼진지 오래이미 식은지도 오래
833,1447,"ㅋㅋ 뭐야, 과거의 나.. [귀.엽.잖.아.?]..^^*",
834,1448,st 계열은 그냥 있어도 안 맞다는 게 느껴져,딱 정반대니까
835,1449,솔직히 이것도 싫고 저것도 싫고 불만만 가득한 타입이야,ㅈㄱㄴ
836,1450,너내는.알고보면 많이착한애들같다,오래된 생각이다 
837,1451,인프피라서 정병인게 아닌 것 같아,"""너""라서 정병인거야 "
838,1452,성격이 정말 많이 바뀌긴 했지,진짜 남들 많이 괴롭히고 다닌다 
839,1455,외계인 여러분 이거 듣고 주무세요,https://youtu.be/iL7eEVpJ9WA 
840,1459,다른 사람 감정쓰레기통으로 쓰는 거 같아,안녕인프피갤이 있어서 놀러왔어나 항상 무슨 검사를 하든 인프피 나오는 사람인데(나름 전문기관에서 한 검사 포함)다른 사람이랑 만나면 대화가 잘 안돼말 많은 사람이랑 만나면 일방적으로 듣거나말수 적은 사람이랑 만나면 일방적으로 말함 ㅇㅇ 핑퐁이 전혀 안돼...ㅠ말 수 적은 사람이랑 대화하면 항상 내가 그 사람을 감정쓰레기통으로 대하는 것 같아서 막상 헤어지면 너무 미안해져<U+00A0>너무 내 말만 했나 싶어서먼가 게시글 눈팅해보니까 감쓰취급받는 사람들 많길래...나같은 사람도 있나 궁금해서 글써봐...
841,1462,노래추천,ㅇㅇ 
842,1463,노래추천,
843,1464,인프피특중에 제일 공감가는거,언어감각 좋음외국어 빨리배움수에 약함이거 세개 ㅇㅇ국어랑 영어만 등급 개잘나옴
844,1465,Mbti하면 맨날 isfp infp 둘중에 하나나옴,고정이아니고 유동임
845,1468,인프피특징보다가 개인적으로 너무 공감가던거,친구가 찡찡찡찡찡대는거  진짜 무심하게 듣고(중간에 딴생각도함) 그냥 몇마디해주는데  '니만큼 날 잘 이해해주는 친구가 없다 ㅠㅠㅠ' 애새기들 맨날그럼 ㅋㅋ  그래서 내가 '빈말하지마라'고 하면 고민털어놓은 친구애들 이름 대면서 '얘네한테도 털어놨지만 니가 최고야 ㅠㅠ ' 이럼 ㅋㅋ 그뉘ㅣ 사실 중간중간에 안듣고 다른 공상하다가  친구말 집중해서 듣고있는 척하려고  '듣고있었던거처럼 느끼게할만핝얘기 뭐있지?' 라는 고민하다 떠오른 말 몇마디 던진거임 그리고 다시 딴생각함 ㅋㅋ  근데 그런거 듣고 감동받아서 매번 미안함  근데 그런 반응 나오는 이유는 충분히 알만하긴함  잠오니깐 안적어야지 ㅎ  
846,1469,난 인프피인데,ㅈㄴ 몇년동안 인프피인데 국어나 외국어는 좀 딸리고
847,1470,인프피는 우울을 초월한 존재들이다 ,오히려 우울을 즐기는데 우울에 잠식당한 저급 인프피들과 다르다.. 바로 너말이야
848,1471,어느 유형이든지,"관심사나 가치관, 대화코드가 맞으면 궁합이론 상관없이 잘사귀는거같어 반대로 안맞으면 어느유형이든 안맞고... 근데 ESTJ랑은 도저히 못친해지겠드라 ㅋㅋ "
849,1472,이런 갤이있네요,
850,1475,상대방한테 혼자 실망하고,실망하는 내가 싫음
851,1476,잘생기고 키컸으면 인프피같은거 되지않았겠지,외모가 성격을 결정해
852,1478,인프피로서 제일 힘든거,상대방이 내게 과분할 정도로 잘해주는게 느껴지는데그냥 사소한 말이나 행동의 변화... 정말 별거 아니어도(그 날 컨디션이 안좋거나 그런 거일 수도 있는데도)그거 하나에 의미부여해서 내가 뭐 잘못했나 발 동동구르게 하는거이게 개인적으로 제일 힘들었오
853,1480,근소한 차이로 infp 인데 나도 infp 냐,t가 49퍼고 f가 51퍼임
854,1481,셀카 보는데 잘나보였다 못나보였다 오락가락해,무슨 거울보는 것도 아니고  
855,1482,ㅋㅋㅋ 여따가 인생썰 풀어놓으니깐 딴갤에 누가 내글 퍼감;;,악랄한 녀석 ㅠ 애들아 조심해 이런데서 인생얘기하면 정신병자로 박제된다 난 정신병자라서 괜찮지만 
856,1483,초딩 때 enfp엿는데 언젠가부터 infp 됨,처음이랑 두번째인가 한두번 enfp 나오고 쭉 infp 나옴몇년 전부터 우울증이랑 공황장애 때문에 정신과 다니고 잇슴ㅡㅇ응;;망상 존나 심함 특히 피해망상;;혼자 버림 받는 상상 누구랑 얘기하는 상상 그ㅓ런거 개많이함 ㅠㅠ
857,1485,인프피한테 중요한건 버림받아도 괜찮다는 생각같아,인프피는 피해망상 이런거는 타고나서 버릴 수가 없는듯
858,1486,너네는 알바 어떤거 하냐,나 첫알바로 샤브샤브 뷔페알바 했다가 뒤질 뻔함 
859,1488,종교의 무서운 점,수많은 빡대가리새끼들을 스스로가 현명한 지식을 갖추었다고 믿게 만듦 자신의 종교적이고 신비주의적인 색채 겉으로 드러내며 뭔가 있는척 과시하길 좋아하고 그 와중에 남들을 둘러보니 타인은 그런 방면의 지식이 없어보이고 세속적 탐욕만 추구할 것이라 믿는 그 선민의식 그 의식을 가진 빡대가리들을 양성하는게 세상종교의 역기능 중 하나임 매우두려움 ㄷㄷ
860,1489,인프피들은 성공한 사람이래봤자 고작 연예인 소설가 같은거밖에없어 미친거지,애초에 그분야는 성공할수있는 사람들이 한정되어있는데수백만 인프피중에서 몇십명만 부와 명예를 얻는다는거지
861,1490,enfp랑 infp 차이가 뭐임,몇 번을해도 enfp가 나옴 
862,1491,인프피 특징에 계획없는 것도 있나?,오늘 2시수업갔는데 
863,1492,자기 마음 안드러내는게 인프피특이라며?,나 나이좀 먹곤 감정적이라는 얘기 들어본 기억이 없음  
864,1493,infp가 자존감이 낮은 이유.gaseol,"조직체계+능력주의가 우세한 현대사회에서노동력 수요체계 자체가1순위. 시스템을 잘 이해하고 이를 활용한다(NJ)2순위. 시키는 걸 기대치에 맞게 성실히 해낸다(SJ)3순위. 빠른 학습속도로 무언가를 추진, 제작한다(STP)4순위. 적극적으로 타인을 설득하고 납득시킨다(ES)5순위. 팀의 사기를 높이고 경직성을 풀어준다(SF)6순위. 기발한 상상력을 구체화시키고 수익모델을 만든다(NT)순일텐데조직적으로 생산해내기 어렵고수익을 내기위해선 다른 분야에 비해 재능 커트라인이 높은예술같은 데나 재능있다고 알려지는 NFP,거기에다 찐INFP는 ENFP에 비해 타인에게 무관심하기까지 함+분위기메이커 역할도 못함쓰임이 없으니 당연히 자기가치를 낮게보고 비관적이게 됨요약: 현대사회에서 수요가 많은 성향들과 거리가 먼데다가그나마의 강점도 극소수가 다 해먹는 구조라 대다수의 INFP들의 자존감은 높지 않다16가지 유형만으로 사람 나누기는 힘들다지만 일단 여기서한탄하는 친구들 중에 위에 1~6순위는 얼마 없을 거다"
865,1494,능력적으로 자존감이 낮은 사람 손들어봐,아.. 난 때론 천재인거 같지만 실제론 그렇지 않겠지.. 진짜 잘난사람들과 비교하면 나도 멍청할 뿐..' 
866,1496,살면서 한번도 뭔가 최선을 다 한 적이 없다,그래서 지금 이 모양 이 꼴인데... 우울증까지 생기니 더 심해지고ㅜ열심히 살지 않은 것에 대한 후회가 너무 커그리고 내가 열심히만 한다면 지금보다 훨씬 나은 사람이 되(됐)지 않(았)을까 하는 미련과 나란 사람의 잠재성을 포기하지 못하는...ㅋㅋㅋ한심하지만 그래도 포기 안 해야지화려하게 성공하지는 못하더라도 떳떳하고 행복한 사람이 될래
867,1497,mbti에 대한 비판,"i-f-라면 타인을 비방하지 않아야하는데여기애들은 무슨 희망사항대로 설문조사했나?상대비판은 기본적으로 --t-의 특성이긴한데여기에서 비난에 가까운 독설을 하는애들이 몇 보인다내가 생각하는 infp들은 범죄자까지 품어주는 사람들인데가시가 돋힌걸 보니 살면서 상처를 많이 받았나보다나는 intj, infj정도로 결과가 약간씩 뒤바뀌는데나한테나 불특정다수한테 시비터는 사람이 없다면평소에 상당히 평화롭다근데 시비털고 돌아다니는 사람이 보이면 독설가로 변하지하지만 요즘에는 이마저도 안한다귀찮아서 그냥 무시하지 변하는게 없으니 흥미가 없다옛날에는 웃으면서 사람 마음에 칼질내는게 내 특기였지만요즘에는 t에서 f로 바뀐 상태라 많이 순해졌다그리고 내가 볼때 mbti는 한계가 있다결과값을 보면 %로 어느한쪽으로 기우는데만약 n값이 51%인 infp와 n값이 49%인 isfp의 성격은거의 똑같을거다그런데 결과값으로 보면 한쪽은 열정적인 중재자고 한쪽은 호기심 많은 예술가다지금처럼 2분법이 아니라 중립에 해당하는 값을 따로 설정해놨어야 하지 않나?위에 51%인 사람은 ixfp처럼 다른 값이 나와야할거 같은데지금은 다소 중립구간의 구분이 애매하다n이 99%인 사람과 n이 51%인 사람의 차이는 상당히 클텐데이런 부분을 무시하고 결과값을 퉁치는 경향이 있다ei/sn/tf/pj 수치의 각각 %값만 알아내서 활용하고16개 성격특징은 무시하는게 좋아보인다내가 볼때 그런 결과값은 일종의 세뇌로 보이거든타로, 별자리, 혈액형과 유사하다사회적으로 통제하기 쉽게 16개의 인간상을 만들어내기 위한하나의 수단은 아닐지 의심된다 군대나 회사같은 단체에서 주로 이값을 활용하지물론 이건 mbti이론을 만든 사람이 처음부터 의도한게 아닌사회적 부작용이라고 봐야할듯하다mbti는 미완의 상태이고 발전시킬 필요가 있어보인다"
868,1498,피해망상,아직 존나 심하다 정도는 아닌데<U+00A0>
869,1499,밑에서 범죄자도 품느니 얘기하길래 물어봄,누군 인프피가 범죄자도 품어준다하고  
870,1503,나 존나 불건강한 infp인듯,중딩때 친구관계에서 상처 많이입었어 
871,1504,대학원 자소서쓰는데 이것도 그렇고 곧 있을 면접도 그렇고 힘든점이,시발 내가 나 자신에 자신이 없다는거야; 객관적으로 시발 어디가 뭐 막 부족한건 아냐 학점이나 스펙이나 근데 걍 내가 나한테 자신이 없어 학점이나 뭐 영어성적 했던 경험 그건 내가 했던건 맞는데 걍 그걸 떠나서 내 자신한테 자신이 없다는거야 나조차 나한테 자신이 없는데 나를 누구한테 어필을 어떻게 잘하겠노좆도 한거 아무것도 없어도 자신이 있을 수 있을텐데 난 그것도 아닌데 걍 자신이 없는게 좆같아 대학원 붙기만 하면 공부는 하면 또 할텐데 내 어필하는게 힘들어 시바꺼ㅠ그래도 해야지 시발 어쩌겠어 아무리 의지박약이지만 삶을 바꾸려면 해야지 인프피들아 아무리 인프피여도 본인 인생 바꿀 수 있는건 본인밖에 없다는거 항상 명심했으면 좋겠다모든 것의 이유를 나는 인프피니까 로 해버리면 아무것도 못할거야인프피여도 분명히 노력할 수 있을거임...화이팅이다 시발
872,1506,애인이랑 일주일에 한번씩 꼭 싸우는 중,개같아
873,1507,(일기)요즘 성격 바꾸려고 노력중임,원래 공부도 계획없이 갑자기많이하거나 아예안하거나 둘중하나였는데 계획적으로 조금씩 하려고 하고 그냥 쉴때는 티비보거나 게임같은거 하면서 있고 사소한거 신경쓰지 말고 망상도 줄이고 그냥뭔가 감정이라는기능을 없애고 살려고 하는중임 감정은 나를 갉아먹고 힘들고 우울하게 만드는것같아 그냥나는 60억중에 하나니까 아무것도 아니라고 그냥 살아숨쉬는 무언가라고 생각하면서 살거임
874,1510,사이트 따라 다르게나오는데ㅋㅋ,
875,1512,니네 공부하기 싫을때 어떻게함,ㅇㅇ
876,1513,문가 하는 꼬라지 보면 화가 치밀어 오름,너무 재수없어서앞으로는 한국당만 주구장창 찍으려고
877,1514,흥갤 169위네,mbti갤은 200위 밖인데ㄹㅇ 청출어람
878,1516,다들 취미가 뭐임?,취미도 비슷하려나? 
879,1521,인픞갤라들은 영화 좋아해? ,겨울왕국2 너무 보고싶어ㅠㅜㅜㅜㅠㅠㅠㅠㅠㅠ
880,1524,다들 감명깊게 읽은 책 추천 좀 해줘,에세이나 자기계발책 같은거..ㅠ 우울한거 없애고 좀 생산적인 인간이 되고 싶어 ..<U+00A0>
881,1526,내가 개인적으로 겪었던 인프피들 공통점,잘났으면서 잘난 면은 맨날 숨김  
882,1527,얀태으법칙,너내도 심심하면 봐라 자존감따위는 버려버리자 
883,1529,나 같은 알콜중독 있어?..jpg,후회하고
884,1530,난 내가 안좋은 성격 고치다 보니 인프피가 된거같애,인프피스러운 성격을 좋다고 생각한건 아니고
885,1533,내성적인 여자 인프피인데 기질적으로 센 여자들이,날 좋게 봐주는 것 같아자기 주장 강하고 기 센? 그래서 나도 그런 사람들 좋아해친구들도 신기해함. 그런 애들이 나한테는 살갑게 군다고..근데 주장 강하고 쎈 남자는 싫고 안 맞음. 일단 무섭고 걔들도 나 싫어하는 것 같아서 피하고 봐ㅋㅋ
886,1535,난 소심한 관종이라,머리색을 존나 튀게하고 다녀 그럼 약간의 관심은 받지만 그게 나인거은 아무도 모르니까 ㅋㅋ아 병신같애
887,1539,난 여기가 좋아,그냥 뭔가 내 존재가 이상하다는게 아니라는걸 확인받는거 같애
888,1540,이번에 대학에 들어가는 인프피가 있다면 볼 것,"괜히 인싸가 되겠다고 어쭙잖게 학과 생활에 적극적으로 가지 않는게 좋다고등학교는 반 친구들과 자연스레 교류가 생기지만불특정다수의 낯선 사람을 한번에 맞닥뜨리는건 피곤하기만 하고 대학도 역시 사람이 모이는 곳인 지라별 해괴한 인간군상이 있고 이유없이 널 미워할 수도 있다이건 대학의 수준이나 지역을 불문하고 다 그렇다...나 역시 다시 새내기로 돌아간다면 두번다시 그렇게 살고싶진 않고그냥 그 자체가 흑역사라 생각해서 스무살, 스물한살 등 모든 기억을지우고 사는 편이다... 나에게 없던 시절이라 생각하고.굳이 학과 생활이 아니더라도 우리 그릇에 맞는 좋은 사람은 알아서 다 찾아오기 마련이라고 생각하는 편인 지라괜히 내 성격을 고쳐보겠다고 새로운 환경에서 피곤한 코스프레를 하는 것보다는인프피로서 넓은 세계를 마주할 때 어떻게 생존(?)하면 좋을지 끊임없이 탐구하는게 적절하다고 생각해인프피가 잘하는거 그거잖아 사람 관찰하는거이 사람 저 사람 다 사귈 필요 없다..."
889,1542,난 인터넷 커뮤보면 왜 그렇게 피곤하게 사나 그런 생각 들던데 ,모두 다 눈팅만 하고 살고 굳이 피곤하게 댓글 안달면 평화로울걸 
890,1545,사랑해,다정하지는 못해도
891,1547,엔팁은 어떤 거 같냐 entp들,인프피랑 잘 안 맞나
892,1548,니넨 인프피인게 좋아? ,난 인프피인거 말하기 싫어서 친구들이 너 mbti뭐냐고할때 isfp라고 하고다녔어
893,1550,난 인프피인 내가 싫지만 이런 병신적인 모습도 좋아,자존감은 뒤졌지만 자기애는 드럽게 높음 
894,1555,인프피 화이팅,(´；ω；`)
895,1559,그럼 인팁이랑은 어때?,엔팁이랑 잘맞는다는 갤러들 많아서 물어봄 별로임? 
896,1561,나 이갤 부매니저 하고싶어...JPG,볼때마다너무사랑스러워 ㅇㅈㄹ<U+00A0>ㄹㅇ ㅠ<U+00A0>
897,1563,인프피가 하는 공감이 선택적 공감 이라는걸 진짜 너무 느낄때,내가 하는 공감이 딱 선택적 공감임내가 겪어보지 않은 일에 대해서도 공감을 해 줄수는 있음 아니 정확히는 공감하는 척 이지근데 유별나게 내가 겪어본 것에 대해선 엄청 공감을 하게 되잖아근데 난 어느순간 내가 그렇게 어 맞아맞아 나도 그래봤어서 알지 하고 공감해주는게 그 상황에 놓여있는 상대방 보다 이전에 그런 경험을 했었던 나 자신에게 공감을 하는 것 같은 느낌을 받았어그 상황에 놓여있었던 나 자신에 공감하는;; 너네도 그래?시발?
898,1564,배고프다,뭐먹지
899,1565,의미부여 안 하는 방법이 뭐가 있을까,"말 한마디, 사소한 행동에 의미부여하게 돼"
900,1566,인붕이 남잔데 예쁜 인프피녀 사귀고싶음,인프피녀랑 섹스하고싶어~~~ 
901,1567,정치성향 보수인데,infp 는 왜<U+00A0><U+00A0>극좌라고 생각하지MBTI로는 그런걸 알수 없는데
902,1568,의미부여 나도 존나 함ㅌㅋㅋ,ㅋㅋㅋㅋ 망상을 멈춰야해
903,1569,디시위키 mbti 문서 작성자 중 한 명인데 질문 받아봄,https://wiki.dcinside.com/wiki/%EC%82%AC%EC%9A%A9%EC%9E%90:%E3%85%87%E3%84%B1오랜만에 디시를 와봤는데 우연찮게 infp갤이 있어서<U+00A0>한번 놀러와봤음질문 받아봄
904,1572,infp로 살면서 느낀 제일 경계해야할 대상,위이이이잉
905,1573,하루에 열번씩 인생한탄하고싶음,매일 참는중 
906,1574,내 인생을 망쳐버린 그녀석,나를 망친 내가 너무 미워 
907,1575,못된마음 먹으니깐 얼굴도 바뀌는듯,그간 품은 못된 마음이 어느새 얼굴에 다보여.. 
908,1582,남과의 적당한 거리감,남들이 날보는 시선: 
909,1585,니들 왜 공격 받는지 앎?,다른 유형들이 놀려먹기 좋은 타입이라 그럼 
910,1587,ㄴㅣ네도 니네가 친한 지인들은 너를 엔프피라고 생각함?,?
911,1594,ㄹㅇ루다가 인프피 갤 왤케 편함,인프피 내일도 화이팅
912,1595,방금 인프피갤 정모하는 상상함,(노래방) 
913,1599,인프피의 산책,
914,1602,나 인프피인데 코노 개조아하는디..,흠 
915,1605,제일 잼없는 유형,"솔직히 제일 제미없는 유형이 isxx들임. 뭔가 내향적에다가 망상하는 맛없어서 잼없을것 같음. 안그래도 내향적인데 망상도 안하고 감각적만으로 어떻게 사는지 궁금. IN계열들은 망상하는 맛이라도 있고 ENFP는 4차원짓하면서 인싸되는 맛이 있고 ENTP는 4차원짓하면서 가오잡고 날뛰면서 또라이 인싸되는 맛이 있고 ESFP,ESFJ는 진성 핵인싸되서 노는 맛이 있고 ESTP는 일진짓 하는 맛이있고 ESTJ,ENTJ는 리드하는 맛이 있는데 ISxx는 노잼인듯...."
916,1606,누가 아무말안해도 나 힘든것좀 알아줬으면 좋겠다,그리고 위로좀 해줫으면 좋겟ek
917,1607,infp들이 mbti를 좋아하는것도 망상하기 때문인거같애,infp에 대한 묘사가내가 그런것들을 보여줄수 있는 여건을 갖추었다고상상하게 만드니까 말야근데 노력해서 가지기 쉬운 좋은 여건이란 뜻일뿐 내가 그런능력들을 가졌다고 볼수 없는거 같음
918,1611,애인을 사귀고 싶지만 사귀면 정병심화되고,무리에 속하고 싶지만 막상 하나하나 신경쓰느라 힘들고
919,1612,학창시절 인싸였던 시절이 얼마나 있었는지 떠올려봄,4~5살 아싸  
920,1615,난 학창시절애 일진이 말걸어주는개 잴좋앗는대,왕따당할 정도의 존재감은 없어서 셔틀이나 괴롭힘 잘 안당햇는대 
921,1616,가장 수치 높은게 머냐,나는 I하고 P가 높고N하고 F는 많이 안높음
922,1617,난 같은 infp 좋아해,근데 서로 비슷한걸 너무 잘느껴서인지 오히려 거리두게되더라그래도 좋음
923,1618,나 고객접대 완전 좋아하는데,평소에 대화할 친구 없어서 
924,1619,나는 한번보고 지나칠 사람들한테 되게 따뜻하게 대하네..,계속 볼 사람들한텐 차갑고.. 
925,1621,enfp랑 infp 둘다 잘 나오는 사람있음?,isfpintpinfj는 각각 인프피랑 동시에 나온다는사람 다봤는데여기와서 이게 젤 신기했어다같은 인프피가 아닌가봐
926,1622,MBTI Form Q 정식검사 받아본사람?,144 문항이고중간지표나오는사람이 왜 그렇게 나왔는지 알려줌 ㅋㅋ내용이 엄청 구체적 ㅋㅋ
927,1633,님들 인생곡 알려줘 ,제일 좋아하는 곡 뭐 있니?
928,1634,씹씹씹씹씹씹스압) 인붕이 고등학교 왕따썰,사실 이거 적으려한게 아니라  
929,1636,인프피들아 급식때 일탈같은거 해본적 있니,술담배 같은거.. 
930,1637,생각해보면 나도,진짜 유치원다닐때부터 지금까지 
931,1638,생각에 대해서 말하고싶은게있음,난 어떤 무언가에 대해 생각1을 하면 내가 한 생각 1과 반대로 '이런 부정적인 생각을 하는 사람도 있겠지?' 라는 생각이 동시에 드는데 그런 '이런 부정적인 생각을 하는 사람도 있겠지?' 라는 생각 자체도 내가 부정적인 그 생각을 하니깐 생각 해낸 거잖아.  
932,1639,너흰 관심없는 이야기 들으면,다른 생각하자너 근데 톡같은 경우 어떻게 대함?? 상대방이 자꾸 관심없는 얘기하는데 이건 무시할 수가 없자낭
933,1640,난 남의 얘기 듣는거 좋아하는데 ,내가 좋아하는 사람이면 백시간도 들어줄 수 있어
934,1643,인프피들 좋아 ㅋ,음침한 맛이있긴해도 f계열이라 화가덜함
935,1644,언어 공부하는건 재밌는데 말하는걸 너무 못해 ,여태 흑역사 중 하나가 영어 토론 수업.... 
936,1646,이거는 검사할때마다 바뀐다,성격이 계속바뀌니까 
937,1648,혹시 회피애착성향있는사람 있냐,뭔가 인프피특징이랑 부합하는게있는것같음ㅋㅋ .. 
938,1650,군대 월급 천만원주면 다시갈우있어?,선임이 전부 ESTJ 임
939,1651,예전엔 찐따처럼 다녔는데 요샌 아님 ㅎ,요샌 더 발전해서  
940,1652,난 인프피라서 주변인들의 마음을 쉽게 읽을 수 있음.. ㅎ,인붕 쿤.. 기분 나쁘니 다가오지 말아줄랫..?!'  
941,1653,찐다는 두 종류로 나뉨,1. cute한 찐다 
942,1654,댓글에서 말한 회피형인간 책 이거야,읽으면서 약간 헛웃음 지었음
943,1656,성격따라 얼굴도 정말 변하는듯,중딩  
944,1658,요즘 열심히 살려고 노력중임,운동도 3개월치 끊었고 중도했던 공부도 다시 시작했음 ㅎ 
945,1659,병신같이 행동하지 않고는 참을 수가 없는 병을 앓고 있어요,후후 
946,1660,인프피의 혼영,영상미 ㅗㅜㅑ...
947,1661,그냥 1년쯤 절에 들어갔다올까?,자기혐오는 끝나질 않았음 
948,1662,와 방금 사색 중에 엄청난 사실 깨달음,제가 병신같은 행동하는 날은 얼굴이 못생겨보이는 날임 
949,1663,전 기분나쁜 병신새끼입니다,인프피갤에서만큼은 대놓고 부탁드리겠어요 
950,1664,밤에 후회하지 말고 낮에 후회해야 함,낮에 후회하면 후회가 반성이 되고 노력을 이끌어내지만 
951,1667,어디서 임재범이 infp라는데,맞는거같음??inf 는 맞는거같음
952,1668,우울증을 해결할수 없을때 어떻게 해야할까,"술이라도 마셔야 할까?즐거움을 술로 해결하려들면 점점 의존증 생길까 걱정됨담배라도 다시필까? 몸에 너무 안좋은거같음음악이나 책은 기쁘게 만들어줄때도 있지만 항상그러진 않음친구에게 기대는것도 좋은방법이 아닌거같음그 사람들도 지치고 힘들어함음식먹는것, 게임하는것도 공허하게 느껴질때가 많아 답이 아닌거같음내가 행복을 너무 단순하게 생각하는걸까? 투입하면 나오는 알고리즘처럼말야마음이 너무 약해서 일을 못함일할 능력이 있는데 의욕이 없어서 못하고생각할 능력이 있는데 의욕이 없어서 살펴보질 못함너무 헛소리한거같으면 지울께.."
953,1669,infp가 생각하는 infp의 속마음은 애증,본인을 찐따라고 비하하는 거 보고 
954,1671,너네 전화하는거 무서워함?,ㅠㅠㅠㅠ얼굴보고 말하면 차라리 편한데 전화로 하면 어색해서 긴장함 
955,1672,난 외모가 완벽해지고 싶은게 아냐,난 못생기지 않았음 
956,1674,creepy한 찐따가 아니라 cute한 찐다가 되고싶어 ㅠㅠ,IQ(InbungQun) is so creepy ㅠㅠ 
957,1676,인터넷에 그런 이상한 글 쓰는 것부터가 기분 나쁘다구~ 인붕쿤!?,그리고 인붕쿤은 cute한 찐따가 되기엔 너무 늙었어~ ㅠㅠ 
958,1677,애들아 항상 이쁘고 순수한 생각하고 살오 ㅎㅎ,안그럼 나처럼 Creeper가 된다구.. 너흰 아직 참 귀엽구나 
959,1680,워마드년이 분석한 한남mbti,나는 infp 뇌내망상충 한남이노 
960,1681,와... 존나 활발한거봐..,인프피의 기괴함이란..
961,1682,난 다시 태어나도 못생긴거택함,적당히 못생기고 능력업고ㅇㅇ 
962,1683,나 고1때 왕따당했을때 왕따시킨애 안 미워했는데 인붕이스럽냐?,물론 이새낄 패야하나 말아야하나 고민한 부분은 ㅎ 
963,1691,좋은 명언 찾음, - dc official App
964,1694,안녕 귀여운 인프피들아,인프피들은 귀여운데 밖에서 찾기 힘든 것 같애
965,1696,눈앞이 안보여서 기분좋아헤헿,머리칼이 눈을 찔러 
966,1698,인붕이 헤어스타일 어때 ㅎ,이게 두달 전이니깐  
967,1710,나 담에 외모변화 올려볼래,역변인지 정변인지 말해줘봐 인붕이들아 ㅎ 
968,1711,주위 사람한테 화 내 본 적 있어??,진지하게
969,1712,오랜만에 이갤,졸려서 퇴갤
970,1713,법률스님.interview,"- 질문자 : “사람이 즐겁게, 때로는 고되게... 하루하루를 살아가는 이유가 무엇입니까? 왜 사는 걸까요?”<U+00A0><U+00A0> "
971,1714,엔프제랑 엄청 잘 맞는것 같지 않음?,난 애인도 엔프제 고딩때 제일 친했던 친구도 엔프제인데 둘다 성격적으로 너무 좋고 잘맞아잘맞는다기보단 엔프제쪽에서 날 잘 대해주는거지 멘탈케어도 잘해주고 항상 응원해주고 그래서 좋아 멘탈약한 인프피 입장에선 엄청 힘이 돼
972,1715,여태까지 살며 들은 것들 중 제일 속상한 말들,"1. 나는 고등학교 때 상당한 범생이로 소문이 나있었다.사실 그렇게 열심히 했는지는 모르겠다.그냥 다른 지역이었으면 평범하게 공부하는 그런 사람.우리학교는 우리 지역에서 알아주는 그냥... 그 지역의 딱 하나만 있는, 다른 동네에서는 똥통학교로 알려진 그런 곳.나는 유달리 목표로 하던게 있어 공부를 열심히 했다.내신따기 쉬운 곳에서 전교 1등을 내내 하던게 큰 의미가 있을지 모르겠지만 이미 나는 주변 사람들에게 샌님에, 범생이에 그저 공부만 할 줄 아는 독종으로 소문나있었다.여느날처럼 반에서 문제집을 피고 공부를 하던 도중주변에서 수군거리는게 들렸다.""쟤는 분명 엄마가 생일 선물로 문제집 사줄걸.""그냥 농담이라 받아들여도 될 지, 당시엔 헷갈리는 말이었는데곱씹고 생각하다보면 이는 단순히 나를 향한 말이 아니라묵묵히 응원하는 부모님까지 모욕하는 기분 나쁜 말.늘 생각해보면 그 애의 책상을 뒤집어엎는게 가장 현명했을 것 같다2. 대학에 오면 모든게 해결될 줄 알았다.근데 시작이더라, 공부만 잘하면 되는 줄 알았는데,우물 안 개구리처럼 살았던 시골 촌놈에겐 모든게 생경했다.내 외모가 어때서, 기존에는 생각지도 못했던...나는 늘 주걱턱이라는 이름으로 놀림을 받았다.물론 그들에겐 장난이었을진 모르겠다.나는 그 상처가 여전히 남아 새내기는 물론 15학번 입학 이래 추억이라고는 잘, 모르겠다.엘레베이터를 탄 뒤 우리 학과가 있는 복도로 들어서는게가장 힘든 순간이었으니까.내년이면 졸업을 한다... 나는 어서 그 자리를 피하고싶다.다행히 휴학을 한 뒤 수술을 통해 교정을 했다.무사하지는 않았다. 중환자실에 있던 일은 억겁의 시간,그 뒤에 얻은건 피가 멈추지 않는 희귀병 진단을 받은 것.3. 우리 아버지는 늘 암으로 고생하셨다.수험생일 때에는 공부에 방해될까봐 끝내 숨기셨던 당신의 투병.이미 하늘로 먼 여행을 떠나셨지만, 늘 해맑게 웃으시고아들 뒷바라지를 위해 부단히 일하시던 전액 장학금을 받았기에 학비 걱정 없이 비로소 집안 살림을 오로지 치료만을 위해 쓰시던 아버지 모습만 생각하면여전히 마음이 아려오고, 나는 병상에서 고생하시던 당신을 위해늘 학교를 마치고나면 빨간 버스를 타고 일산의 병원으로 달려가작은 간이침대, 그 마저도 부족해 로비의 좁은 벤치에서 잤던 기억이 여전하다.친구라는, 아니 친구였던 그 녀석은 내게 알바 대타를 뛰어줄 수 있었냐 했다. 나는 완곡하게 거절을 했지만, 돌아오는 말은너는 왜 여유도 많고, 매번 여자친구 만나는 일 외에는별다른 일도 없으면서 도와줄 생각이 없냐고,연말에 여행을 가야한다고, 너는 시간이 많을테니까 도와달라고,나는 끝내 친구들 걱정시킬까봐 늘상 숨겨오던아버지의 위독함을 넌지시 말했지만그 뒤에 돌아오는 말은 이제 아버지까지 팔아넘기냐는 말이었다.아마 살면서 가장 화가나던 순간이 아니었을까,당시에는 무사히 퇴원을 하셨지만, 이런 저런 이야기를아버지와 나누면서도 아버지는 하루하루 쇠약해지셨다.결국 한 달 뒤에 먼 여행을 떠나셨다.가장 지독한 겨울.그냥 아버지를 위해 아들로서 미처 멋진 모습을 보이지 못한 것도 있지만무엇보다 친구라고 믿어왔던 녀석에게 나를 넘어서서우리 가족을 부정하는 말을 들은게 너무 화가났다...이 모든 고민들은 그 동안 내가 속으로만 품어왔지만인프피가 잘하는 그거, 속으로만 삭이는거,정말 병이 된다는 걸 알아서, 남몰래 일기장에만 쓰던 서러움들은이제 누구도 보지않는 인스타그램에도 올라가기 시작했다.누가 보든, 그거는 중요하지 않았다.내 감정, 내 이야기를 어디든 바깥으로 꺼내놓는 것은미봉책이 아니라 내 휴식을 위해 자리를 내어주는 순간이다.사람이 살면서 상처받지 않고, 휘어지지 않는 때는 없다지만남들에겐 사소한 일들로 비칠 수는 있겠지만나에게만큼은 가장 큰 파편들, 스물넷밖에 안된 삶에서도가장 나를 깨진 거울칼로 후벼드는 그런 것들이 있다."
973,1716,엔프피랑 인프피 중에 뭔지 모르겠는 인붕이는 없냐,난 엔프피 같기도하고 인프피같기도 한데 진성 인붕이들만 있는 부분?
974,1717,디시위키 infp설명,https://wiki.dcinside.com/wiki/INFP 
975,1718,INTP가 보는 INFP,누구보다 착하지만누구보다 쉽게 상처받아<U+00A0>한마디 한마디 조심하게 말해야 하는누구보다 독선적인 사람
976,1719,INTP가 보는 INFP와 ENFP의 차이,XNFP의 마음 속에는<U+00A0>이상세계가 있다.<U+00A0>물론 전혀 실현 가능성도 없고 계획도 없는<U+00A0>이상세계를 가졌다.ENFP : 친구들을 모아 이상에<U+00A0>대해 말한다. 근데 좀 멍청해보인다.INFP : 말도 안하고 곰곰히 생각하는 것처럼 보인다. 뭘 생각하는 지는<U+00A0>다 보이지만 상처받을까봐 함부로 말 못하겠다.
977,1724,인프피 도트 찍어봤음,
978,1726,중고딩때 mp3에 라디오헤드 노래 넣어놓고 맨날 들었는데,https://youtu.be/k3_RU30tEIE  
979,1727,인트피랑 인프피중에 뭐가 더 쓰레기,뭐가더 열등하노
980,1728,내가 정신병자여서 인프피일까 인프피라 정신병자일까,아니면 그냥 인프피이며 정신병자인걸까  
981,1729,남이 나와 같지 않다는걸 인정하는게 어렵다,...
982,1730,인붕이 점심메뉴를 결정못하겠다,혼자 학식 먹으러 왓다가 
983,1731,이제 친구라 할 사람이 안남았어,대학친구 = 수업들을 때나 얼굴 보고 잡담하는 애 
984,1732,ㅋㅋㅋㅋ 이와중에 남녀2인조가 말걸음,캠퍼스벤치에 앉아서 인붕글 쓰고 있었는데  
985,1733,난 화낸적이 별로 없는거같아서 돌아보니까 ,나한테 좆같이 말하거나 거슬리면 손절해서 그런거같아..<U+00A0>
986,1734,인프피라 인생손해보는느낌 강해,그래서 조커가재미있다
987,1735,나 enfp인데 직장생활 안 맞다고 느낌,예술 쪽으로 나가면 괜찮을까?취미로 시작해서 확장할까 싶은데
988,1736,영화나 드라마 캐릭터 이입할 때 많음,내가 망상 속에서 하는 것들 실제로 실현하는 거 보면 카타르시스 느껴져
989,1737,다른건 모르겠는데 i를 e로 바꾸긴 너무 힘들어,바꿔지지도 않고 바꾸고 싶지도 않음
990,1738,인붕이들이 스스로 성격에 대해 착각하지 말아줬으면 하는거 1가지,뭐 물론.. 나보다 너네가  
991,1739,배려도 자기중심적으로 하면 안돼,상대 입장에서 잘 생각해보고 배려해야해  
992,1740,인프피랑 제일 최악인게 estp래서,찾아봣더니 완전 스무살때 남친성격ㅋㅋㅋ
993,1741,인프피 사람 사이에서 인기 많음,첫인상때 인기 ㅈㄴ많음특히 학창시절에 애들이 친해지고싶어함웃기고 말 잘 들어준다고근데 오래된 친구들 없음내가 이상한걸 뒤늦게 알고 나를 버리거나내가 걔넬 존나 사소한 걸로 버렸거나꾸며낸 성격으로 원치 않은 인기 얻어버려서소심한 관종이면서 관심받는걸 매우 싫어함정말 나를 좋아하는 것 같지 않으니까
994,1742,너네는 감이 좋아?,촉이라든지 감 같은 거 말이야 
995,1743,이게 딱 진짜 인프피의 단점이자 장점인듯,어떤 모습의 나이던<U+00A0>내 모습에 취함그래서 부정적일 때도 많지만이 나의 부정적인 모습도 좋아해서모순적으로 긍정적으로 승화시킬 때가 있다;되게 단점이지만 어떻게 보면 엄청난 장점일수도.잘 활용해보자
996,1748,아니 이갤 진짜 딱 인프피스럽네 증말ㅋㅋㅋㅋㅋㅋ,"나 mbti 검사하면 맨날 infp, enfp, entp 번갈아 나오는데e가 외향성이라는데 내가 생각해도 내가 인싸는 아닌거 같거덩ㅋㅋㅋㅋㅋ낯 좀 가리고, 집에서는 조용한 편인데다, 특히 친척 모임 같은데선 가만히 앉아서 아가리 묵념할 때 많음... (친척들 무서움...ㅜㅜ)그리고 내가 하는 일이 집에서 하는 일이라 맨날 집에 처박혀있는데, 이런 일이 또 편한거 같기도 하구그래서 내가 외향적인 사람인가 내향적인 사람인가 정체성에 좀 혼란이 좀 있었음그러다 최근에 인프피 갤이란걸 발견해서 \'오? 함 들어가볼까?\' 했는데ㅅㅂㅋㅋㅋㅋㅋㅋㅋㅋㅋㅋㅋㅋㅋ아니 진짜 시발 사람들 말투 부터 딱 인프피스럽네 증말ㅋㅋㅋㅋㅋㅋㅋ아니 여기가 인프피 갤인지 고민상담 갤인지 시발 ㅋㅋㅋㅋㅋㅠㅠ왤케 사람들이 여리고 마음 약하고 커여운거임?ㅅㅂㅋㅋㅋㅋ진짜 무슨 커엽게 생긴 개복치 샊히들 보는거 같네ㄹㅇ 나 딱 존나 텐션 다운되고 피곤하고 슬플 때 딱 그럴 때 내 모습 보는거 같암ㅋㅋㅋㅋㅋㅋㅋ인프피 친구들아 힘내라..나같은 놈도 밥 처먹고 똥싸면서 사는데 ㅋㅋㅋㅋㅋㅋ난 그냥 뭐 하루하루가 그냥 븅신짓 흑역사 갱신 중이라 이젠 왠만한 븅신짓은 전혀 안쪽팔리고 덤덤해 진거 같은데니네들 겨우 쬬끔 민망한 일 겪은거 가지고 부끄럽다고 이불킥하고 피곤하게 그러지마ㅋㅋㅋ과거는 중요한게 아니니깐..!암튼 다들 힘내고 건강하게 지내라행복해지고~ 이 깜찍한 개복치색히들아"
997,1749,왜그럴까 하면서 힘들어할필요없음,내가 뭐 잘못햇나 생각할필요없음그냥 벌레새끼 취급하고 말면됨<U+00A0><U+00A0>
998,1750,인붕이들은 애니같은거 안보니?,너네 전부 집순이집돌이들이자너  
999,1751,난 내가 먼저 연락해도,그 연락이 서로 오래 간 적이 없어서  
1000,1752,나는,과거의 크고작은 잘못들을 안고 살아가야 해속죄할 방법은 없고 매일 고통받으며 살아야 해 결국에 나는 비관자가 될 수밖에 없는 걸까
1001,1756,에휴 남들은 친구랑 연인이랑 예쁜 추억쌓는데..,나는 다 죽은 감성에 물이라도 뿌려주려고 애니나 찾아보고 있노??? 
1002,1757,친구는 어디가서 사귀면 되니,대학에서 친구찾으란 말 하지말아줘 ㅎ............ 
1003,1759,인붕이의 최애 드라마,보다보면 그냥 선과 악에 대한 심오한 고찰을 넘어서서 미워할 캐릭터가 하나도 없고 배우 딕션이 좋아서 영어 공부도 잘 됨
1004,1760,몸도 마음도 creepy한 하루였다..,오늘도 인붕쿤 곁에는 아무도 다가오지 않았어.. ㅎ 
1005,1761,난 왜 이렇게 잘생긴거지?,거울이 나를 보고 웃잖아!
1006,1764,나 살면서 ㄹㅇ로 현실에서 누구한테 힘들다고 말해본적 한번도 없어..,아빠는 이혼해서 없고. 
1007,1767,엄마가 도대체 나보고 왜 그렇게 사냐고 앉혀놓고 물어본적있음 ㅋㅋ,얘기해보라고. 
1008,1768,엄마랑 아빠에 대한 감정,엄마랑 사이가 안좋진 않음..  
1009,1770,극단적선택 하고싶다,내가 왜 살아가야 하는건지 모르겠어 
1010,1771,문재인 씨도 인프피냐,
1011,1772,mbti 약식검사 하는사이트 말야,영문으로 된게 더 자세히 제공하는거같다뭔가 클릭할게 더 많은데??
1012,1774,인프피의 귀여움은 어디서 나오는거야,말투?행동?
1013,1775,정치계에 인프피가 있긴 있을까?,멀쩡한 사람도 산 송장으로 나오는 곳이라던데 
1014,1776,나도 애들한테 힘들다는소리 못하겠더라,힘들다 스트레스받는다 우울하다 이런얘기하면 니가 뭐한다고 힘드냐 너보다 힘든사람 많다 내가 젤 스트레스받는다 이반응임... 
1015,1777,학벌이 인생의 전부같애,삼년동안 수능 준비하다가 중간에 정병와서 진짜 올해 역대급으로 못봣어 그래서 지잡대 갈거같은데 진짜 매일매일 죽고싶단 생각밖에 안들더라.. 그냥 하루종일 우울해서 놀러가고 싶지도 않고 ㅋㅋ
1016,1778,번역판이 의역이 좀 있었던거같아,다른질문나오나 끝까지 봤는데 이게 같은 질문인거같더라난 조용한곳좋아하지만 벽쪽에 붙는거 싫어하거든
1017,1779,나사실 중딩때 찐따들 많이 개롭혓어 ㅋ,근데 지금와서 생각해보니 
1018,1780,내가 인픞갤에서 말을 이쁘게 하는 이유,너네가 이쁘게 놀아서 그런 것이다. 
1019,1786,나는 영원한 사랑같은거 믿지않아 ,진짜 미친듯이 사랑하던 시절도 다 지나가게 되있어<U+00A0>
1020,1790,인프피는 취해도 귀엽구나,이리온
1021,1792,미용실가면 제발 좀 말 안걸었으면 좋겠음,댓츠 논 오브 마 비즈니스 
1022,1794,제 친한 형의 조모께서 돌아가셨는데,음 이거 제가 어떻게 하면 좋을까요뭔가 힘이 되어주고싶은데 함께 있어주는건 거리가 너무 멀고음 어쩌죠
1023,1795,시발 방금 입갤했는데 바로 탈갤한다 시1방,"아까 INFP갤 첨 왔다고 글쓴,infp, enfp 왔다갔다해서 내 정체성 헷갈린다고 했던 새끼임내 얘기 궁금해하는 칭구들 아무도 없겠지만 충동적으로 글쓰고 싶은 삘땜에 tmi 해봄...요즘 MBTI에 갑자기 꽂혀서 이것저것 검색하다가 INFP갤에 도 들어오게 되었는데내가 mbti 테스트하면 infp, enfp, entp 번갈아 나옴E면 분명 외향인데 난 거의 아싸인데다 집에 거의 죽치고 사는 수준이래서때문에 진짜 내 성격이 뭘까 궁금증을 갖고 있던 차였기에INFP갤 첫글부터 마지막 글까지 정주행하면서 글들 전1부 훑어봤음그리고 정주행 다하고 느낀 점은아니 씨1발... 니네들 진짜 이렇게 힘들게 살아? ㄹㅇ진짜...무슨 우울증 갤도 아니고아니 진짜 나까지 존나 우울해지자너ㅜㅜ 시발아니 진짜아니 시발 진2짜 굳이 저렇게까지...? 싶으면서도 심적으론 뭔가 이해가 가기도 하고, 나도 옛날에 몇 번 쯤 경험 해본 듯한 일들이기에이게 그 공감 감수성인건지 뭔가 하는건지 조낸 발동해버림....진짜 오만 기 다 빨려서 겁나 우울해져버렸음....여기서 잠깐 쓸데없는 얘기로 넘어자면내 성격과 infp 특성과 정 반대다 싶었던 차이점들이 몇가지 있었는데 정리하자면 크게 세가지임첫째, 지나간 흑역사로 이불킥 하는거 - 다른 Infp들 말로는 흑역사 기억을 생각하기 싫어도 계속 생각이 난다는데 난 잘 모르겠음... 그래서인가 발전 없이 매일매일 븅신짓 갱신 중임ㅋㅋㅋㅋㅋ둘째, 남 눈치 보는것 - 꼭 필요한 상황 아니라면 눈치 보는것도 귀찮..셋째, 친구에게도 진정한 자기 자신을 드러내는 것을 꺼려하는 것 - 난 처음 만난 사람한테도 오만 븅신짓 뻘소리 다 드러내서 문제임암튼 이 세가지가 infp 유형과 나의 주요 차이점이라고 생각했는데근데 시발 너희 인붕이들이 써놓은 한탄글, 온갖 걱정거리... 그리고 날카로운 세상에 받은 상처가 응어리진 채로 묵묵히 늘어놓는 이야기들...그런 글들 읽으니깐 내 속에 잠재되어있던 INFP기질이 대폭발해버림...갑자기 옛날에... 좆병신이었던 시절,,,, 화장실에서 오줌싸려고 좆잡고 변기에 과녁맞추는 시늉하면서 ""목표물을 저격하라!"" 대충 이 지랄 하는 중에, 사촌누나 화장실 들어와서 수치플 당한거랑뭐 그런 병신같은 흑역사 갑자기 주마등처럼 스쳐지나가더라... 시발;; 심장에 비수 맞는줄....그러면서 갑자기 든 생각이.. 시발 일생동안 이런 븅신짓을 내내 해온 나... 다른 사람들은 날 어떻게 생각했을까....무슨 명치 존내 씨게 맞아서 주화입마 걸린거 마냥글 다 정주행하고 나니깐 농담아니라 진짜 기 쭉1빨려서 완전 소심2쟁이 다 된 채로 알바하러 감...알바할 때 손님한테 귀찮게 말 많이 거는 편이었는데 오늘은 ㄹㅇ 바닥만 보면서 아가리 묵념하고 있었다...암튼 쓸데없는 소리들이었고그렇지만 난 INFP 정말 매력있는 성격유형이라고 생각함 ㅇㅇ비단 내가 infp 성향을 가져서가 아니라 내 친구들 중에도 infp많고 다들 매력있고 좋은 친구들임영화 속에서 매력적으로 느껴지는 인물들도 infp가 많았음호감가는 성격이자너 ㄹㅇ루아 그리고 마상 당하고 탈갤한다고 했는데지금 생각해1보니 그건 아닌거 같고나도 어엿한 INFP인으로써, 가끔 생각날 때마다 이 갤 들어와서차갑고 매정한 세상에 치여 상처입은 인붕이들 얘기 들어주고, 공감해주고 위로해줘야겠다는 생각이 들음너희들은 사랑받을 자격 있는 친구들이고, 그런 자기 자신을 진정으로 사랑하는 것도 좋을거 같음어짜피 인생 한번 사는건데, 남들이 날 어떻게 생각할까 눈치보며 전전긍긍할 필요도 없다고 생각해..물론 난 오늘 생각난 흑역사 때문에 이불킥 좀 하겠지만..암튼 우리 순수한 인붕이 칭구들, 지금까지 못난 세상에서 어떻게든 잘 버텨와서 정말로 수고했고 앞으로도 힘내보자...!내가 생각해도 글 진짜 길게 썼네 한줄요약 그런거 없고 비추나 주라"
1024,1796,나도 학교 가기 너무 싫었는데,그래서 가끔씩 결석하고 침대에서 운 적이 잦았어그 이상의 기억은 끄집어내기에는 내 마음이 너무 아파서여기까지
1025,1798,인프피가 찐따라는 프레임도 다 사람들이 지어낸 것,원래 mbti는 둘 중에 어느 쪽이 한쪽에 쏠려도 거기에 대한 우열은 없거든근데 찐따라는 프레임은 다 사람들의 주관적인 생각이 밖으로 나와서 형성됐음난 사람들이 만들어낸 주관적인 프레임 따위 안 믿어호박에 줄 긋는다고 수박이 되나?이 말과 마찬가지로 주관적인 생각이 객관적인 사실이 되나?지들이 만들어낸 주관적인 생각이 객관적인 사실 마냥 말하는 거 자체가 재수없음
1026,1799,넷상에서나 인프피 욕하거나 인프피들이 쭈굴대는거지,인프피로 인기도 많고 잘먹고 잘사는 사람들 많음넷찐따들이 뭣도 모르면서 엠비티아이 따위로 우열가리고 같잖게 헛소리 하는거고그리고 잘살고 있는 인프피들은 현생 사느라 갤질을 안 하니까..
1027,1800,mbti는 유사과학이 맞는거같다,니들하고 같은사람이라고 생각하면 존나 끔찍해서
1028,1804,흑역사를 스스로 만드는거같음,그당시에는 별일 아니었는데 집에서 계속 곱씹으면서 과장시키는듯.. 
1029,1805,남얘기 잘들어주는척하면서 딴생각함,ㅋㅋㅋㅋㅋㅋㅋㅋㅋ 
1030,1807,친구사귀고싶다고!!!!씨발ㅠ,대학 다니면서 남긴 인간관계가 0이라니 
1031,1809,혼잣말하는거도늘음 ㅋㅋ,씨발 
1032,1810,난 누구랑 인터뷰 하듯이 혼잣말하는데 나만그러냐,누가 나한테 어떤 질문을 해서 거기에 대답하는 것 처럼 존댓말로 혼잣말 함 보통 내용은 내가 그 상황(실제로 일상에서 있었던)에서 어떻게 느꼈고 어떤 생각을 했는지 그런거
1033,1811,친구못사귀는거에 대한 변명 1가지,난 진짜 인붕인붕한 성격인데.. 말야..  
1034,1812,엘사 INFP 안나 ENFJ,엔프제 종특으로 인프피 찐따들 케어 잘 함
1035,1813,나 미용실 무서워..,옛날엔 노래방 무서워했는데 
1036,1814,다이어트나 운동하면 인프피에게 좋음,자존감ㅇ ㅣ많이올라가 
1037,1815,인프피가 귀엽다고? 다 구라뽕임,실제로 봐바 얼마나 좆같은데
1038,1816,사회초년생 인붕이 부쩍 드는 생각..,각자 잘하는게 뭐든간에 있는 법이야 
1039,1817,인프피가 대체적으로 언어능력이 좋은거임?,ㅇㅇ
1040,1818,나는 사람들 무서워하면서도 안무서워해..,나같은 애들도 있을지 모르겠는데 
1041,1819,본인이 모쏠아다 찐따인 이유 (심갤펌),일단 경계심이 강함  
1042,1820,최근에 mbti 알고나서 느낀점,
1043,1821,너네도 호구많이 당하냐 ,지금보다 어릴땐 누가 강매짓하면 거절단칼에 못해서 호갱행 종종했었다 ㅡㅡ
1044,1822,인생이 놈 힘들다,나만 병신같애 나만 다른애들 다 지 알아서 잘 사는대 왜 나만 나 알아서 못살까? 그냥 내가 병신새끼라서 그런가??
1045,1823,너네가 생각하는 '나'는 뭐야?,"우리의 육체는 지금 이 순간에도 외부와 구성원자가 섞이며 교환되고, 1년만 있으면 우리의 몸을 이루는 원자는 98%가 교체되. "
1046,1824,인프피들아,나 고프다 관심
1047,1826,이거 infp 특징임?,뭔가 하고싶은데 결국 못해서 후회함 
1048,1827,왜 디른 mbti갤은 없는데 infp intp갤만 있냐,넷상에 많은 유형이라는게 무슨뜻일까 
1049,1829,지금 사고 싶은 게 많아서 돈 많이 벌어야 하는데,그렇다고 해서 내 마음과 건강까지 해쳐가면서 돈 벌기 싫더라
1050,1837,난 내 친구들한테,항상 매달리는 느낌을 받는다 혼자서 전전긍긍해하고 서운해하고 나만 걔를 소중하게 여기는 것 같아 내 성향이 친한 친구 소수만 사귀는 건데 의지하고 상대의 일상을 궁금해하고 항상 선톡도 내가 먼저 걺솔직히 이젠 의존도 줄이고 말도 귀찮아 보여서 먼저 안 걸고 그러는데 보고 싶을때마다 힘들다 난 정말 걔네를 소중하게 여기는데
1051,1838,우울해,우울하다 
1052,1840,어렸을때 소설쓰는거 취미였던사람?,어렸을때 상상을 하다못해 그걸 글로 표현함 그게 소설이지.. 
1053,1841,영어 잘하는 인붕이 들어와라,노래듣다가 가사몰라서... 해석존 해주ㅏㄹ 
1054,1842,인붕이 버스터미널인데,어떤씹새끼가 조용한 대기실에서 햄버거 쿰척거리면서 처먹고잇음.. 너무빡쳐 
1055,1843,친구 못 사귀겠어,일단 낯선 사람에게 궁금증이나 관계적인 욕심이 안 생기니까친구도 못 만드는 것 같아...
1056,1844,요즘 사람을 다시 도와주고 싶어졌음,그래서 내 일 아닌거에도 진짜 열심히 답해주고 생각해주는 중 역시 난 사람을 좋아하나봐
1057,1845,너네도 글 쓸라다 지우고 그럼?,나 여기에 쓸려다 만 글 10개는될듯ㅋㅋ 
1058,1847,대화가 되는 글 적는 법,"기본적으로 이런 공개게시판에 자기 생각을 적을 땐, 상대가 읽고서 피드백을 남기는게 당연하단 점을 염두에 두고서 글을 적는게 합리적인 태도임. 이때 타인의 비판을 수용하던가 무시하던가 그 선택은 본인의 자유임. 하지만 비판 자체를 원천적으로 차단하고 싶다는 사람은 그냥 이런 곳에 공개적인 글을 게시하지 않는게 합리적인 선택임. 아무튼, 이왕 이런곳에 글적는거 서로 생각의 교류가 있으면 좋다는 관점에서, 건설적인 대화로 이어지는게 가능한 글을 적는 방법에 대해 얘기해보겠음. 사실 중고등학교 수준의.. 너무나도 기본적으로 지켜야할 최소한의 기준인데, 인프피 정신병자 친구들은 이 소양이 없는듯해서 알려드림. 만약 자신이 자기세계에 갇힌 공사판아재의 꽉막힌 개똥논리를 일방적으로 늘어놓고, 인터넷에서 '와 저 사람 신비해 ㄷㄷ'란 소리나 듣고 싶은 허영심 넘치는 인간이라면 이런거 안 지켜도 됨.뭐 대단히 깔끔한 글을 적으란게 아님.짧고 편하게 몇줄 써도 ㅈ븅신글을 쓰지 않는 기본적인 방법이란거임. 시를 쓸게 아니라 논리적인 얘기를 할거라면 지켜야할 점들을 적어보겠음 잘지켜서 적는 소수의 애들한텐 읽을 가치없는 너무나 당연한 내용이고, 인프피 글리젠의 80%를 담당하는 기본 소양이 1도 없는 방구석 철붕이들을 위한 글임. 그냥 편하고 읽기 쉽게 적을 능력도 없으면서 겉멋들어 기괴한 글 양산하는 방구석 인프핑 아재들 보라고 쓰는거 ---- 1. 개념 정의 명확하게 하기.글에서 다루는 용어가 가리키는 내용이 무엇인지 명확하게 정의해야함.어떤 개념에 대해 독자는 글쓴이가 의도한 것과 같은 내용을 떠올려야 글을 이해할 수가 있음.글쓴이 본인이 개념에 대해 정의한 내용이 사전적 의미와 거리가 멀고 주관적인 것이라고 생각될수록,다루는 개념이 의미하는 바를 글에 명시하는 것이 좋음.근데 인프피 정신병자들 보면 개념을 지 ㅈ대로 정의해서 써놓곤 독자들한테 안 가르쳐줌.신비주의 컨셉을 잡고 싶은게 아니라면 웬만하면 친절히 명시해주길 바람.비판하는 입장에서도.글쓴이가 한 개념에 내린 정의가 본인이 내린 정의랑 다르다고 해서 글 전체가 무조건 틀렸다 생각하면 안됨.글쓴이가 사용한 용어의 의미가 뭘까, 의도한대로 신중히 해석해서 무슨 말을 하려는지 이해해야 하는거임. 한 개념을 서로 다른 의미로 받아들여 놓고는, 다른 부분 걸고넘어지면서 싸우는거 인프피갤에서 많이 봤음. 개념 이해부터 서로 잘못됐으니 그 뒤는 생각이 전부 어긋날 수밖에 없는 것임. 예컨대, 서로 선과 악에 대한 정의가 다르면서 도덕논리 얘기를 해가지곤 아무런 대화가 안된다는 것임. 그리고 정의한 바를 명시하는 것보다도 더 중요한 일은, 그 정의한 용어를 일관적인 의미로 사용하는 일임. A라는 용어를 앞에선 a라는 의미로 썼다가, 글을 적다보니 뒤에가선 b라는 의미로 쓰는 사람들이 종종 보임.그래놓고 a=b라는 오류를 범함. 처음부터 끝까지 일관된 의미로 사용해야함.일관성이 더 중요함. 정의 명시안하고 현학적으로 말해도 일관성만 지키면 논리가 없는 글은 아님. 불친절한 글일 뿐.2. 논리적 오류 최소화 논리적 오류가 있는 글은 단적으로 '타당하지 못하다'고 말할 수 있는 글임. 이건 '나와 생각이 다르군 ㅎㅎ'하고 이해해줄 수 있는 글이 아님. 논리적으로 잘못된 것임. 전제의 참/거짓에 관한 문제가 아님. 전제로부터 결론을 이끌어내는 과정의 타당성을 따지는 것임.예컨대, '세상 사람들은 본래적으로 선하게 태어나므로 모든 악행은 사탄의 영향을 받아 나타난 것이다.'라는 주장에서 '응? 사람들이 과연 선하게 태어날까? 아닐텐데?'하고 따져보는 문제가 아니라, 선하게 태어났다는 가정하에 저런 결론을 이끌어낸 과정이 과연 타당한가의 문제임.논리적오류가 있어서 틀렸다고 말하는건'내 관점에서 볼 때 넌 타당하지 않다'가 아니라,'니 관점에서도 넌 타당하지 않다'라는 거임.자기모순이나 비약을 지적하는 것임.기본적으로 글에 논리적 오류가 거의 발견되지 않을 때,그 글을 토대로 서로 건설적이고 발전적인 논의를 이어갈 수가 있음.그러나 인프피 정신병자들처럼 논리적 오류 떡칠해서 글을 쓰면,거기서 더 발전될 수 있는 생각은 나올 수가 없음. 그저 비평일색인 감상밖엔 안나옴. 내 편견으로 틀렸다 말하는게 아니라, 넌 '논리적으로 타당하지 못하다'라는 말을 객관적으로 하게 되는 것임. 틀린 논증을 들고서 다른 의견으로 존중해줘야 한다 말하는 인프피 정신병자들도 잘 봤음. 그러나 그건 다른게 아니라 걍 틀린 것임.그러니 틀린거좀 그만 적어 ㅂㅅ들아3. 근거-결론 명확하게 할 것.주장을 하려면 어째서 그런 주장을 하는건지 근거를 명확하게 들어야함너무 당연한 부분이라.. 대체 어디부터 설명을 해야할지 모르겠음.그 당연한거조차 인프피 정신병자들이 안지키니깐 적는거임.제대로 설명하자면 글이 너무 길어지고,가벼운 목적에 맞게 그냥 여기서 예전에 봤던 광경을 예시로 설명하겠음예컨대, 어느 인프피 아재가A라는 주장을 하기위한 근거 a b c d e를 흐릿하게 인지하고 있는데, 주장A에 대한 근거를 a하나만 대서 글을 적었음. 그래놓고는 나머지 b c d e는 지 머릿속에만 넣어놓고 맞말을 적었다고 생각하고 있음. 그러다 인프피 아재가 쓴 글을 본 사람이 주장에 근거가 부족하다고 지적함. 그랬더니 인프피 아재는 상대보고 모르는 소리 말라며 자기는 근거를 갖추고 있다고 되려 화냄. 그래서 상대가 나머지 근거가 뭐냐고 물으니, 인프피아재는 그제서야 b c d e를 명시하려고 함. ㅋㅋ 근데 글로 적어보니 그제서야 b c d e의 헛점이 객관적으로 보이는 거임.그래서 그냥 안알려주고 상대한테 화를 내고 말음.왜 이런 븅신같은 예시를 들었냐면.인프피에 그런 글이 너무나 많기 때문임ㅎ생략해도 될 근거가 있고 명시해야할 근거가 있는데,인프피들은 꼭 명시해야할 주관적인 신념으로 이루어진 독특한 근거조차도 글에 적어놓질 않고 빼먹음.인프피에 올라온 글을 읽는 입장에서,인프피 정신병자들은 대체 왜 이런 특이한(병신같은) 주장을 했을까? 싶어서 근거를 찾아보면 글에 나와있질 않음.그래서 추측해야 하는데 하도 병신같이 써놔서 추측하기도 어려움.어떻게어떻게 잘 추론해서 읽어보면 결국 받아들일 수 없는 신념을 전제로 한 결론이란걸 알게 될 때가 많았음. 객관적으로 받아들여질 수 없는 전제일수록 명확하게 밝히고 양해를 구해야하는 것인데 말임.주관이 강한 전제를 숨기고 글을 적으면 읽는 입장에선 기본적인 관점이 다르기에 이해를 할 수가 없음. 아예 다르게 이해됨.본인이 전제한 관점과는 다른 관점에서 세상을 바라보는 독자 입장을 고려할 중요성을 몰라서 그러는 것 같음혹은 비판받기 쉬운 허술한 부분은 쏙 빼고 현학적인 척 가오를 잡기 위함이던가-----끝임.글을 잘쓰란 것도 아니고..정말 그냥 기본적인 얘기임.뭐 표현의 깔끔함, 구조의 간결함 이런건 바라지도 않음왜 이런 당연한걸 굳이 글로 적느냐바꿔말하면 1,2,3번 지켜 글적는 인프피러들이 적다는 뜻임인프피 아재들이 적는 글은 이거조차 안지킨단거지즉,명시적으로 정의 안내린 지만의 용어랑받아들이기 힘든 주관적인 신념의 전제를 기반으로거기다 논리적 오류를 떡칠해가면서 대단히 똑똑한 척하는 놀라운 결론을 이끌어낸단 거임ㅋㅋ어찌나 현학적인지 웬만한 책보다 이해하기 어려움 ㅋㅋ 인프피 갤러들은서로 이해 못하는 자폐글만 적는데서로 이해하는 척 오지게 해댐 ㅋㅋㅋㅋㅋㅋㅋㅋㅋㅈ븅신같은 글에 서로 있어보이는 댓글 달고 있음아무튼 저정도만 지켜서 적으면 서로 이해하고 생각을 나눌 수 있는 것임. 글에서 다루는 개념을 글쓴이의 의도대로 이해하고근거와 결론 간의 연결성을 따져보고 논리적 오류가 있는지 검토해보고문제가 없으면 이제가장 기반이 되는 전제들을 찾아내 따져보는 것임.나와 생각이 다르다고 해서 못쓴 글인게 아님.잘썼어도 전제가 되는 신념이 나와 다르면 나로선 받아들일 수 없는 결론이 나오는 법임.이때 그 전제가 잘못되었음을 증명할 수 있다면 증명하면 됨. 그럼 상대는 잘못된 주장을 한 것이라고 말할 수 있음. 그러나 그 전제가 잘못되었다고 논리적으로 증명할 수 없으면 그대로 인정해야함. 상대와 나는 그저 다른 것임. 참/거짓을 자신있게 논할 수 없는 영역에 있는 신념이 서로 다른 것일 뿐임. 자폐 딸딸이 그만하세요 아저씨들 "
1059,1850,어떤게 잘쓴글이고 어떤게 못쓴글인지는 모름,"근데 그건 기본은 갖춘 글일 때의 얘기고요. 기본도 못 갖춘 글은 누가봐도 못썼다고 말할 수 있는게 당연합니다. 그런 글을 쓴 사람은 독자가 글을 오해했을 때 독자에게 잘못을 전가할 자격이 없습니다. 글을 잘 쓰는 사람일수록, 의미전달에 조그만 오해의 소지를 만들어도 자신의 실수를 인정합니다. 독자한테 따지는건 오히려 기본개념이 없는 사람들이나 하곤 하는 일이죠. 뭐 형식 엄격하게 갖춰 써야 한다는 얘기가 아닙니다. 기본이 있는 사람들은 자유롭게 적어도 의미를 제대로 전달하죠. 근데 여기 글쓰시는 분들 중 태반은 그 기본 소양이 없습니다. 논리적인 얘기를 할 때도 시쓰듯 쓰면 되는줄 아는 사람이 많습니다. 그런 분들은 시를 쓰세요 그냥 안읽지만요 "
1060,1851,님들 공시치려면 강의를 들어야 하나요?,이제 공부시작해보려는데 왜? 들어야함? 듣는 입장에서 필요성 설명 좀
1061,1852,솔직해지면 안되는걸 다시 한 번 깨달음,하기 싫어서 하기싫다고 했는데 비난과 눈총을 주더라고 하기 싫은 일도 좋다고 미소지으면서  해주길 바라는 세상에 내가 맞춰줘야지 모순덩어리 세상 
1062,1853,애들아 미안 ㅎ 이상한 애가 나 따라다니면서 글복제함,인터넷은 참 무서운 곳이지? 
1063,1857,mbti에 너무 맹신하지 마셈,이것도 정확한거 절대 아니라 걍 내 성격이 이렇구나 정도로만 가볍게 받아들이셈
1064,1860,인붕이 그림... JPG,멫타취? 
1065,1861,부모님보고 mbti 해달라 했는데,아빠 ENTJ 엄마ENFP 나왔는데 난 INFPㅋㅋ 인싸 부모님 사이에서 씹아싸 히키녀가 왜 태어난걸까ㅋㅋ... 
1066,1863,인붕이 웹툰 추천 - 연민의굴레,https://page.kakao.com/home?seriesId=50335775 
1067,1864,이런데서 욕좀 한거가지고 본성까지 결부시키는건...,현실감각이 대체 얼마나 떨어지는 거임 집밖에 안나가시나요?
1068,1865,방구석 인프피 형님들 글에서 곰팡내나요,저같이 직언을 해줄 수 있는 사람도 필요한 법이죠 직업이 무엇인가요 여러분?
1069,1866,인프피들이 말을 잘 못하는건 아님,어색한 상황을 존나 싫어해서오디오를 비우면 안되기 때문에무슨 말이라도 할 줄 아는 재주를 자연스레 터득하게 됨
1070,1868,인프피 특징 중 유일하게 공감 안되는거,책 하나도 안읽음
1071,1869,인프피가 글을 잘쓰는 이유,인프피 -> 커뮤니티 많이함 -> 글계속씀 -> 잘써짐 
1072,1871,취준생인붕이 슬프다,서류나 필기탈은 내가 부족해서 그런 거라고 생각하는데진짜 면접은 멘탈 개터져애초에 탈락시킬 거였으면 취미 특기 살면서 힘들었던 일 이런거 왜 물어보는지 모르겠음지원자의 자질이 부족한게 아니고 어쩌고 하는데 이건 레알인게눈 앞에 사람 두고도 무시하고 갑질하는 면접관보다 내가 부족한게 뭔지 진짜 아무리 생각해도 모르겠다취미 특기 힘들었던 일 이런걸로 대체 무슨 자질을 판단한다는 건지도 모르겠고ㅋㅋㅋㅋ내일도 면접보러가는데 진짜 스트레스 오지게 받고 있음..
1073,1873,나같은 병신인붕이도 살아가는데,돈없고 머리나쁘고 못생기고 친구없는 반병신도 어쨋든 살아가는데 ㅎ  
1074,1874,일본소설 인간실격,인간실격 주인공이 진짜 인프피 그자체같아 
1075,1875,눈물나,내가 좋아하고 응원했던 연예인들의 비보를 감정 추스를 새도 없이 연달아 듣다보니 
1076,1876,솔직히 tv에서 누구 죽으면 슬프냐?,세월호  
1077,1877,엘지빠 인붕이,나 인프피 폰덕인데 엘지가 넘좋다. 지금폰은 노트8G8 = S10G7 >> 노트8V40 = 노트9크크크크크크크크
1078,1878,인붕이 V50s에 폼뿌왔다,나 인프피 폰덕인데 V50s에 급폼뿌옴
1079,1879,인프제친구한테,내친구중에 노트9쓰는 인프제있는데 노트9 = V40이라하니까 빡쳐함?이거 정상인부분?
1080,1882,인프피 약으로 고쳐지냐,정신과 약받으면 고쳐지냐
1081,1883,딱 infp갤 같은 분위기가 적당한 거 같애,구하라갤 야구갤 이런 데는 너무 쓰레기여서 인류애잃고
1082,1884,디씨 븅신들보니깐 인터넷 정말 그만해야겠단 생각이 드네,예전 아이디로 디씨에 글을 1만개 정도 썼었음 ㅎ  
1083,1886,인프피인데 혹시 우울증이나 불안장애 있는 사람..주의력 결핍도..,"원래 우울하긴 했는데 뭐 병적인건 아녔고.. 에너지가 부족해서 세상에서 살기가 늘 힘들긴 했지근데 밖에서 티나진 않고.. 다들 외향으로 봤었고..집에가서 앓는 스탈이었거든몇년 전에 엄청 큰 일 겪고.. 불안장애랑, 그 때의 트라우마가 계속 생각나는데...정신과 가서 상담도 받았는데.. 약먹고 좀 멍해지는 느낌이 있긴 했어..다시 약을 먹어야 할까? 다시 불안증이 돋네..혹시 주의력결핍약을 먹어본 사람 있니??내가 이 트라우마 때무에 집중해야 할 공부가 있는데 잘 안되거든.....우울증약을 먹으면 조금 멍해지는것같기도 해서...."
1084,1887,구하라 소식 듣기 직전까지도 또 어그로 끌거 생각하고 있었음,요새 나 따라다니면서 글복사해주는 븅신덕에 나도 장난기 발동해서  
1085,1888,친구들이랑 있으면 말할거리가 없어서 갑분싸되는데 ,제가 평소 일상생활에서 하는게 보통 사람들이랑 너무 다르다보니까 친구들이랑 있으면 공통점같은것도 없고 해서 말할게 하나도 없어서 슬픕니다ㅠㅠ 하는 대화가 대부분 말장난이 한계임... 
1086,1891,귀찮아귀찮아귀찮아귀찮아귀찮아귀찮아귀찮아귀찮아귀찮아귀찮아귀찮아귀찮아,귀찮아귀찮아귀찮아귀찮아귀찮아귀찮아귀찮아귀찮아귀찮아귀찮아귀찮아귀찮아귀찮아귀찮아귀찮아귀찮아귀찮아귀찮아귀찮아귀찮아귀찮아귀찮아귀찮아귀찮아귀찮아귀찮아귀찮아귀찮아귀찮아귀찮아귀찮아귀찮아귀찮아귀찮아귀찮아귀찮아귀찮아귀찮아귀찮아귀찮아귀찮아귀찮아귀찮아귀찮아귀찮아귀찮아귀찮아귀찮아귀찮아귀찮아귀찮아귀찮아귀찮아귀찮아
1087,1892,인터넷이 없던 사회로 돌아가고싶다,우우 
1088,1894,사람죽은거가지고 지들 사상에 이용해먹는년들,역학갤 병신년들은 가마솥에 삶아죽여야함
1089,1895,귀신보다 사람이 무섭다는걸 요즘 많이 느낌,난 다음 생에 유령으로 태어날래~~<U+00A0>
1090,1897,생각이 너무 많은데 많은 생각들 끝에는 항상,부정적인 것들 밖에 없는거같애<U+00A0>
1091,1899,예전에 힛갤간 만화,
1092,1900,두남두,두남두다
1093,1901,드라마나 멜로영화 못보겠음,노잼이여서.. 감성적인 영화나<U+00A0> 뭐 여운을 주는 다른영화가 좋음
1094,1902,존나 힘들다,이유는 없고 내가 나인게 지겨움
1095,1903,난 내 이야기하려고하면 눈물부터나옴,내마음 쪼끔만 이야기하려고 틈을 만들면  
1096,1904,"지금 상황을 벗어날 방법을 알고는 있지만, 시도를 못하겠어..",시도해도 변하는게 없을수도 있다는 생각이 날 괴롭혀서..사람한테 상처입은 기억때문에 사람 만나는걸 두려워하듯이..
1097,1905,실패했고 실패하고 있고 실패할 운명,잘난 사람 많고 많지 누군 어딜 놀러 갔다지 
1098,1906,얘들아 방금 있었던 일인데 이거 내가 잘못한거냐?,오늘은 디씨 한번도 안열고열심히 공부하고 있었거든근데 방금 갑자기 웃긴 일이 생겨부렸노내가 학교 캠퍼스 안 횡단보도 건너는데옆에서 자전거벨 들리는거야그래서 그냥 멈춰섰지그랬더니갑자기 옆에서 아지매 비명소리 들리더니어어어어어어 하면서 좌로갈지우로갈지 갈피를 못잡다가자전거가 나한테 들이박음 ㅋㅋ아아니..그 아줌마 엎어져서나 되게 원망하는 눈빛으로 쳐다보던데뻘쭘해서 가만있다가 짐주워주고죄송합니다.. 해도 암말없길래 튀엇음 ㅋㅋ아니.. 자전거 벨울리면 멈추면 안되는거냐..자전거도 안타본 인붕이라 모르겠노다친 사람이야 아지매지만은너무 사과를 당연하게 받던데이상한걸?진짜 사회성이 없어서 그른가이것도 뭔 상황인지 모르겠어 ㅋㅋㅋ
1099,1907,나 좋은 생각이 떠오름,너 생각  ㅋㅋㅋㅋㅋㅋㅋㅋㅋ  
1100,1909,"같은 옷 입고 등교하기, 신기록 달성 - 15일차",같은 상하의외투 15일 출석 완료.나도 새내기 땐대학은 날마다 데일리룩을 바꿔 선보여야하는 곳인줄로 알았지ps.친구 사귀고 싶음
1101,1910,여기가 mbti갤러리보다 더 활력 있네,그렇다는 건 디시에 15 유형보다 infp가 훨씬 더 많다는 거네mbti갤러리에도 infp가 반은 되보이고 여기는 아예 전부다 infp니까디시하고 mbti에 관심있는 건 infp 유형이 70%는 넘는다는 거네
1102,1911,인프피 갤 있길래 와봤는데요,
1103,1913,인프피의 정반대는 estj가 아님,estp얘네들이 딱 친구많고 재미있고 자극적인거 좋아하고 쉽게 질리고 하는 전형적인 인싸형임 
1104,1914,미루는 습관은 진짜 버리고싶은데 ,과제 맨날 턱걸이로 겨우겨우 낸다 하... 
1105,1915,밝고 에너지있는 사람만나라,같은 inf 만나면 노답임 
1106,1917,즐거워,밥먹는 시간이 제일 즐겁다죽이나 데워먹고 있지만..
1107,1918,연기를 안하고 살 수 있긴 한걸까,인터넷에서든 현실에서든어느 한쪽에서 내가 형성한 인격이진짜 나라고 믿고 그러진 않아그렇다고 전부 가짜인건 더더욱 아니고그 전체가 오히려 나인거겠지단지 온전히 나라고 보기엔겉모습과 속마음이 너무나 다르다그런 연기까지 포함해서 나인거겠지인터넷에서 연기하는거야뭐 어찌보면 당연한 현상이라지만현실에서까지그저 보여주기 위한 나를 연기하고 있자면인생에 괴리감이 든다어느새 또 고립되어 있음만나던 모든 사람에게서 도망쳐버림게임캐릭터 삭제하듯이현실의 관계들도 접어버려진심으로 다가설줄 아는 사람 볼 때면열등감마저 느낀다그래서 더 도망침ㅋ
1108,1919,딱봐도 회피성 있는 인붕이 후배가 있어서 도와주고 싶은데,여후배인데나처럼 끝까지 도망만 치면서 대학다니다아무 추억도 없이 졸업할거 같아서보고 있자니 참 안쓰럽다속에 있는 얘길 들어봤는데나랑 겹치는 부분이 참 많았음난 그렇게 힘들었을 때누구든지 좋으니날 이해하고 끌어줬으면 좋겠다고 생각했음나도 새내기 땐자기도 1학년 그렇게 보냈다면서자기모습 보는거 같아서 도와주고 싶다던여선배가 있었는데끝끝내 난 도망쳤음근데 사실 더 세게 끌어주길 바랬음나도 지금 얠 보면서 도와주고 싶음나역시도 친구라도 1명쯤 남기고 졸업하고 싶고근데 자신이 없음대화가 통하는듯 했지만은다음날이면 다시 숨어지내더라나같은 좃병신찐따가 괜히 집적거린다 생각할까봐차마 적극적으로 다가가질 못하겠다암만 힘들다지만 나같은 찐따랑은 어울리기 싫다는게 속마음이라 해도내가 그정도로 엄청 상처받고 자존심 크게 상하진 않긴 하지근데 그렇다고 굳이 먼저 나설 마음까지도 안드네얘 정도로 아픈 애한테 다가가려면 꽤 많이 적극적으로 해야하잖아누굴 도와주려해도 자신감이 필요함내가 좀만더 외모가 괜찮았으면조그만 까임 따윈 감수하고 다가가봤을텐데시바 꼬시는 것도 아니고응원해주는것도 열등감 때문에 못하겠노나따위존못한남의 관심따윈 아무런 가치없고 징그럽기만 하달까봐.요새 여자애들 남혐 심해서 무서어 ㅎ
1109,1920,안녕 나도 infp야,잔다르크 형이지
1110,1924,내 성격은 인프피 그자체고 인프피아닌 타인을 이해할 수가 없어,외계인 보는 것 같아 어떻게 저런 사고방식을 가질 수 있는지 정말 너무 궁금해 
1111,1926,학교가기싫다,이런 좆중딩인생~ 
1112,1927,갈수록 무뎌짐,상처주는 것도상처받는 것도별 대수롭지 않은 일이 됐어 ㅎ
1113,1929,점점 더 겁쟁이가 되가고 있어,ㅠㅠ
1114,1930,조커도 infp일까...,문득 드는 생각
1115,1931,동정받는것도 능력이다,난 동정받을 능력도 자격도 없음현실에서 다른 누구에게 내 이야길 들려줬을 때병신같다고 혐오나 안하면 다행일듯들려주지도 않지만
1116,1932,동정을 못받아서 슬픈게 아니라,어느새동정도 못 받을 놈이 돼버려서스스로가 참 딱함
1117,1933,이제일났네,학교가야지 ㅋㅋㅋㅋㅋ 
1118,1934,망상할때가 제일 평온하고 즐거운건 사실인듯,망상할때 너무 행복해ㅎ
1119,1935,머리잘랐따,여전히 오타쿠같아서 맘에들어 
1120,1936,얘들아 제발 디씨보면서 자학하지말고,"긍정적으로 생각하자 나도 인프피라 인프피 특징 이런거 서치 자주했거든ㅋㅋ 막 공감하고 ,, 근데 가면 갈수록 그런거에 얽매여서 나한테 어떤 문제가 있으면 “이건 내가 인프피라 이런거야” 이렇게 안일하게만 생각하게 되고 문제 해결은 뒷전이 되더라고. 나 개인의 문제를 인프피에게 떠넘기고 싶었던 거임. 내가 글재주가 없어서 말이 어떻게 전해질지는 모르겠다. 어쨌든 내가 하고싶은 말은 개개인은 너무나도 달라서 어떻게 규정할 수가 없어. mbti는 아주 작은 공통점으로 그 많은 사람들을 어떻게든 분류한거라고. 그러니까 인프피라는 한 집단에 너무 집착하지 말았음 좋겠다"
1121,1938,긍정적으로 되어봤자,어느 순간 다질림 
1122,1940,디씨 재밌어,히히
1123,1941,공감성 수치란거 정말 신기한거 같아,특히나사람이 멘탈 터졌을 때 뭔가 말이 튀는거 있잖아하 설명하기 힘들다예를 들어서 내가 뭔가 잘못을 저지르고 생각이 정리가 안됐는데 제 3자가 제3자에게 질문을 했어그러면 나도 모르게 괜찮은 척하려고 그 질문에 대답하게 되는 현상있잖아나는 그런 거 보면저사람이 얼마나 힘들까 그런게 느껴져그래서 같이 해결해주고 싶고 문제를 내가 다 떠안아 주고싶어하지만 주제넘은 생각인거 알기때문에 가만히 있어그런데 그 순간의 그 팔이 저리고 심장이 철렁 내려앉는 느낌있잖아 그런게 내가 직접 느낀게 아닌데도 전달되는 게 너무 신기해아마 인간은 사회적 동물이라서 그런 걸 느끼고 협동하도록 진화한걸까여튼 그런거 때문에 인류애가 생기고 그래
1124,1942,내 친구들 정말 좋은 사람같아,내가 너무 재수없는 연예인 있어서악플달고 싶다고 말하면서 이거 댓글 달아도 될지 검사맡았거든그니까 그정도는 악플이 아닌 거 같대 근데 너가 팬들이랑 싸울수도 있을거 같다고 그러는거야아마 그 친구는 내가 나쁜 사람이 아니라는 믿음이 있었나봐 나한테 나쁜 행동이라고 잔소리 하지 않아서 너무 고마웠어 그리고 오히려 내가 팬들이랑 싸울까봐 걱정하는 것도 너무 웃겼어 그리고 팬들이랑 싸우니까 하지마 도 아니고 그럴수도 있다라고 그저 지켜봐 주는 게 넘 좋았어 그래서 기분이 그냥 풀려서 안쓰기로 했어나는 복잡하게 생각해서 오히려 상대방을 힘들게 할때가 있는데 친구들 보면 아주 단순한데 내 맘을 편안하게 해 그런 점을 정말 닮고 싶어
1125,1943,근데 게으른게 도데체 뭐가 문제니??,게을러도 더러워지면 씻고방에 먼지가 많으면 청소하고쓸 그릇이 없으면 설거지하고과제도 제때에 한다구그게 습관이 안된거 뿐이지
1126,1944,나는 상상은 잘 안하고 나랑 대화많이해,어릴때는 그걸 입밖으로 내서 문제였지만..멍때릴때 거의 나랑 대화해예를 들면 너는 다시 태어나면 뭘로 태어날래?나는 여왕님의 제일 친한 시녀로 태어날래 매일 밤마다 내일은 여왕님한테 무슨 옷을 입힐지 고민하는거 너무 재밌을거 같아 막 이러고 놀아
1127,1946,강아지는 정말 귀여워,귀여워
1128,1947,치킨은 맛있어,처음에는 양념을 먹고 다음 후라이드 양념 후라이드 먹다보면양념이 질려서 양념 후라이드 후라이드 양념 후라이드 후라이드이렇게 먹어야해그래서 양념 먼저 먹었는데 후라이드 먼저 없어져그리고 호떡에 우연히 설탕 모여서 떡져있는 부분도 맛있고홍시에 씨앗이 좀 딱딱한 살이 되버린 부분도 씹는거 너무 맛있어그리거 고기먹을때 처음에는 고기만 먹고 다음엔 기름장 찍어먹다가밥을 한숟가락 먹으면 밥이 정말 달고 고기의 느끼함이랑 어우러져서 정말 맛있어그러다가 마지막에는 김치랑 쌈싸먹어
1129,1948,우울한 인프피 군인,우울하다... 
1130,1949,우울이랑 거리는 딱 우리아빠정도가 적당한듯,나랑 우울은 너무 떼어놓을 수가 없어서아마 내가 우울하지 못하도록 누가 정해버리면 내가 흩어져서 사라져버릴거 같아.. 우리 아빠가 세상에 없았다면 내가 없어지는 것처럼 그냥 원래부터 거기 있었던거 같아그렇다고 막 엄청 사랑스러워서 내게 원동력을 줘서 정주고 싶지도 않고 그렇게 싫어서 내 삶에서 아예 밀쳐내고 싶지도 않아그냥 우리가 같은 땅에 발을 붙이고 서있어도 서로의 눈에 비치는 세계가 너무 달라서 마치 다른 세상에 있는 것처럼우울도 딱 그 정도가 좋은 거같아
1131,1950,내가 어릴때 자주했던 생각,내가 빨강색이라고 부르는 이 색깔이다른 사람 눈에는 초록색인데그 사람은 그 초록색이 빨강색이라고 배웠으니까여튼간에 다들 빨강색이라고 하는거 아닐까?요즘엔 이 생각이 확장해서인간들이 각각 파란색 큐브안에 들어있고공간을 빠른 속도로 지나가는 것처럼시간을 슉슉 지나가는게 아닐까그런 상상을 해뭔 소리냐..
1132,1951,하 공부하기싫다,휴
1133,1952,아 맞아 그래서 아이유 blueming 노래가 좋아졌던 거였어,사람들은 우울이 무조건 나쁜거라고 하지만아이유가 우울에서 예쁜 꽃을 피워줬어불면증을 인썸니아 냐 냐 라면서 귀엽고 사랑스럽게 표현한 것도 좋았어그건 세상을 회피해서 미화시키려고 그런 느낌이 아니라 그걸 똑바로 쳐다보고 인정해주고 이야기를 들어주다가 끝내는 사랑까지 줘버린 느낌이었어시들때도 예쁘게란건 예뻐야 하는 강박이 아니라시들어도 넌 예뻐 괜찮아 난 널 늘 사랑해 라고 말해주는 거 같았어아이유 옛날 노래들어보면 우울이 너무 큰 존재로 느껴져서 담담하게 가사를 뱉는 느낌이었어 아무리 밝고 화사한 노래라도 가사가 회색빛으로 느껴졌어그런데 블루밍에서는 그 우울마저 너무 빛나는 색처럼 느껴지는거야 나 파랑색 좀 싫어했었는데 파란색이 이렇게 예쁜 색이었나? 싶었어아이유는 무슨 생각으로 그런 노래를 만든건지 모르겠지만나도 모르게 뭔가를 알아채버리게 만들어그래서 요정같다고 하는거야
1134,1953,인프피들아,"혹시 뭔가 트러블이 있을 때 마다 전부 자기 탓같고 내가 이상해서 내가 다른 사람과 달라서 인 것 같아서 힘들어 하는 거니?일단 내 생각을 툭 까놓고 말하자면전부 자기 탓이다 = 그럴 일은 없다내가 이상하다 = 모든 사람은 어떤 시각에서는 이상한 걸수도 있고 정상일수도 있다내가 다른사람과 다르다 = 사람은 원래 다른 사람과 다르다이거야세상 일이라는 게 얽히고 섥혀서 일어나잖아하다못해 불을 만들기 위해서도 공기,탈 것 , 발화점 이상의 온도가 필요한 걸그걸 전부 자기 탓으로 돌릴 필요 없어내가 이상한 것 같아서 힘들어? 솔직히 말해서 나는 이상한 사람있으면 이상하다고 말할거야. 하지만 나는 이상한 사람이 좋아. 귀엽잖아 재미있고 .그런 사람들은 어디 내놔도 자신만의 이야기를 만들어내고 지켜보고 싶게 만드는 걸내가 다른 사람과 달라서 힘들다는 건 아마 사람들은 전부 다르다는걸 알고 있지만 유독 자기만 동떨어지게 다른 거 같아서 힘든거겠지? 하지만 사람들과 개미만큼 다르든 안드로메다만큼 다르든 그게 무슨 상관이니 사람은 땅에 발을 붙히고 살아가. 하다못해 걷는 것도 땅을 빌려야하고 숨쉬는 것도 공기를 빌려야 하고 외로울 때는 마음을 빌려야해내 말은 완벽한 사람은 절대 존재하지 않는다는 거야누군가 너를 걱정해주는 척 하면서 니 존재 자체를 바꾸려고 해도 너는 그걸 거부해도 괜찮다는 거야너가 만약에 니 존재를 바꾸어서 그 사람의 기대치를 40에서 60만큼 늘어났다고 치자. 하지만 그 결과는 완벽이 무한대인 것 만큼 미미해. 무한대와 40사이의 거리는 무한대와 60만큼 사이의 거리와 같아 즉, 남의 시선에 맞추다가 니 인생 좋은 시절 다 지나간다~ 이소리야너네의 축복은 솟아나는 감정이잖아그걸 부정적인 것을 곱씹는데 쓰는 것도 좋지만 사소한 것을 몇번이고 돌이켜보며 웃음짓는데 써도 좋다는 거야이건 나한테 하는 소리이기도 해모두 화이팅"
1135,1954,목소리연습해야겠다..,평소 목소리 왜케 찐따같지.. 
1136,1955,나 인붕이는,어릴때 친구가 집에 놀러왔는데 햄스터랑 놀게하고 혼자 거실에서 티비볼 정도로 친구에 관심이 없었음 ㅇㅇ근데 현재 친구한테 마음을 너무 많이 기대서 심각할 정도로 의존함 ㅋㅋ
1137,1956,바 나나 우유,나~난나나나 나나나나잇츠 더 러브샷~(바들바들)
1138,1958,나 방금 사람얼굴 쳐다보다가,나도 모르게 입술을 뚫어져라 쳐다보고 있는 것을 발견부끄러워라. ..
1139,1959,혹시 너네도 이러냐.,내가 명백히 잘못을 했는데상대방이 그걸 지적하면서 소리지르는게 기억속에 자꾸남고 기분이 나빠짐.분명 잘못은 내가 했는데.씨발 내가 이기적인 사람이 된 것 같아서 좆같음.나만 이럼?
1140,1961,내가 지금 듣고 있는 노래란다,정말 귀여워 ㅎㅎ
1141,1962,iq83 보면 그런 생각들어,남자들은 설명하는게 정말 본능인가..하지만 인프피의 맨스플레인이라서 정말 무해해
1142,1963,요즘 그런 생각이 자주 들더라,"힘들다고 하고 고민을 털어놓는 사람은 위로받고 싶어서 털어놓는 것도 있을텐데 정작 그런 사람에게 돌아오는 건 위로가 아니라 ""지금 너만 힘드냐"" ""네정도면 양반이다 나는..."" 식의 말로 돌아와서 결국은 끙끙 참게 되는 경우가 많지 않을까도 생각되고 "
1143,1964,공감의 가장 기본,상대방의 렌즈를 통해 세상을 쳐다보는 것너가 겪은 일 정도는 아무것도 아니다. 이런 말은 정말 자신의 편협한 시각에서 한치도 벗어나지 못하고 뱉는 말이야내 생각 아님 나도 책에서 본거임
1144,1965,왜 오글거리는 말을 싫어하니? ㅠㅠ,정말 슬퍼너네들만은 오글거리는거 좋아할 줄 알았는데..계속 오글거리는 말 써서 무감각해지게 만들어버릴거야
1145,1966,사실 주변에 힘들어하는 사람에게 힘내라는 말도 하기 힘듬,힘내라는 말이 상대에게 어떻게 들릴지 알 수가 없더라 
1146,1967,주변에서 나보고 사람과 가까워지고 인싸가 되라고 하는데,사람 만나는거 자체에 스트레스받는 지경에 
1147,1968,버터에서 진주가 나오는 것 같았다,였나??핑거스미스에서 수잔이 저택에서 나오는 모드 묘사한 부분인데계속 생각난다아닌가 모드의 알몸이 버터같다고 하고 저택에서 나오는 부분은 굴에서 진주가 나오는 거 같다고 했나..기억이 잘 안나 두리뭉실
1148,1969,나 이제 주변사람들이 인프피로 예측안하더라,요새 학교가서 잡담나눌때 물어봤어 
1149,1970,나만 의견 낼때 이런지 모르겠지만,내 경험과 의견을 다른 사람 경험과 의견인 것 마냥 간접적으로 전달할 때가 있음 
1150,1971,나 요즘 정말 내일 죽을 사람처럼,갑자기 사람이 돌변해서 다정한 말을 자주해그래서 주변에서 무슨 일 있냐고 물어봐그런데 좀 그런거 같기도 해삶에 미련이 없어지니까 그냥 하고 싶은 말 다 하고 싶어그걸로 내가 오글거리고 이상한 애가 되어도 상관이 없어지니까 오히려 홀가분해졌어하지만 죽기는 싫어그렇다고 살기도 싫고
1151,1972,나도 얼마전까진 내가 왜 인프피인지 모르겠던데,난 이제 딱히 인프피스럽게 행동하지 않거든 
1152,1973,이 글 밑에 글 4개가 전부 나로 시작해,인프피 특징 ㅋㅋ
1153,1974,초딩땐 지금이랑 성격 정반대였는데,디게 시끄럽고 여럿이 몰려서 노는 거 좋아했고 
1154,1975,탁탁탁탁,강아지 달리는 소리(짧을수록 커엽)꿈뻑꿈뻑강아지 조는 모습헼헼헼헼반가운 강아지꿈틀자는 자세가 불편했던 강아지
1155,1977,사실 나도 귀엽고 오그라드는 말 하고싶음,근데 내나이 먹고 귀엽고 싶으면 소름끼치잖어 
1156,1978,오글거린다 라는 말이 은근히 생긴지가 얼마 안됐어,2000몇년도 일거야그에 반해 꼰대라는 말은 1960년대부터 있었던 거 아니??각설하고 오글거린다는 말이 생기고 나서 사람들이 자신의 감정을 숨기기 시작했다는 거야나 이 부분 너무 화가나오글거리는건 본능이야!! 감정도 없는 침팬지들 주제에 왜 오글거리는 말 쓰는 사람들의 감정을 숨기게 만들어침팬지들은 닥치렴 오글거린다는 말 쓰먼 죽여버릴거야
1157,1979,이 갤러리 왜이렇게 편하지.,여기 특유의 분위기 너무 무해하고 좋아 
1158,1980,ㅋㅋ갑자기 너무 좋아서 슬퍼졌다,방금 어떤 인붕이한테 댓글을 쓰다가한 사람이 떠올라버렸어그 사람 참 용기있는 사람이었는데그래서 슬퍼졌다
1159,1981,아이유 언니가 주절주절하는거 들어보고 싶어,나 다른 사람한테 관심은 없는데이야기 듣는건 좋아해아이유 언니는 책을 많이 읽어서 뭘 말해도 다 신비롭고 재밌을 거 같아
1160,1982,방금 내가 답답했던 이유를 알아냈어,슬프지 않으려고 애쓰다 보니까하루가 온통 아무색도 없어져 버리니까 아무 의미가 없어진거 같아서 잠도 못들었나봐그냥 웅크리고 눈물 한방울 흘리니까 개운해졌어오늘의 감정은 파란색 한방울을 떨어뜨려서 미묘하게 백지와는 다른 색이 되어버린 느낌이야그래서 오늘도 액자에 집어넣을수 있게 되었어
1161,1984,"INFP갤러리가있네요ㅎㅎ30대에요,,",20대중반 몇년동안 미친듯이 방황했는데잘들지내시나요~항상 따뜻한말이필요한 INFP유형들언젠가는 자기매력을 아는날이 올거에요 화이팅~
1162,1985,죽음에 관하여.think,글못쓰는 이과생이라 죄송합니다 
1163,1986,아잉 배고파,ㅠ
1164,1988,빨리 끝내고 싶어,사람 마음이란게 끝내고 싶다고 끝나는게아닌데그래서 모든 단계를 다 거쳐야 한대그런데 나는 이미 다 결정했어나만 놓으면 되는데 잘 안 된다
1165,1989,집에있으면 행복해....,기분좋아 
1166,1990,학교안갔다,오늘 혼날준비나 해야징 
1167,1991,인프피 정신병리 결과,어째서
1168,1992,여고생쟝도 정신병리 해봣어,저번에 추구하는거?에서 자유 높게나왔었는데 강박 완전 낮네 자유로운 인프피쟝 
1169,1993,아싸머리 추천좀,인싸성 밝아보이지 않으면서도 예쁜머리 없노 
1170,1994,군고구마에서 젤 맛있는 부분,바닥에 눌러서 탄 부분약간 갈색으로 찐득해진 부분 먹으면엄청 달고 뜨거운 쫀득한 고구마말랭이 맛이나거기다가 탄내 까지 합쳐져서 묘한 행복감완전 천국
1171,1995,극심한 자본주의사회에서,내돈 탐안내는 INFP는최고의 유형이야자부심을가져
1172,1997,아이큐83 특징,어쩔땐 귀엽고 어쩔땐 때리고싶게 행동함두개가 같은건가
1173,1998,난 학교 숨어다녀 거의..,꾸밀 땐 아는 사람들 몰래 꾸미고 나감 ㅋㅋㅋ.. 
1174,1999,사실 내가 친구 안사귀는거지..,근데 사귀고 싶긴해 
