"","num","title","content"
"1",2,"엠비티아 갑자기 꽂혀서 갤까지 만들었는데","관리하기 귀찮아졌다 "
"2",34,"나중에 사회생활 어케하지","꼰대 진짜 씹극혐ㅜ 지금 윗사람은 착한꼰대인데도 넘싫어서 관둘예정 친구들 얘기들어보면 더 심하던데 하... "
"3",35,"ISTP 잘맞는일 모냐","쳐맞는다는얘기아님<U+00A0>"
"4",36,"너넨 하고 싶은 공부 같은 거 있음?","아니면 꼭 해보고 싶은 일이라도"
"5",38,"헐 대박","잇팁갤이라니"
"6",39,"잇팁은 친구 필요없다지만","오늘은 너무 심심하군"
"7",40,"일찍일남","춥다"
"8",41,"내 남친 잇팁이라 궁금한거잇는데","내가 찼다가 붙잡아서 다시 만나거든잇팁은 근데 관심없으면 다시 안 만나?내가 첫연애인데 엄청 잘해줘서 사귀게 됐거든 근데 일때매 지쳐서 식는 거 같길래 내가 찼어근데 걔가 자기 일이 바빠서 널 잘 챙길진 모르겠는데 내가 좋으면 다시 만나고 싶대관심없는데 걍 만나는거야?"
"9",42,"istp 다들 직업 모냐?","ㅈㄱㄴ"
"10",43,"사람귀찮아","말좀섞으면 떼기힘들어서 극혐이다 ㅡㅡ"
"11",44,"난 나 나름 감성적이라생각하는데","아무도안믿음잼"
"12",45,"정보글이나 장황한 글 써서 념글도 좀 채우고싶은데","미안하다 귀찮다 "
"13",46,"난 성격 고치고싶음....","내 목표는 엔프제야 4개 다 바꿔야대ㅋㅎ "
"14",47,"장문의 정보글 쓰고싶었는데 귀찮아짐","아무튼 주제는 이과급식충 ISTP는 자연대가지말고 공대가라는 주제였음 이유는 덜귀찮아지면 쓰러옴  "
"15",48,"너넨 잇팁이라 좋음?","난 좋 "
"16",49,"istp도 동족혐오 잇냐","난 나같은 성격 친구 사귀고싶은데 "
"17",50,"버스에서 통화 크게 하는사람들 신기함","난 절대못해 "
"18",51,"난 아무리 검사해도 잇팁인데","왤케 웃기고 싶냐..."
"19",52,"동족은 아니고 ESTP는 만나봄","좀은 아니고 많이 병신같지만 멋지고 웃긴놈임 "
"20",53,"잇팁이 회사 이직률 높다던데","어쩐지 존나 관두거싶더라니 올해안에는 ㄹㅇ 때려쳐야지 칵퉤 "
"21",54,"서비스직 할게못된다정말.....","시발 기술이나 배울걸 "
"22",55,"난 최대한 친절하게 응대한건데","통화 녹음된거 들어보면 존나 퉁명스러움ㅋㅋㅋ "
"23",56,"사람들 엠비티아 파악 잘하고싶다","친구들한테 검사해보라하면 예상한거랑 다틀리네ㅜㅜ "
"24",57,"일하기싫어서 죽고싶어ㅓ","갓수였을땐 너무 심심해서 뒤지고싶던데<U+00A0> 자살하긴 싫고 남은 인생 어떻게살아가지  "
"25",58,"관심없는일 한귀로 흘리는거 잇팁특인가","이거때메 ㄹㅇ 사회생활 불가 ㅜ "
"26",60,"잇팁쉑들 글안쓰는거보소ㅋㅋ","귀찬자너 ㄹㅇㅋㅋ "
"27",61,"포방터돈까스 아재 딱 잇팁이네","나도 음식점하고싶다"
"28",62,"잇붕이들 새해복많이받아라~",""
"29",64,"잇붕이 오늘도 참지 못했다","날 통제하려고 하다니 한심하군,,,,"
"30",69,"우한폐렴에 대해 어떻게생각하노","관심없냐 요즘 떠들썩한데 난 내가 걸리는게 상상이 안돼서 걱정안되는데 뉴스볼때마다 좀비영화처럼 세상 망하는 상상함 "
"31",70,"니네 친구몇명있냐","누가 물어봤을때 친하다 할수있을정도의 친구 "
"32",71,"내가 먼저 연락을 안하니까 친구 다 떠나갓다","묻는말에만 대답하고 단답하고 할말없음 읽씹하고..... 나같아도 나같은 새끼 손절함ㅋㅋㅜ "
"33",72,"근데 인프피게이 왜 글삭튀했너","어디갓누ㅜ "
"34",73,"난 개씹아싸임","연락하는 친구 대충 10명 언저리임 "
"35",74,"근데 estp인 우리아부지는 개십인싸인거 보면","IE차이가 그렇게 큰가 싶음  "
"36",76,"친구랑 둘이서 밥먹는데","이새끼가 밥먹다가 갑자기 에어팟끼고  "
"37",77,"친구랑 약속잡을때","지네 집 근처로 유도하는 애 "
"38",78,"너네 가족 mbti 뭔지알아?","집가서 시켜바야겟어 궁금해짐 "
"39",79,"닥터두리틀 보고옴","로다주 한번 죽더니 감잃엇누  문화의날이라 5천따리로 봤는데  돈아까워죽겠슴....  "
"40",80,"잇갤러 몇명이냐","인원체크 해보자고 "
"41",81,"우리가족 mbti","아빠 estp 엄마 intj 동생 enfp임 "
"42",82,"니네 벼락치기 많이하냐","아오시발 저번학기에 21학점 전부 하루 벼락치기했는데 컴활필기 또 벼락치기하고있다 시발 이거 이렇게살면 좆될거같은데 우짜누 "
"43",83,"잇갤러 13명이나 있네","많아야 5명인줄알았는데;; "
"44",84,"오","Istp 갤러리가 따로 있네 자주 와야지<U+00A0>"
"45",85,"istp 조언","https://youtu.be/tDPcOSoV1Ho "
"46",87,"난 밥먹을때 주변에 있는 반찬만 먹어","손뻗는게 귀찮아서 안먹는건데 "
"47",90,"알람 울리면 바로 일어나냐","난 알람 이렇게 해놓고 6시50분에 일어남 "
"48",91,"말많은 사람이 좋을때도 있음","내가 말이 없는데 또 어색한건 죽어도 싫으니까"
"49",92,"젤 말많은 유형이 엔프피인가","mbti갤에서 텍스트로만 봐도 극혐이던데 "
"50",94,"잇팁이라 글 안쓰는거지?","다들 귀찮나"
"51",95,"잇붕이들 이 말 좋아함?","내일은 내일의 태양이 뜬다 "
"52",98,"헬스장 1년 끊었다","얼마나 갈까ㅋㅋ "
"53",99,"mgram 해봤냐",""
"54",100,"안녕 나도 istp야","글 많이 올린게"
"55",101,"너네 특기같은거 있니?","난 술자리 좋아해서 회식때나 그런데 가면 신입사원이라고 뭐 시킬때도 있고친구들이랑 술마실때 재밌으라고 준비는 해놓는데회식때 병뚜껑 따는거 입으로 소리내보고 요즘은삼행시 연습겸 모바일 캐치마인드 하고있어"
"56",102,"ㅁㅏ슐 주인공 잇팁이네","3화까지 보니 확신으로 변함.  "
"57",103,"잇팁들 뭐하고 돈벌고삼?","유학왔는데 너무 안맞는다 "
"58",104,"이상형 테스트",""
"59",105,"오늘부터 다이어리쓰기 도전한다","한줄씩이라도 써야지 "
"60",106,"장기자랑","테스트"
"61",107,"킹생충 국뽕오졋","ㅠㅜ주모오 "
"62",108,"여기서 사실고백 하나 합니다","기생충 아직도 안봣슴 2학기에 언젠간 보겠지 하다가 그만... 그런데 우리동네 영화관은 허구한날 스크린 독점 하면서 기생충 재상영도 안해주노ㅡㅡ "
"63",109,"호아킨 피닉스 멋있는 수상소감","남을 높이면서 자신도 높이는 화법 "
"64",110,"부지런한 istp","같은 어떤것 "
"65",111,"난 동성이랑 잘 못친해짐","여잔데"
"66",113,"버스탈때 기사아재한테 인사하냐?","난 안함 "
"67",115,"와이파이만 된다면","격리당하고싶음.. "
"68",116,"난진짜 검사 백번해도 백번 다 Istp 나올건가봄","몇년에 한번씩 총 네번했는데 또저거야;;;오늘 문제풀면서 이번엔 옛날이랑 다르게푸는느낌나서 바뀔거같다 생각했는데 또 그대로라서 신기해Istp에 대해 궁금해서 여기알게되고 정주행해봤는데 진짜 존나 전부 내이야기맞아서 너무공감하고감 ㅋㅋㅋㅋㅋㅋㅋ "
"69",117,"취미 있는사람?","오래 할만한거 없냐 이것저것 하는거 좋아하는데 개빨리 식음ㅜㅡㅜ "
"70",119,"그러고보니 보닌 취미:요리였는데 자취시작하고 바뀜","내 그릇을 감당하기엔 자취방 냉장고는 너무 좁다. "
"71",1302,"동생 엔프피인데","안싸워도 평소에 냉전중인것처럼 말도 안하고 그럼 대화할 주제가 없어서 근가"
"72",1304,"갤밀 머임",""
"73",1305,"갤매머함","니 인프피랫지? "
"74",1306,"어휴 정병새끼","ㅉㅉ"
"75",1307,"나도 여사친보다 남사친이 만음","ㄹㅇ 잇팁 한남 야붕이성격 "
"76",1308,"머임 글왜다썰림"," ㄱ "
"77",1309,"글다어디갔냐?",""
"78",1310,"잇팁갤 ㅆㅂ 눈팅하기 딱인데","갤하나 잃었네 이제 무슨갤하노<U+00A0>"
"79",1312,"왜갑자기사라짐","뭐냐??? "
"80",1313,"아씨발 앰뒤인프피새끼ㅋㅋ","이러니까씨발 어디서굴러들어온지도 모르는새끼한테 갤매자리주면 안된다고시발 정신병자새끼ㅋㅋ "
"81",1314,"인프피의 좆같음을 이제야 알았다","ㅈㄴ트롤새끼네 갤매저거 복구 못함?"
"82",1315,"뭔일임","개싸발씹프피년 "
"83",1316,"하 ㅅㅂㅋㅋㅋ","시발 역시 잇팁이 완장질하겟다고 "
"84",1317,"먼일임???","뭐야?? 인프피 매니저 뭔 잘못했냐? 그니까 잇팁갤 매니저 인프피 왜주냐고 씹ㅋㅋㅋㅋ "
"85",1318,"개씨발년 아오ㅋㅋㅋ","이 글도 음침하게 "
"86",1319,"다음 갤러리 이름 정해야지;;","잇팁답게 다음 방안 생각하고, 인프피 담에 들어오면 밴해버리자 ㅅㅂ "
"87",1320,"알바슨상님 폐쇄하지말아주세오",""
"88",1321,"갤 터졌다는 소문듣고 왔어요 ^^","ㅋㅋㅋㅋ 매니저 바뀌고나서느낌 싸해서 탈갤했는데폐쇄신청되고 내 개념글 다 날라가있누ㅋㅋㅋㅋㅋㅋㅋㅋㅋㅋㅋ"
"89",1323,"인프피갤 레전드 어록등장...","후후.. 이제야 아셨군요?  이것이 빡치면 급발진해서 다 뒤집는 <인프피>라구요  씨발 <U+200B>대단하다,찐프피!! "
"90",1324,"씨발","뒤져 "
"91",1325,"대피소로 istp(잇팁) 이렇게 못짓나?","ㅈㄱㄴ"
"92",1326,"인밍아웃 박제","시벌것~비추 수 봐ㅋㅋㅋㅋ 이때 쎄했던사람 많은듯 "
"93",1328,"갤매 왈)","자기가 짝사랑했던 여자가잇팁이었는데연락은 안하지만유학가있는 상태그리운 마음에인프피 남자가잇팁 갤매까지 했음어젠잇팁 갤에 어떤거 올려줄까 하는글도 봤는데 사라져 버리셨네"
"94",1332,"응~ 우리가 터진거 아니야~","infp라고 다 같은새끼냐ㅋㅋ 꼬우면 니들도 우리infp갤먹고 터치던가 왜 엄한데 와서 지랄이여ㅋㅋ"
"95",1334,"앗싸리 쌈박질이다!","개꿀잼각떳노 팝콘들고 구경중이다 ㅋㅋㅋ"
"96",1335,"인프피갤가서 지랄하지는말아조","지금 여기서 나도 일반화하고있긴한데 거기까지 가서 글싸는건 좀 아니자너 "
"97",1336,"갤매고 자시고고","지웠던 글 복구안됨? 씹프피 야발아 "
"98",1337,"즐기는 자가 1류다","엌ㅋㅋㅋㅋ 그러게 누가 infp한테 갤 맡기래 기왕 이렇게된거 웃자 시발ㅋㅋㅋㅋㅋㅋㅋㅋㅋㅋㅋㅋㅋㅋㅋ<U+00A0>"
"99",1339,"갤 터트린것도 infp 분탕치는것도 infp","흠... 과학인가"
"100",1340,"잘생긴 문프 보고가세요^^","~꺼억 istp 갤 곳소사마~"
"101",1341,"istp가 원래 맨탈이 약하냐?","겨우이정도 가지고 분탕이라하누ㅋㅋㅋ<U+00A0>니들이 진성 분탕 괴인협회 이딴놈 본적없어서 그런소리하는거다 이정도가지고 분탕이라 징징대지마라ㅋㅋ 도배도 안해주고있구만 뭘 ㅋㅋ"
"102",1342,"폐쇄신청만하지","글은 왜 밀었니 "
"103",1344,"아니 근데 이유가 잇을거아님","새벽에 무슨일 있었냐 "
"104",1345,"개념글은 아깝긴하다","하지만 또 쓰면 됨"
"105",1347,"갤매자식 바라는거없냐는 글은왜썻냐","이러려고?"
"106",1348,"잇팁갤 사라지는거임?","소소하게 웃겼는데 아쉽다"
"107",1349,"갤 폐쇄는 어케 막음??","그런거 생각해본적이 없는데..?"
"108",1353,"갤매 추천장 쓸사람","링크에 설명 나와있던데 해줄사람 없나?"
"109",1354,"야 폭파범 갤매 사퇴했냐?","누가 갤매가 올린글 좌표좀 찍어주셈"
"110",1356,"갤 폐쇄 막고 주딱 올리려면","주딱이 찬성지지 받아서 url이나 사진 신고 게시판에 올리면 됨"
"111",1357,"그래서 누가 갤매할거임","잇팁갤에 할사람 잇냐"
"112",1358,"주딱 먹어야되여?","사실 나는 폐쇄가 안된다면 "
"113",1359,"INFP 실체 알겠음? 인프피는 상종안하는게 답이다","겉만보면 조용하게 수더분하게 있는것같지?그거에 속지말라고나는 인프피가 아무리 순수한척 연기짜고있어도 안속음인프피는 사람들앞에선 대외적으로 약자 순수 이미지 만들어놓음. 그래서 지가 잘못저질러놓고도 여론이용해서 사람뒷통수침.지잘못 죽어도 인정안하고, 잘못저지른데다가 입싹닦고 착한척하니까 싫어지는건데도 자길 안좋게 보는 상대방 탓이라며 빼액거림→그 이후로도 계속 지속적으로, 그 상대방만 알수있게 음침하게 시비검→결국 상대방은 '참다참다가' 폭주하게 됨→상대방이 가해자가 됨→인프피는 이 명분을 이용해서 오지게 여론정치질함. 목소리를 크게 내며 '참다참다 말하는거에요ㅠㅠ인간답게 삽시다. 전 저 사람 기억도 안나요. 관심없는 사람인데 자기가 잘난줄 아네요. 여러분ㅠㅠ저 사람 피코질하는거에요' 이러고 지가 피코질하면서 뒤집어씌우고 지가 참다참다 말한단 희대의 개소리와 기억나지 않는다는 책임회피 시전까지함. 자기잘못과 자격지심 상대방을 향한 열등감 안들키려고 더 빼액빼액거리는것→결국 상대방은 팅겨나감.저래놓곤 '아 역시 혼자가 좋아. 사람들은 날 이해못해'이지랄. 근데 겉으론 '아 세상이 예쁘고 감사해요^^' 정신승리에 도취된 모습을 보임. 인프피가 온라인에서 피해자행세 존나하는데 알고보면 지가 가해자임. 인프피가 징징거리면 그 인프피랑 엮인 애가 피해자란걸 직감적으로 알면 됨. 근데 지네들끼리는 '인프피가 힘든거 다 타유형잘못이야. 한국사회문제야'이지랄. 인프피가 왜 온라인에서 지들 아지트 만드는거에 열을 올리고 난리피우는지 알겠음??지네들끼리는 알거든. 끼리끼릴 이해해주니까. 그리고 인프피가 온라인에 집착하는 가장 큰 이유는 ""현실 무능력함""과 ""인격장애수준의 인성문제""로 인한 대인관계 트러블 때문임. ""현실결핍""을 ""온라인에서라도 실현""시키려는거임. 온라인에 자기들 세력확장하고 입지를 다지려는건데, 머릿수와 선동질 허언증만으로 만들어진 허상에 불과함.인프피는 아예 상종하지말고 주변에 있어도 안엮여야됨.초반에 이상한 낌새 느끼면 바로 '병먹금'하고 걔 시야에서 사라지는게 좋음. 어떤식으로든 상대를 하려하면 안됨. 인프피=에너지 뱀파이어"
"114",1360,"흔들어라 이기야`","마~"
"115",1361,"갤매니저 위임 신청합니다","ISTP갤러리 전 매니저였던 "
"116",1362,"근데","왜 인프피가 갤매함?"
"117",1363,"이건 ㅈㄴ 웃기네ㅋㅋ","무슨 만담하냐 "
"118",1364,"이갤은 infp에게 점령당한 갤입니다","확들어올렸다가 내려놨다가 고마~"
"119",1365,"그냥 폐쇄해","어차피 잇팁들은 이 갤에 애정 없을걸 "
"120",1366,"지가 지입으로 인밍아웃한것도 존나 멍청하다","이것또한 씹프피의 특 "
"121",1368,"사실 갤매 넘길때 이런 상황 상상해보긴했음","근데 그냥 넘겼음 "
"122",1370,"ㅋㅋㅋㅋㅋㅋㅋㅋㅋㅋㅋㅋㅋㅋㅋㅋㅋㅋㅋㅋㅋㅋㅋㅋㅋㅋㅋㅋㅋㅋㅋㅋㅋㅋㅋㅋㅋㅋㅋㅋ","아 웃겨"
"123",1371,"속시원~"," 어~스프라잇"
"124",1372,"잇팁은 무슨 일하고 살면 좋을까","하고 싶은게 없노"
"125",1373,"원래 istp가 말은 없어도 재미잇는 유형인데","여기 애들은 유머감ㅇ각을 너무 아끼는 편인듯"
"126",1374,"갤매 홍어새끼였노?",""
"127",1376,"역시..잇팁이 완장질하겠다고 나댈리가없지","갤매 인프피였어? 이해완료ㅇㅇ "
"128",1377,"글 싹 다 밀어버린 이유가 뭐임?","ㅇㅇ "
"129",1378,"말 많은 애들 좋ㅈ않냐","내가 말하는건 귀찮은데 상대방이 말많은건 좋음ㅋㅋ"
"130",1379,"INFP는 피코하는 애들이냐?","F인애 ISFJ만 알고있는데"
"131",1381,"전주딱 존나 마음에 들었는데","ㄹㅇ "
"132",1383,"지금 갤 상황 이거야?","인프피갤매새끼가 글 밀어버림이거? 씨발 씹프피갑자기 왜 지랄인데?? 뭐 인프피 존나 패서임?"
"133",1384,"학생회 왜 했을까","총학 개 시발것"
"134",1385,"폐쇄 안 되고 잇으면 안 된 거 아님?","떼잉"
"135",1386,"조용한 곳에서 큰 소리로 떠드는 애들","보면 너넨 어떠냐난 목을 따버리고 싶음ㅇㅇ근데 그 놈이 내 친구다? 손절십가능"
"136",1388,"솔직히 인팁보다는 인프피가 훨씬 낫다","인프피는 쭈굴거려도 인간적임사랑을 계속 확인하고 갈구해서 피곤하긴함그래도 존재 자체가 귀여움얘네가 있어서 그나마 세상이 평화로운거임인팁은 그냥 인간이 아님같이 있어도 아무말안하고 나 혼자있듯이 편하긴 한데결국엔 본성 자체가 또라이라서내 쪽에서 다 손절함차라리 인팁보다는 인프피임난 인팁 하면 경기 일으킴지인 mbti 유형검사 -> intp 확인 -> 손절 3초컷"
"137",1389,"어제 인프피 동기랑 술먹고 개빡쳐서","오늘 더 과몰입 (대충 인프피깡깡콘)"
"138",1390,"잇팁끼리 모이면 재밌으려나?","어떨까 궁금함"
"139",1391,"무슨일이노ㅜㅠㅠ갤이 깨끗해졌어","인프피 정말...괘씸하거든요????? "
"140",1392,"인프피 그렇게 나쁘진 않지 않음?","그런음은 없다 "
"141",1393,"F 공감충만아니면 좋더라","공감 강요하는것만아니면 내가 말하는것도 잘들어주고"
"142",1394,"씹프피고 뭐고","그냥 난 별 것도 아닌데 징징대는 놈들이 싫어"
"143",1398,"소식 듣고 왔음","진짜 개찐따같은 인프피네 ㅋㅋㅋㅋㅋ ㄹㅇ 개패고싶네 ㅋㅋㅋㅋㅋ 찐프피들ㅋㅋㅋㅋㅋㅋ "
"144",1399,"부매니저하고싶다","씹 잇팁임 "
"145",1400,"념글에 있던 사진 다시올림 추 ㄱ"," - dc official App"
"146",1401,"다들 빙고해바","영차영차 "
"147",1402,"전갤주 근데 개 ㅂㅅ인게","나보고 intp같다함 그래서 이유를 물어보니까 무논리 infp였노 ㅉㅉ "
"148",1403,"너네 내기 좋아함?","나 환장함"
"149",1404,"이미 밀린거 잊어버리자","어짜피 mbti갤은 같은 사람들끼리 모여있으니까"
"150",1405,"아ㅋㅋㅋㅋㅋㅋㅋㅋㅋ 걱정되긴하더라","잇팁갤인데 인프피가 맡는다는게 좀 껄끄럽긴했는데"
"151",1406,"와 전주딱이 홍어짓했노","2주만에 들어왔는데 갤 폐쇄되게 생겼네 "
"152",1407,"전전 갤매가 인프피가 징징댄다고 갤매줬다고 누가 그러던데","사실이노?"
"153",1408,"나 친한친구 istp인데","나 infp임ㅋㅋ 확실히 내 쪽에서 막 공감해달라고 지랄병만 안하면 잘 지낼수 있음 친구 성격아니까 ㅋㅋ그래도 나름 내 말하는거<U+00A0>잘들어주고 좋은데 ㅋㅋ"
"154",1409,"우리 세상이 무너졌어","어쩌고 저쩌고씹프피 시발새끼 목숨 호록"
"155",1410,"e랑 i 번갈아 나온다","e나올때 56정도?"
"156",1412,"부매지원해도됨?","경력: 부매,매니저경험 1년 있음공약: 씹프피 들어오실 시 글삭, 아이피 차단"
"157",1413,"짤막한 istp 특징","자기 자신을 믿고 메모안함 그랬다가 된통맞음 시간낭비해서 헛수고하면 빡침 나는 키보드 부술뻔 "
"158",1414,"씨발 어제오늘 좀 안들어왔는데","하루아침에글삭되네 엠비티아이 인프피는 과학이다"
"159",1416,"나도 빙고 다시","완벽주의는 내가 꽂힌거에 한해서는 그런것 같음 내 주장이 있어도 엄청 큰 일 아니고선 별로 내색 않고 넘기는데 반대 입장인 사람과의 논쟁 자체가 머리아프고 귀찮아서 그런듯ㅋㅋ "
"160",1417,"공부법 내놔 시발","나 토익 공부해야함"
"161",1418,"잇팁 공감짤 모아둔거 올림",""
"162",1419,"잇팁 공감짤 모아둔거2",""
"163",1420,"야 니네 걍 공부법 궁금한 거 물어봐 댓달게","다시 글 쓰기 존나 귀찮으니까 그 때 글 기반으로 해줌"
"164",1421,"모아둔거 3",""
"165",1422,"니들 수학풀때 콴다 좋아하는거 다 안다","혼자서도 뚝딱이자너 ㅋㅋㅋㅋㅋ"
"166",1423,"공부법 캡쳐한거 있음","근데 나한테 필요한거 딱 한장만 해놓음미안하다"
"167",1425,"istp에게 사랑이란 뭐야?","궁금해"
"168",1426,"난 내글은 다 있음","임시저장 존나 하거든근데 다른 글 공감되는거 개많았는데 아깝다"
"169",1427,"같이 공부시작할 놈 없냐","여기에 인증하자<U+00A0>"
"170",1428,"난 평화주의자인거같애","평화 자체가 좋다기보단 싸움으로부터 오는 피곤함이 너무싫음ㅋ 거기에 에너지소모하기 귀찮어 그에너지로 게임이나 하는게낫지 "
"171",1429,"(인프피깡글입니다)","아오!!!!!"
"172",1430,"난 평화주의고 뭐고 일단 저지르고봄","근데 그담에 힘빠져서 계속 안싸우고 때려침ㅋㅋㅋㅋ "
"173",1432,"뭔데 인프피가 왜 갤주엿던거냐","잇팁갤에 ㅋㅋ 잇팁인줄알앗네..글고 왜터뜨린건데 병신인가 할일없냐"
"174",1434,"내가 썼던글 ","능글맞게 자기 유리한쪽으로 끌고가는거 되게 싫어함밀당도 싫어하고 간보는 것도 싫어함그리고 자존심 쎄고 누구 손안에 있다는 느낌 존나 싫어함놀아나는 느낌 드는 순간 자괴감 들고 정리하려고 함그리고 잇팁에게 있어서 '감정 소모' 는 되게 큰 사건임감정 소모 평소에 잘 하지도 않거든<U+00A0>상대방 따위에 내가 감정 소모하기 존나 싫어하고 그걸 되게 자존심 상해함삐지면 오래 안감삐짐>그게 지속됨이게 아니라삐짐->풀림-> 근데 니가 감히 날 신경쓰게해? 카톡안해 시발그렇게 삐진거아닌데도 당해봐라식으로 까칠할 수 있음좋다가도 까칠하게 대하고 변덕스럽다는게 이거때문일수있음약속같은것도 약속자체를 잘 안하고 터치안하는 스타일인데 내가 말한 이것마저도 안지킴? 얘 나별로 안좋아하네 자존심상해라는 회로로 연결될 수 있음재업합니다..약간수정함"
"175",1437,"나도 빙고나 해야지",""
"176",1439,"공부법 a4 계획 어느 정도로 자세하게 썼냐면",""
"177",1440,"인프피랑 잇팁 편의점가는 만화 존나재밌었는데 ㅋㅋ","다시 내가 그려볼까 개 씹 똥손인데 "
"178",1441,"나는 intp인데도",""
"179",1442,"학원 다니고 싶은데 좆지방이라 하나도 없음","토익학원 한시간거리에 딱 하나 있음"
"180",1443,"깡프피 음침수준 명존쎄 마려움","ㄹㅇ로"
"181",1444,"대1때 학교에서 엠비티아 검사 정식으로 해줬는데","뭔지도 모르고 검사 받고 결과지 내용 함 보고 걍 버린듯ㅋㅋㅋㅋㅋㅋ "
"182",1445,"난 중학교때부터 istp였음","사람 별로 안바뀌더라그때는 mbti관심있는사람 나밖에없었어"
"183",1448,"여기 재밌다","본인 인팁인데 잇팁이랑 뭔차이임"
"184",1449,"0505 인프피테러사건 정리.txt","미리요약 "
"185",1451,"나도 중딩때부터 ISTP였는데","퍼센트는 안봐서 잘 모름  지금기준으로는 쫌씩 바껴나오는데 I, P는 확실히 높게 나오는데 SN은 거의반반이고 TF는 60:40인듯 바껴나와도 ISFP나 INTP로 하나씩 바껴나오지 두개씩 바껴나오진않음 "
"186",1452,"미안하다 폭파범이 인밍아웃할 때","내가 그 다음 글에서 인프피 순한 맛으로 팼다야 신경쓰지마 니가 뭔 짓거리를 하든 대쪽같이 인프피 존나 싫어해 웅앵웅 이런 식 글이었는데당시 폭파범이 ㅇㅇ 하고 수긍하는 댓 달아서뭐지 지 돌려까는 건데 모르나? 했던 기억 있음"
"187",1453,"여기 폭파전보다 글리젠많은듯","활발하네 "
"188",1454,"갤리젠 급 올라간 거","눈팅에 가끔 말한다 처도 새 글 안쓰고 곧 죽어도 댓글만 달던 애들이 갑자기 갤 없어질 거 같으니까 좆같아서 그런듯 응 나임"
"189",1455,"걔맨마지막을 못봤어","지한테 부탁하고 싶은거 있냐 라는 글이 마지막임?"
"190",1456,"갤러리왜이럼","근데 감흥이없음 더 글쓰자~~ "
"191",1457,"타 유형애가 잇팁 좋아해서 이거 맞냐고 물어본 글","그거 뭐였냐 분석력 지려서 개추눌러줬는데ㅋㅋ우리 밉다고 앙탈 부리고 갔음"
"192",1459,"중학교때 여자애들이 나보고 귀엽다고 한건뭘까?","난 infp인데 중딩때 혼자있고 있었는데 여자애들이 나보고 귀엽데"
"193",1460,"부탁글은 뭐였음","뭔데 부탁을 들어줘 갑자기"
"194",1461,"[INFP 출입시 1초에 머리카락 한올이 빠지게됩니다]","탈모깐깐징어다코야키가 되기싫다면 잇팁갤을 나가주세요"
"195",1462,"N/S 차이점",""
"196",1463,"뒤질때까지 _ _ t _ 이건 절대 안변할듯","다른 건 다 변해도 t가 f가 될 일은 절대 없을 듯"
"197",1464,"닉네임 잇팁갤주인거부터가 ㄹㅇ 븅신같네","지가 뭔데 이 갤 주인공을 하려하노인프피새기덜 하여간 자기중심적인건 알아줘야함 ㅋㅋ 현실에서는 아무도 지 신경 안쓰는데"
"198",1465,"isfp친구가 나에대해 브레인스토밍함 ㅋㅋㅋ","21년째 아직도 나를 알아가는중난 무계획 인간임 ㅋㅋㅜ"
"199",1466,"meme",""
"200",1469,"근데 인프피라서 저런걸까","그냥 저정도면 사람이 문제 아님? 인프피 ㄹㅇ 다저럼?"
"201",1470,"근데 폐쇄될 수도 있는거아님?","은근히 기준이없어서 쉽게 폐쇄되던데임시갤이라도 파야될까"
"202",1471,"infj는 어케 생각함?","궁금하네 "
"203",1472,"우울충 개싫음 ","뭐만 하면 우울해지는 애들 ㅇㅇ 자기연민에 빠져서 감성 충만해지는 꼴 극혐임 "
"204",1474,"t와 f 비교한 글 왜 사라졋지","인팁이랫다고 삐졋니 "
"205",1475,"인프피 개패고 싶은데 정상?","그쉨 꼬라지 보니깐 지가 공주님 대접 못받고 인프피들 존나 까이니깐 글 싹 다 밀어버린것같은데 ㅅㅂ "
"206",1476,"N/S만 다른 내 친구랑 나랑 불건강하면 서로 성격 발현됨","잇팁인 내가 건강할 때:-히어로 캐릭터 액션, 코믹 요소 있어서 남들 보는 정도로 가볍게 봄-남이 크게 지랄하지 않는 이상 누가 나한테 뭐라고 해도 관심이 없음-정의구현은 좋지만 심한 정도만 아니면 나 말고 다른 애가 해주거나 걍 빌런새끼가 셀프로 망했으면 함불건강할 때 S 말고 N 발현:-평소보다 더 히어로물 좋아하고 세계관 찾아봄-평소같으면 빡치기만 하고 귀찮아서 조용히 넘길 상황인데 머리 속에 있는 단어 그냥 내리꽂음. 씹프피가 징징대면 극딜로 순살치킨 만들어 튀기고 불닭양념까지 입힘 ㅇㅇ인팁 친구 건강할 때:-조용조용 취존하면서 덕질도 하고 잘 삶-가끔 불편한 상황에 내가 말 길어지는 거 싫어서 넘기면 대신 나서서 발작하며 개지랄해줌-지는 정의구현하는지 모르고 걍 존나 그 대상이 맘에 안들어서 해주는 거불건강할 때 N 말고 S 발현:-뭐가 불만인지 말을 쳐 안하고 표정 개구기고 있음-상황이 이 지경인데 저 새끼가 왜 조용하지? 싶음-갑자기 매사가 염세적임-누가 아 시발 도서관에 걍 불났으면 좋겠다 하면 대피계획 세우는 놈이 씨발 다 죽었으면 ㅌㅊ로 대답함ㅋㅋㅋㅋㅋㅋ둘이 친해진 계기는 안친할 때 같이 엔드게임 보러감관심사 공통되는 거 없음 접점없는 애들이긴 함"
"207",1477,"앞으로 인프피 글쓰지말자","그냥 투명인간인것처럼 관련 글도 쓰지말고 infp와도 답변 달지말자. "
"208",1479,"불건강 건강 차이는 머임",""
"209",1481,"너네 여기서 오프친목한다 개추 안한다 비추","곧 비추로 매장될 게시글입니다."
"210",1482,"잇팁갤 하다보니 좀 재밌는거같음;;","첨에 갤 생기기 시작했을땐 잇팁 중 누가 글쓰겠노ㅋㅋㅋㅋ다들 눈팅하다 말겠지 했는데 하나둘 공감가는 글 올라오니까 점점 몰입되는듯.. "
"211",1484,"잇팁 아닌 유형은 잇팁갤 왜옴","지인들 유형갤 궁금하긴 해도 귀찮아서 안찾아보게되던데"
"212",1486,"잇팁 공부법 전부 다 캡처한 거 있어서 올림","귀찮았지만 올린다 개추 눌러 주셈"
"213",1487,"잇팁좆되기공부법 오늘 올린 A4 예시까지 총정리",""
"214",1488,"갤 밀려서 이 글을 우연히 보게됐는데","나 3달동안 헬스장 1번갔음;; "
"215",1490,"ISTP이랑 INFP가 같이 매점가는 만화(각색)",""
"216",1492,"친구랑 여행스타일 너무 안 맞음","정정 여행 전 과정들이 너무 안맞음"
"217",1497,"나 취준 공부 할 때 제일 효과 봤던 것","1. 일단 깨어있을 때 공부하기 "
"218",1498,"옛날념글에 있던 istp랑 intj랑 대화하는거 올려도 됨?","주인이 싫어하려나 "
"219",1499,"너네도 혹시 누가 밥사주는거 싫어함?","내가 누구한테밥을 얻어먹는다는걸용납할수없음내 가족이야?? 니가 뭔데 날 사줌ㅋㅋ << 이런 마인드 + 김치녀되는거 극혐 + 빚짐 + 돈으로 연결되어있는 느낌통장 지출 보면대부분 친구 밥값이나 남친이랑 쓴 데이트비용임문제는 취준생이라 돈없는데도 살려고함ㅋㅋㅋㅋㅋ사주풀이, 점집도 가봤는데항상 남한테 돈쓰는거 주의하랬음"
"220",1500,"낮에 타갤에 p 3명이랑 여행 간 j 있었음","원글 어딨는지 모르겠음j가 계획을 이중트랩으로 짜가지고 즉흥적인 것처럼 원래 계획으로 유도했대보고존나박수침"
"221",1501,"INTJ랑 ISTP랑 대화하는 내용 (펌)","문제시 삭제하겠음 "
"222",1502,"근데 빚지고는 진짜 못살겠음","친한친구가 아무 뜻없이 커피같은걸 사줘도 빚으로 느껴짐"
"223",1503,"너네도 에니어그램이나 해봐라","나는 5w4노  https://urbanlist.kr/content/enneargram "
"224",1505,"나 어릴때 이기적이라는 말 많이 들었음","엄마한테 들음 ㅇㅇ  혈육간에 내꺼 니꺼 구분 ㄹㅇ 철저하고 내꺼 침범하면 ㅈㄴ 싫음  근데 남의 걸 억지로 탐내거나 뺏지 않음  "
"225",1506,"_NFP 친구 어쩌다생겼는데 ㅈㄴ힘들다","날 너무 부담스럽게 좋아해 깡깡깡깡깡 차마 걔머리를 칠순없어서 책상을치는중 "
"226",1509,"우리집은 니꺼내꺼 철저해서 존나 편함","어릴 때부터 초코파이 이런거 사와도 무조건 n분의1해서 나눠먹음 "
"227",1511,"근데 지인들한테 mbti 검사 시키면 안될거 같음","괜히 찾아보고 편견갖게 되더라고"
"228",1512,"나는 fj 유형들 좋음","먼가 안정감? 잇음내가귀찬아도알아서 다챙겨줘서조음."
"229",1515,"착한 INFP.",""
"230",1516,"연예인들 xnfp 많지 않아?","직업이 그러다보니 순수하고 착한 게 부각이 되는 듯일반인 씹프피들은 그냥 깡깡깡임 ㅅㅂ 밑도 끝도 없이 지가 주인공이야"
"231",1517,"연예인 infp 많더라","싱어송라이터 중에 많고"
"232",1520,"잇팁은 연예인존나 안맞을듯","관심받는거 그렇게 좋아하지도않고"
"233",1522,"사실 무슨 유형이든 착하면 ㄱㅊ음","근데 불건강하면 존나 깡깡깡이지 ISTP도 예외가 어니다 "
"234",1525,"esfp랑 대화하는 내용. 존나웃김주의 남들도보게 추천좀"," - dc official App"
"235",1526,"하 삼촌 __fp인가봐","야밤에 이아파서 우리 엄마한테 전화함"
"236",1527,"잇팁 불건강의 기준은 뭐임","어떤 상황에 아 나 불건강하구나 느껴 보통?"
"237",1530,"욱하는 기질 나만 있냐","자주 안그러는데 종종 그럴때 있음 "
"238",1531,"팩폭한다는 소리 많이들음?","친구들은 나 그렇게까지 생각안하는데"
"239",1532,"너네 번호같은거 안따지?","아닌가 진심 맘에 들면 따나?"
"240",1536,"그러게 얼마나 infp건드렸으면","그 순한 infp가 작정하고 갤 털러오냐 ㅋㅋ "
"241",1537,"공부든 뭐든 찐 좆됐네를 느낀순간","ㄹㅇ무서울정도로 차분해짐 그래서 정병 티가 안남 "
"242",1538,"이거 하난 맘에 들음","촉박하거나 긴급한 상황에서도"
"243",1539,"●istp갤이 infp식민지라는 infp박제","211.204 infp찐따^^ "
"244",1540,"화났을 때도 차분해지는데","난 덤으로 손발도 그렇고 갑자기 차가워짐 ㅋㅋㅋㅋㅋㅋㅋㅋㅋㅋㅋㅋ 선택적 수족냉증 온 줄"
"245",1541,"지가 우울한거 ㅈㄴ티내는 애들 개싫음","고민같은거 털어놓는건 좋은데 얘기할때마다 우울하다뭐다 나 우울증인가하면서 그러면 나도 우울해지는 기분이라 좆같음  "
"246",1543,"니들 진짜 존ㄴㅏ 극한으로 빡치면 어떻게함?","난 아무말 안하는데 , 뭔지알지? ㅈㄴ 아무말안하고 분위기 씹창나는거 연락와도 다씹고 나혼자만의 시간을 가짐 "
"247",1545,"주위에 우울증 걸린 지인 있는 사람?","우울증 때문에 약 먹었다고 하는데 보통 우울증 걸렸을 때 어떤 상태임?"
"248",1546,"삼대욕구중에 뭐가 젤 강하냐","나는 수면욕인듯 그리고 다른사람들보다 상대적으로 성욕이 없는듯..."
"249",1547,"우울증 걸린 애들 중에 상담사나 의사 조언대로 안하는 애들도 있음","진짜 개빡침제 시간에 약도 안먹고 일기 등등 하라는 거 다 안함인스타 올려놓고 일기라고 웅앵웅그래놓고 주변 사람한테 자기 감정 쏟아내고 지랄해서 그 주변인이 그 사람 때문에 지쳐서 우울증 걸린 경우 실제로 봄웃긴 건 그것도 만만한 사람한테나 하지 지가 잘못 걸렸다 털릴 거 같은 사람한텐 안하더라 강약약강을 그렇게 실천함"
"250",1548,"극한으로 빡치면 소리지르고 욕함","근데 다시 생각해보니 너무 추해서"
"251",1549,"극한으로 빡쳤었던썰","내 친구가 생일선물로 섬유유연제를 받았는데(왠지는 묻지마..) 내가 그거 뚜껑따서 야 마셔ㅋ 마셬ㅋㅋㅋ 이러고 장난치고 있었는데 어떤 찐따여자애새끼가 그거 밑바닥을 툭치고 지나감 그래서 그거 다 튀겼는데 좀만 왼쪽으로 튀었으면 눈에 들어갔을지도 모르는 정도로 머리랑 얼굴에 다묻음 근데 그새끼 좋다고 튀는거 그래서 그때 이성이고 뭐고 ""야이 씨발새끼야아아아!!!""하는데 음악시간에 지나가던 옆반애들 반애들 다들을정도로 소리지름 난 그때 뭐 건드려도 대충 넘기던 애라서(지금도 그럼) 그때 애들 어지간히 놀랐는지 다 쳐다보더라 그리고 ㅈㄴ 씩씩대다가 일단 이거 묻은것부터 빨리 닦아야될거같아서 화장실가서 씻다가 화풀림ㅋㄲㄱ힘빠져 그새끼 미안하다고 하긴했는데 후에 병신짓 더하다가 반에서 완전 찐따됨 시발 다시생각해보니까 ㅈㄴ 아찔하네 내인생에서 가장 위험한 순간 TOP5안에 들듯 "
"252",1550,"니넨 절망편이냐 희망편이냐","지금 나는 절망편인듯 ㅋㅋㅋ"
"253",1551,"맨날 뭐 까먹고 놓치는데 나만 이러냐","자격증 접수든 뭐든 기간 놓친거 한두번 아닌데"
"254",1552,"빙고해봄","난 무슨 유형이지 "
"255",1553,"글쓰는건 좀 귀찮은데 ","댓글은 잘 다는 잇팁 ㅅㅂㅋㅋㅋㅋㅋㅋ<U+00A0>"
"256",1554,"평소에는 화 오지게 안 내지만","잠잘 때 깨우면서 지랄하면 존나게 화냄. "
"257",1555,"그러고보니까 말많은스탈은아닌데","내관심분야나 내가 잘아는거에 대해 말많아질때잇음ㅋㅋㅋㅋㅋㅋ 글고 난 나대거나 광대스타일이 아니고 툭툭 내뱉는식인데<U+00A0><U+00A0>가끔씩 사람들이 빵터짐나는그리고 말을 길게하면서 남의시간 안뺏고 간결하게 요약해서 말하는거를 잘하는데 상대방이 말길게하면 금방 듣기싫어지더라 별관심없는내용일때도 많고 ㅋㅋ"
"258",1556,"인핖충 저러니까욕처먹지","폐급인간"
"259",1557,"mbti어떻게되세요? 글아깝다ㅠㅠ","(악수하는짤)인프피요(잡은손놓는짤)아...대충 손빡빡씻는짤 여러개"
"260",1558,"남자 ISTP의 효율성 관련 이해는 이거로 끝이다","양치하면서 오줌쌈 "
"261",1559,"너거덜 애인있냐 유형뭐냐","내남친 entp"
"262",1560,"나는 esfp랑 만날때 가장 오래만났어","이제는 정신좀 차리고 istj나 isfj를 만나서 "
"263",1562,"잇프제 친구 있는데","잔잔하게 오래가는듯 성격 진짜 잘맞음"
"264",1563,"인프피랑 근데 맞는유형이 있긴함?","같이 일하면 속터지고 눈치는 오지게 보는데 갑분싸 장인이고 피코 오지잖아 "
"265",1564,"덕질 시작하고 갤 유입됐는데","반년동안 글쓴거 10개 미만인거같음"
"266",1565,"너네 최근에 운 적 있냐","난 어지간해서 잘 안 우는데저번에 일본가서 지갑잃어버리고 처울음 다시 생각해도 쪽팔리네"
"267",1566,"급식 때 좋아했던 과목 뭐임?","난 영어, 한문, 국사, 법정ㅇㅇ"
"268",1568,"""혹시 mbti 유형 어떻게되세요?""","""인프피요"" "
"269",1569,"-a/-t 차이가 뭐야","ㅇㅇ"
"270",1570,"ㅈㄴ빡치면소리지르고뒤엎음","성격좀고치라는데불가능"
"271",1571,"카톡할 때","한 문장으로 보낼 수 있는 걸 굳이굳이 여러 번 끊어서 보내는 애들은 무슨 심보로 그러는 거냐? 더 부담돼서 읽기 싫어짐 "
"272",1572,"ISTP랑 ESFP랑 카톡하는 만화 - 발그림 ㅈㅅ",""
"273",1579,"다시 해봤는데 t였는데 a로 바뀜",""
"274",1580,"친구가 없어서 이 유형 어떠냐는 글에 대답을 못해줌.","그나마 있는 친구들것도 까먹음 "
"275",1581,"esfp절대맞음아","너 esfp야?"
"276",1582,"밑에 만화보고 잉? 난 안 저런 거 같은데 하면서 카톡 함 들어가봄","엔터 jonna 많이 치는 거 맞네 ㅈㅅ 이때까지 의식을 못했음<U+00A0>"
"277",1584,"시끄러운 사람 싫어","요란한 사람 싫어 "
"278",1585,"진동모드인데 엔터충이면 알람끄기마렵지 ㄹㅇ","적당히 해라 "
"279",1586,"나는 휴대폰이 내가 명령하지 않은 소리를 내는게 싫어서","항상 무음임  "
"280",1587,"저거 보고 카톡 들어가봤다..","지 하고싶은 말 할때 줜나 신남"
"281",1588,"내 카톡보니까... 내가 생각보다 말이많네",""
"282",1589,"인프피 애정결핍 맞음?? ","의심가는애 잇는데 애정결핍이라 할말도 없으면서 무리하게 카톡으로 관심구걸하는타입... 빙빙 돌려말하고 근데 인프피 특징들보면 카톡 잘 안한다 돼잇어서 긴가민가 함"
"283",1590,"밑에 각색한 만화보면 원작과는 느낌이 또 다름","원본 만화 인프피는 인성질하는것처럼 보이는데 각색한 만화는 왤케 순수해보이냐ㅋㅋㅋ 저게 더 좋긴함 "
"284",1591,"ISFP랑 ISTP랑 둘다 있는 사람 있냐?","검사하면 맨날 ISFP나오긴하는데 ISTP특징도 존나많이 겹침 "
"285",1594,"밑에 카톡 대화 글쓴 사람인데","특정한 상황에서 두명 이상의 다르거나 같은유형의 그림 재밌? 근데 내가 지식이 얕고 그림도 ㅈㄴ 못그리는데 반응 좋아서 물어봄 "
"286",1597,"학창시절 잇팁 현재 인프피임","이런저런 일들 겪다보니 바뀌더라고여 "
"287",1598,"그래서 여기 폐쇄되냐?","ㅈㄱㄴ"
"288",1600,"시험 2주 남았는데 공부 시작 걍 아무것도 안함","어카냐"
"289",1603,"? 내가본 nfp는 다 착하던데","오히려 극소수가 에너지 뱀파이어임그렇게싫으면 손절하지 뭐더러 연락하고 다 받아주면서 갤에 글쓰는지 이해안되네"
"290",1604,"솔직히 현실에선 인팁이 인프피 좆나 잘패지 않냐","진짜 개지랄하면서 패던데 옆에서 보는 사람들 강제로 탄산수 먹음그리고 그 인팁은 정의구현했는데도 썅년됨"
"291",1605,"근데 니네 발등에 불 떨어졌을 때 하면","성적, 학점 잘 나오는거 믿고 있다가 ㅈ된 적 없음? 나 평생 벼락치기 효율 ㅆㅅㅌㅊ로 살다가 한 번 ㅈ되고 나서 멘탈 나감 물론 아직까지 정신 못 차림... "
"292",1607,"인간만사 세상 ㅈ같은유형","내물건 허락없이 쓰는놈 ㄹㅇ 허락맡고써도 ㅈㄴ 문제없는데 허락없이쓰고 쓸수도있지~ 이지랄 깡 "
"293",1609,"카톡들어가봄","대답너무 대충하는듯 "
"294",1610,"연락하는 거 안 귀찮냐","사람은 싫지 않은데 너무 귀찮다 살짝 부담되기도 하고<U+00A0>"
"295",1612,"ㅈ같은 인프피 욕하면서 왜 같이 지내냐고?","친구아니고 공적인 자리에서도 찐따티 내는 인프피 있어서 욕하는거임피해를 안주면 되는데 나한테 피해가 오니까빡치는거지걍 걔네들 선동에 내로남불 보면 저게 나랑 같은 인간인지 의심이 됨"
"296",1613,"젤 싫어하는 유형 머냐","난 entj"
"297",1614,"난 istp intp 검사할때마다 두개 중 하나 나오는데","istp가 더맞는다 사람 그리운데 막상 만나면 귀찮고 infp 전여친이랑 오래사귀다가 헤어짐 근데 infp 안맞는데 내가다맞춰주고 잘해쥣는데 결국 내로남불이랑 이기적인거땜에 헤어짐 ???? 여튼 반갑다야드라"
"298",1615,"인프피가 순하긴씨발","인팁보다 더또라이드만 인팁은 약간 이해가는 또라이고 인프피는 이해가안가는 또라이임 "
"299",1616,"istp 꼬시는 방법","1 상대방의 취향에 맞게 생긴다 2 본업 잘해야함 노답이면 안됨 앞가림 잘하는 멋있는 사람 좋아함 3 약간 알기 어려운 상대 좋아함 "
"300",1617,"근데 유형가지고 사람 나누면서 욕하진말자","인프피는 사람 아니니까 괜찮긴한데 "
"301",1618,"씹프피보다 더 안맞는 애들 백퍼 있을걸","근데 인프피가 잇팁이랑 유난히 많이 엮임접점 없으니까 좆같은지 괜찮은지도 모를 뿐임"
"302",1619,"인프피는 참피 같음","멍청하고 감정적인데 말은 존나많아서 짜증나는데 의존심강하다못해 맡겨놓은거 내놔란식으로 주제파악못함"
"303",1620,"f중에서도 인프피가 젤별로고 잇프제가젤나은듯","내친구중에 잇프제있는데 얘보면서 남친이 잇프제면 좋을거같다고 간간히 생각함"
"304",1621,"잇팁에 계집도 은근 많노","니들 친구관계는 어떰? "
"305",1622,"잇팁 여자로 사는 게 남자보다 힘듦","성차별x근거 : 엠비티아이 별 남녀 비율가면 존나 써야 됨 진짜"
"306",1625,"근데 잇팁 성격이 한남 성격이라곤 하는데","잇팁 한남인 나는 잘 모르겠다잇팁이 한남중에 많은건 확실한데 주류 의견 잘 내고 존재감이 큰 그런 족속은 아님인터넷에 보면 확실히 많은거 같긴 하더라 특히 디씨일단 야갤 일베 처럼 세속적인 분위기 쎈 곳은 잇팁 남자 분위기에 제일 가까운것 같고 디씨 갤러리 중에 주갤 스포츠 관련 이런 쪽이 그런 분위기 강한듯근데 갤러리 다수에 해당하는 중갤 만갤 도시 철도 같은 씹덕 성향 강한 곳이나 역사게임 학문 이런 파고드는 분야에서는 인팁 인티제스러운 분위기가 강세인듯요약하자면 문화 사회 주제 갤러리는 s 성향 강하고마이너 문화 캐릭터 위주 밈이 퍼진 덕 갤러리는 n이 강한 느낌스트리머나 아이돌 팬 갤러리는 잘 모르겠다 섞인 느낌"
"307",1626,"나는 위로 진짜 못하는듯","ㅜㅜ 힘내.. 의 반복 "
"308",1627,"잇팁 - 인프피 관계성은","현재 갤매 (=전전갤매)가 씹프피새끼(=폭파범) 대한 거 보면 확 이해감갤매가 개념에 정리해놓음 자기 심정까지 ㅇㅇ귀찮아서 냅둘 때 선 지키고 나대지 말아야 하는데 나대는 것까지 완벽한 예시임"
"309",1628,"인프피가 원래 대가리 꽃밭이냐","현실에서 보면 더 좆같을것같음 "
"310",1629,"니들은 프사로 뭐해놓냐","나는 안함"
"311",1631,"인프피가 윗사람이면 하극상마려움","인프피새끼 공식 고문관이면서도 스스로는 아직 회사에서 자신의 진정한가치를 몰라봐줄뿐이라고 정신승리를 함근데 실질적으로 하는일이 없으므로잇팁부하직원에게 의존함과 동시에잇팁에게 본인의 씹창퍼포먼스의 책임을 전가시키려고함오죽하면 과장놈이 입사6개월차인 나에게인프피대리새끼 사고안치게 좀 잘 케어했어야한다고 책임떠넘김부하직원이면 존나 인격모독꼽사리주고그냥 일 내가 다하고말면되는데상사면 진심 살인마려움"
"312",1632,"인프피 고문 업무 조합","상사 intp동료 isfj 가면 쓴 isfp, 그냥 istp후배 entp상사가 뒤질 듯이 패고후배가 불만사항 구구절절 소리내서 얘기함 + 아이디어 존나 내서 정작 인프피는 빛을 못봄동료들한테 지랄하는데 istp한텐 손절 당하고 그나마 받아주는 isfj는 알고 보니 isfp근데 isfp가 잘 구슬려서 그만두지도 못함"
"313",1633,"딴 mbti 잘 몰라서 그러는데 왜 인프피 카운터 조합임?",""
"314",1634,"난 엣팁인가봐","I유형들 짜증나뒈질꺼같네"
"315",1635,"아시발 갑자기 개빡치네","자존감 낮은 새끼들 손가락 망치 쾅 "
"316",1637,"니넨 싫어하는게 왤케많냐?","나도많다근데 "
"317",1639,"여기 나랑 말투 비슷한놈들 많은듯","글쓰는타입도 ㅈㄴ 같은재질 "
"318",1644,"념글에 있는거처럼 그림 그릴건데","주제랑 유형 추천좀 나 근데 유형특 잘 모름 istp빼고 글은 읽어볼텐데 현실에서 접하지 못해서 팁도 주면 ㄱㅅ "
"319",1645,"istp였는데 오랜만이 다시해보니까 istj로 바뀜","좋은건가ㅋㅋ "
"320",1647,"옛날 념글에 istj됐다며 자랑하고 탈주하는글있었는데","대충 내용이 게으른p새끼들아 고귀한j님 탈갤하신다이런식"
"321",1648,"애초에 근데 다른 mbti 갤을 왜오는거?","안그래도 지금 이미지 안좋은 판국에 와도 눈팅이나하지 글을 왜쓰냐? m성향인가 "
"322",1650,"잇프제 천사라며 얼마전에 나랑 개싸운새기 잇프제 나왔는데 ㅅㅂ?","뭐노 이기 "
"323",1651,"아근데 착한것같기도하고","곱창전골 먹고싶은데 집에서 안나온다길래 나오라고 꼬시니까 니들끼리 쳐먹어라 돈 n빵준다하고 진짜 돈줌 그러니까 착한거맞음 "
"324",1653,"오랜만에 검사 다시해봤다",""
"325",1655,"갤터트린 새끼 왔다갔어?","글 보니까 그런것같아서"
"326",1656,"잇팁갤 말투 다 똑같음 진짜","다른 유형 오면 바로 티남근데 씹프피 아니면 타유형인 유입 안팸ㅋㅋ"
"327",1657,"안물어봤는데 자기혼자 급발진 해서 징징댄다?->","99프로의 확률로 잇팁아님"
"328",1662,"난 자존감 낮은편인데","자기비하 잘하는편 특히 외모자존감이 낮은듯 "
"329",1665,"심심해서 잇팁 글 찾아보다가봤는데","ㅇㄱㄹㅇ인듯"
"330",1667,"난 _ST_가 좋아","stj는 좀 싸가지없긴 한데 그래더 답답하지 않은점이 조흠 "
"331",1668,"갤매 남자였냐 여자였냐","ㅈㄱㄴ "
"332",1670,"잇팁이 좋은게 죽음의 조 걸리면","멘붕옴 -> 1~2시간후 해결책이 필요함을 인지-> 계획을 짬 "
"333",1672,"INFP랑 밥먹으러 가는만화 - 씹 발그림 ㅈㅅ 똥손임",""
"334",1677,"지금 시간대 정도면 갤 안썰린 거 맞지?","ㅈㄱㄴ"
"335",1678,"내가 완장차고싶은경우","1특혜가 있거나 "
"336",1679,"갤매 신청한거 어케 됨?","왜 승인빨리 안나냐 될거같은데"
"337",1680,"잇팁에게 해로운것","바로 '좆될것같음'의 감정이 무뎌지는것이다"
"338",1685,"엠비티아이에 대한 생각 잘 정리했길래 가져옴",""
"339",1686,"너네 말잘하냐?","난 못하는데"
"340",1687,"너네도 목소리에 소울이 없다고","고나리 많이 먹냐? "
"341",1688,"여자 잇팁 빡치는 점","뭐만 말하면 진심이 안 실려있대그럼 뭐 얼마나 감정을 담아 말하라는 거임"
"342",1690,"술 취하면","엔프피 됨"
"343",1692,"너네는 주접댓글같은거 웃김?","난 ㅈㄴ병신같아서 보기싫음 "
"344",1695,"국내 싫은거 많은 갤러리 또시작됐네","근데 여기서 말하는거 다도 다시름 "
"345",1701,"잇팁이 먼저 말걸어오면 친해지고싶다는거임?","인사도 제대로안받고 말도잘안하길래 뭐 이런게다있나했는데 "
"346",1702,"잇갤러 유일하게 좋아하는것","싫은것 말하기"
"347",1703,"난 리액션 우와 정말 데단해! 이런식으로 함","난케장콘대사 따라한거지만 일반인들은 잘모르니깐 다행임 "
"348",1704,"3년째 짝사랑 중인 짝녀 있음","여전히 고백할 생각 없음다음주에 둘이서 술마시기로 함ㅋㅋ 진전은 있다"
"349",1707,"나 임티가 마냥귀엽기만 한 임티가 없네",""
"350",1709,"잇팁이 완장차는 경우 ","이득으로 돌아오는게 클경우 나섬<U+00A0>"
"351",1710,"난 엣팁 엔티제 좋더라고","엣팁은 귀엽고"
"352",1711,"마춤법틀리는거습관댐","그냥 좀금 틀리개 댐 올바른 맞춤법을 모르는 건 아닌데 그냥 틀리고싶어 ㅋㅋ "
"353",1713,"사실 mbti좆도 관심 없음","특히 남 유형 뭔지 1도 안 궁금함 나한테 피해만 안 주면 인프피건 뭐건 1도 신경 안 쓰임 mbti는 걍<U+00A0> 나 자신을 분석하는게 재밌어서 봄 "
"354",1714,"잇팁게이 공부하려고 노트 볼펜 5개샀다","좆되기 공부법으로 열심히 할거다  "
"355",1715,"아래글들보니까 잘생긴 잇프제 남자 사귀고싶노","잘생긴 조신 한남이라니 내 주변에 없을거같아서 딱이야"
"356",1716,"sfj 빡치는거","꼭 빈말이라도 예의 갖춰줘야 함나는나 너는너 없음 밥은 좀 혼자 먹어라"
"357",1717,"내 말투가 좆같나","대학교 입학하자마자<U+00A0>에타에서 내 말투 좆같다고 시비털려서 좀 시부렸더니3개월 정지먹음 정지 풀리기까지 24일남음여대임좆같다"
"358",1718,"다들 문자하거나 댓글달때 오타나면","다시 고쳐 적냐 아님 내버려두냐예를 들어서-나 밥먿는중-먹는중이런식으로나는 뜻에 지장없으면 걍 냅두는데 고치는 사람들 많아서 그래야하나 싶음 니들도 그러냐"
"359",1719,"여기 여자애들 여시안할듯","아님 했다가 탈퇴"
"360",1723,"카톡할때 뒤에 임티 붙이는거나 혀짤린말투 개좆같음","말 똑바로 하라고 하면 손절당할까봐 참음 하 씨발.. "
"361",1727,"나 우리집 고양이한테만 애교 존나 잘 떰","혀 다 짤림 ㄹㅇ"
"362",1729,"난 다른 i랑 못 친해질 거 같음","친구무리 다섯명 있는데 enfp estj셋 estp 다 e야친구들이 먼저 놀자고 안 끌면 연락도 잘 안 함i 친구는 어떻게 사귀지적극적인 i가 다가와야 그나마 친해질까 말까인데"
"363",1730,"다들 현생 살다 온 거냐?","고닉 갑자기 많아졌어"
"364",1731,"디시하는 여자 외모로 분류해봄 ㅇㅇ","예쁜 여자 - 남초갤에서 보그로를 주로 끌고 가끔 얼공 하면서 여왕벌놀이함 "
"365",1732,"나도 어디 카페 가입해본 적이 업다","갤창이라 모든 걸 디시로 해결하는 듯꿈해몽도 갤 찾아티비를 봐도 갤 찾아게임을 해도 갤 찾아심심해서 잇팁갤 쳐봣더니 잇팁갤이 나오대"
"366",1733,"내가 아무리 찐이여도","급발진하면서 지혼자 퇴화돼서 씩씩거리는 찐은진짜"
"367",1734,"그냥 먹금해","갤매 등장해서 글 썰어주기까지 기다리기나 하자"
"368",1735,"Istp이 야갤에 가장 많은 유형인듯","ㄹㅇ로 하루종일 중계하고 까대리고 하는 게 ㅋㅋㅋㅋ"
"369",1736,"난 소속감이 넘 없는 듯...","뭐든 혼자가 편해 어디에도 날 속해주지 않았음 좋겠어ㅗㅓㅓㅓ"
"370",1738,"인팁이랑 잇팁 차이점","잇팁이 더 간결 깔끔하게 말한다인팁은 딥함둘다 시니컬하다는 공통점"
"371",1739,"유형 네글자 중에 이거만큼은 절대 못바꿀 것 같다 하는 알파벳 있음?","난 T"
"372",1740,"잇팁친구 있었으면 좋겠어","잘맞을수도 있고"
"373",1741,"나는 뼛속까지 P","아마 80프로 넘게 나온걸로 기억함물건 진짜 잘 잃어버리고내가 계획짜서 뭔가 이뤄본적이없음"
"374",1742,"인프피 진짜 핑프력 ㅆㅅㅌㅊ","나랑 지인 인프피 둘다 "
"375",1743,"너네 인프피랑 여행가봤냐?","씨발... 넷이 간 거 아니고 걔랑 나랑 둘이 갔으면 살인났음"
"376",1744,"너네 디시 몇살때부터함?","난 고딩때부터 한듯 "
"377",1745,"나한테 갤록으로 머 물어본 애 잇붕이임??","유동이라 모르겠네 누구야왜 내가 음악관련 전공이라고 생각하는 거지 ????"
"378",1746,"니네 왜 이렇게 인프피 싫어해?","나 인프핀데 mbti같은거 좋아해서 이것저것 찾아보다가 여기까지 왔거든. 근데 왜 그렇게 싫어하는거야?밈이야? 아니면 진심으로 싫은거야⊙_⊙? 따지는거 아니고 찐 궁금해서 묻는거임."
"379",1747,"노래추천좀","장르는 안가림"
"380",1749,"인프피놈들 바탕화면 아이콘오조오억개","저어어얼대 업데이트안하고 파일정리안함"
"381",1750,"잇팁갤 이렇게 훈훈한데","내일아침에 폐쇄되면 레전드 "
"382",1751,"인프피 좆같은이유가 뭐임","구경왔는데 흥미로워서 알려줘라 형들"
"383",1752,"모든 인프피가 극혐은 아니지만","극혐인 인간은 모두 인프피더라"
"384",1753,"이건 잇팁특이 아닌가","한창 우울할 때 나한테 일어난 상황과 감정들을 오지게 분석하고 그랫거든 원인이 뭐고 내 감정이 어떻고 과거부터 뭐가 문제였고 그거에 따라서 어떻게 진행돼서 그 지경까지 왔는지이런 거 생각하는 거 심했는데 이거 약간 인팁 같은 ㅇ건가"
"385",1755,"친구세명이 엔프피인 잇팁 여자임","난 잇팁 여자 절대로 말을 먼저 안꺼냄. 한번 친구입에서 대화주제가 나오면 그때부터 떠드는편 ㅇㅇ 근데 친구 한명은 찐따라서 걔랑 말할땐 내가 대화를 이끎 상상 잘 못함. 안함 영화같은 작품 볼때 운 적이 없음. 한명은 질질짜고 두명은 눈물훔칠때 난 콧물도 안나옴 근데 화나거나 억울하면 눈물나오는 타입임. 이럴때 빼곤 운적이 없는 거 같음 본인은 공부 잘함. 평소엔 그날 배운거 알 만큼 공부하고 시험기간되면 빡세게 함. 공부는 단기간에 집중해서 빨리 함. 집중력 존나 떨어지고 폰 자꾸 보고싶은 날엔 잠금걸거나 엄마한테 맡긴다 하지만 학원 숙제같은건 미루고 미루다 결국 몰아서 함. P 특징 계획 가끔 세우는데 지킨적이 한번도 없음. 나는 그냥 물 흐르듯이 무의식적으로 공부하는게 오히려 도움됨 학원숙제는 미뤄도 학교 수행평가는 그때그때 제출한다 나는 이과, 예체능 계열을 좋아하고 잘함. 언어과목은 별로 좋아하지 않고 책도 잘 안 읽는 편. 감성팔이 진짜 싫어함. 공감 바라는거 ㄹㅇ 싫음. 장난은 심한거만 아니면 아주 잘 받아주는 편. 너네 T F 시험기간 차이점 봤냐 이거보고 나랑 존나 딱맞아떨어져서 소름돋았다 각자 듣고싶은 칭찬 T는 결과 중시 - 시험 잘봤네 F는 과정 중시 - 열심히 했네 잇팁은 게으른 천재라는 말이 있는 만큼 '넌 공부 별로 안하는거 같은데 공부 잘한다'<< 나는 이런 말을 좋아함 ㅋㅋ 친구가 시험을 망쳤다 T는 질문부터 (몇 점인데? <<진짜로 궁금한거다. 악의없음 F는 위로부터 (괜찮아 내가더 못봤는걸  안친한 친구가 시험망치면 T는 F의 방법인 위로부터 하고 F는 T의 방법인 질문부터 한다 ^ 이거 ㄹㅇ임 영혼없어보여도 안친한친구면 위로부터 함 ㅋㅋ 나무위키 잇팁설명보면 나랑 모조리 똑같음. 나는 전형적인 잇팁인 것 같다 읽어줘서 고맙다 "
"386",1756,"만약만약 잇팁갤이 폐쇄된다면","내 갤기장으로 쓰는 마갤 빌려줄 수 있음앗 싫다면 미안 ㅋ폐쇄되질 말아야지아니면 ㄹㅇ ISTP(잇팁) 이렇게 다시 파거나.."
"387",1758,"잇팁갤 인프피가테러한거 짜증나니까","현실에서 주변인프피들수치심에 자살마려울만큼팩폭으로 싸대기때리고과대망상깨부수는걸로 화풀이ㄱㄱ"
"388",1760,"나는 여시함","근데 여시 야갤 수갤 해충갤 여연갤 알락싸 도탁스 이런거 다봄 그냥 인터넷망령임 "
"389",1762,"이 기능 있는거 지금 알았네","ㅇㅇ"
"390",1763,"근데 여러분 제 글에 비추 왜이렇게 많이 박으시나요ㅠㅠ","짝사랑 힘드네ㅠㅠ "
"391",1764,"다들 되고싶은 걸로 mbti 체크하면 무슨 유형임??","나 entp"
"392",1765,"잇팁녀에겐 누군가의짝사랑은 부담임","높은확률로 그 끝이 안좋음솔직히 여성미 거의없다시피한잇팁녀를 짝사랑하는 놈들은 높은확률로 너드임다른유형이면 적당히구슬려서빼먹을거빼먹고 시간지나 감정식으면 자연적스레 멀어지게만드는데 잇팁종특상 그 어장관리도 귀찮아서 안하기때문에 입구컷당한 분노의 급발진으로 사고쳐서잇팁녀를 성가시게만듬"
"393",1766,"못생긴 잇팁녀 특징.fact","여시 메갈 여초카페 트위터 여초갤 "
"394",1767,"istp 갤 폐쇄되면 intp 갤 닥눈삼 시작할거임","인팁잇팁 번갈아가면서 나옴일해도 마지막 j로 안바뀌는 건 여전하네 ㅠ애미뒤진 병신 한마리 마냥 디씨같은 커뮤에서 mbti과몰입하고남한테 피해주는 짓 안하려면더 더 열심히 살아야지"
"395",1768,"못생긴 잇팁녀 특징2.fact","남초갤에서 보그로 끌어본 경험있음 "
"396",1769,"영어버전으로 하니까 t에서 a됐어","원래 istp-t(60퍼) 였는데 머지! "
"397",1770,"잇팁녀 어장 잘만치던데 ","어장인거 간파후에 시간아까워서 차단하고 나옴"
"398",1771,"못생긴 잇팁녀 특징3.fact","밑 특징글들에 해당되는 사항 한개 이상 있음 "
"399",1772,"야씨발 이제야 알았네 밑에글 두개 연달아봐봐ㅋㅋㅋ","잇팁녀한테 어장당하고 버려진뒤에 "
"400",1775,"난 존나 야행성이여","어제 분명 두시간정도밖에 깊게 못 잤는데커피우유 마셨다가 잠이 쳐안와인간은 왜 아침에 생활을 시작하는거야"
"401",1776,"솔직히 맞는얘기도 있긴하네 ㅋㅋㅋㅋㅋㅋㅋ","찔려서 부들대는애들 많이보임 ㅋㅋㅋㅋ "
"402",1777,"나 아는애도 잇팁인데 트위터하더라 ㅋㅋㅋㅋㅋ","저새끼 분석존나잘햇다 ㅋㅋㅋ "
"403",1778,"저분 왜 혼자 글적고 혼자 댓글담?","자기 자신과의 싸움인가.. "
"404",1779,"ㅎㅏ 저런 장애인새끼때문에 내가 고닉팠었거든 기둘령","디앱 삭제했다가 다시깔아서 아디 까먹음 "
"405",1780,"곧 고닉파올테니까 기다령","후 개빡친당 "
"406",1781,"ㅋㅋㅋㅋㅋㅋㅋ ㅎㅏ근데 쥰나 웃기네 ㅋㅋㅠ","빡치는데 맞는말이라서 짜증나ㅠ "
"407",1782,"저 새끼 전갤주 아냐?","그 새끼 ㅇㅇ 지가 갤주라고 하던"
"408",1783,"잇붕이들 하이","잠이 안오노"
"409",1784,"솔직히 나 갤질하면서 웃긴거잇긴핸오...ㅋㅠ","디시하는여자들 나처럼 ㅈㄴ못생겻을텐데 잇팁이라고 지들도 인기만은척하는 미친년들ㅠ다주겨버리고싶다 "
"410",1786,"아무도 아이디기억못하면 어떡하지 하..ㅠ큐ㅠ","개빡초.. "
"411",1787,"게이새끼 학교에서 담당일진이 안패주니까 신났노","코로나가 잘못했네 "
"412",1790,"방금 '그유형'이 분노의급발진한거 맞지?","이렇게 바로 사례를 몸소시전해 증명해버리는"
"413",1792,"쟤 지금 혼자서 1인2역 연기하는거임","음모론 투척 "
"414",1793,"나 그만따라하고 아이디찾기전에 한마디만할게ㅆㅂ","울앱죽여버리고 싶은건 동의해 "
"415",1794,"잇팁출입증 마렵다..","저런새끼도 안꼬일텐데 "
"416",1796,"씹프피새끼들 진짜 ㅆㅂ 살인충동 오지게든다 ㅎㅏ","울애미가 하필 씹프피라 ㅆㅣ발.. "
"417",1797,"야 씹프피개새끼 해봐","씹프피개새끼"
"418",1798,"사칭은 시발ㅋㅋ","그 시간에 고닉파고왔겠다 "
"419",1800,"ㅎㅏ..","짜증나 "
"420",1801,"자야 되는데","자고싶다잠이 안와"
"421",1802,"사칭하는년 진짜쳐죽여버리고싶다 개짜증나","안그래도 아이디잃어버려서 짜증나는데 "
"422",1803,"그벌레 이시간만 되면 와서 분탕치고가네","앰생"
"423",1804,"1인2역같은데 ㅋㅋㅋㅋ","ㅋㅋㅋ아님말구 "
"424",1805,"하진짜내가 무슨잘못을 햇다고 조팔새끼야","후장따버릴라진짜ㅡㅡ "
"425",1806,"1인 3역 가능임 저거 스크 통피","아까 잠깐 했었음 ㅇㅇ"
"426",1807,"그 사칭하는 새끼 말투가 존나 찐스러워서 티가남","찐 특유의 냄새가 나"
"427",1808,"개념글 아까운거 또하나","제목 - 이개새끼아오인프피깡콘x3아오인프피깡콘x3아오(폰트키워서)인프피깡콘(대형)"
"428",1809,"사칭하는 찐새끼 개발악을 해대노","ㅋㅋㅋㅋㅋㅋㅋㅋㅋㅋㅋㅋㅋㅋㅋㅋㅋㅋㅋㅋㅋㅋㅋㅋㅋㅋㅋㅋㅋㅋㅋㅋㅋㅋㅋㅋ"
"429",1811,"열등기능 폭파했던 게 갑자기 회복된 거 같다","개꿀띠갑작스럽게 괜찮아짐"
"430",1812,"사랑니 실밥 뽑으러가야대는데","치과가기 ㅈㄴ귀찬네 "
"431",1813,"관심없어도 귀여운 내 동숲섬이나 쳐보고 가셈",""
"432",1814,"동숲 뭐가 재밌는건지 하나도 이해가 안됨","뭔 재미로 함?"
"433",1815,"안왔으면좋겠다","둘다싫으니까"
"434",1816,"우리집 고양이 봐라","예쁜 사진 찍으려니 인식표가 보임셀털 당하기 싫으니까 못생긴 근접샷 봐라"
"435",1817,"근데 나 저 사칭하는애 누군지알앜ㅋㅋㅋㅋㅋㅋ","엠갤에 행복한베개라고 스토커쉑하나있음 "
"436",1818,"행복한베개야 너맞지?ㅋㅋㅋㅋㅋㅋㅋㅋㅋㅋ","쥰내웃기네 ㅋㅋㅋㅋㅋ여기까지따라와서 미친년이ㅋㅋㅋㅋㅋ "
"437",1819,"제발 내일 갤 폐쇄 안되게 해주세여","마지막날이 이렇게 좆같을 수는 없음"
"438",1820,"내 이상형","잇팁갤에서 본거"
"439",1821,"아 난 고양이의 삶이 부럽다","그냥 누워서 자고 놀고 냥냥펀치하고집사가 알아서 밥도 주고 감자도 캐주고시발 나랑 삶 바꿔"
"440",1822,"디씨알바조선족놈들 일 안하냐..","나 마갤 신청했는데 승인이 안남"
"441",1823,"자격증이나 학교 시험 감독 많이해봤는데","흥미로웠던게 있음"
"442",1824,"아침 9시 기상 가능?","레포트 하나 다 쓰고 잘 건데 약속이 1시네;"
"443",1825,"심갤 엠갤에서 좆비비던년들 좀 안쳐들어왔으면 좋겠네","좆목질하는거 꼴보기싫어서 탈갤했는데 여기까지오고 지랄이노친구없어서 인터넷에서 없는 좆 만들어서 비비는년들혹시; 애미가 infp신지?"
"444",1826,"여기서 제일찐따만 들어와","'김스멜 씨발련 능지처참 당했으면 좋겠음(내가 찐^^)<U+00A0> - dc App' 라고 달고가 "
"445",1827,"아 둘 다 걍 닥쳐주면 안됨?","제발 씨발 진짜인 새끼가 먹금 좀 해"
"446",1828,"아니씨발 저정도면 조현병아니냐?","아오 갤망했누 퇴갤"
"447",1829,"김스멜 씨발련 김향기 못패는거보니까 백퍼네ㅋㅋ","ㅋㅋㅋㅋㅋㅋㅋㅋㅋㅋㅋㅋ아개웃겨 "
"448",1830,"디시는 이런 것도 참 신기해","결국은 그새기들이 그새기들이라 여기저기 굴러다니던 애들 일부가 여기서 만나고 저기서 만나고 물감 섞이는 거 같너신비로와"
"449",1831,"안 멈추면 찐으로 간주하겠음",""
"450",1832,"나 찐인데 나따라하는애들 4명은 잇는거같아","적당히ㅜ해니들 "
"451",1833,"얘들아 진짜 미안한데 내가찐인데 나 이때까지 글이랑 댓글 몇개안썼거든","근데 1인5역 또라이보다보고 나도 댓글다니까 조금 재밌는거같음ㅠ 미안 이제 ㄹㅇ안함ㅋㅋㅋㅋㅋㅋㅋ  "
"452",1834,"소신발언) ","잇팁빼고 탄압하자"
"453",1835,"내가 저새끼 혼자 다중짓하는거라했자나","나 쫌 추리천재인듰 "
"454",1836,"난 와파없다고 구라칠때 알아봤음","ㄹㅇ "
"455",1837,"근데 갑자기 저렇게 발작버튼이 가능함?","얼마나 정병인거임"
"456",1838,"미안 중간에 재밌어보여서 꼈는데","난 이제 그만할게 ㅋㅋ "
"457",1839,"시훈이엿냐","내가너한테 머잘못한거잇냐 "
"458",1840,"잇팁이 원래 좀 만만한 편이냐","아님 다른 갤도 이 지랄 많이 나냐"
"459",1842,"댓삭 빠르네",""
"460",1843,"다른갤도 이렇게 씹창나냐?","좆같네 시벌 "
"461",1844,"쟤가 잇팁이었을시 상상해봄","1.와파킴 "
"462",1845,"팬아트나 보고가라","해맑은 인프피(건강) "
"463",1846,"알겟어 나지금 적는게 마지막이고 오늘은퇴갤할게","스트레스받는다ㅠ "
"464",1847,"차단 단어 추천 '절대 맞음'","진짜에겐 미안하지만 차단한다"
"465",1848,"잇팁이 좀 만만한가봐ㅜ","잇갤 초창기에 "
"466",1849,"오늘은 퇴갤ㅋㅋㅋㅋㅋㅋㅋㅋㅋ","이씨발그냥오지마오지마!!! 눈팅이나해 깡깡깡"
"467",1850,"미안할 게 뭐가 있냐","지가 처신 제대로 못한 것도 있지 솔직히고닉 후딱 파고 왔으면 이지랄이었겠냐ㅇㅇ"
"468",1851,"아직도 pc에 폐쇄예정이라고 뜨냐","ㅇㅇ "
"469",1852,"과제 시발아ㅏㅏㅏㅏㅏㅏ","ㅅㅂ족같네ㅜㅜ낼 내야되서 오늘 술마셨는데 과제하고있어과제는 미리미리하자.."
"470",1853,"개찐따라서 인터넷에서 상상친구 만들면서 논데요~","잉 잉 잉~"
"471",1854,"웅 나왔어^^* 클린갤질할거야 배척하지마^^*","아까씨발 샤이니방백추천하고 그후로 글 두갠가 세개밖에 안썼단말야ㅠㅠ 제발받아줘<U+2764> "
"472",1857,"N 높은 애들 없냐","나 낮아서 잘 못팸인팁 가면 쓰고 좀 패줘"
"473",1858,"저 병신년 지얘기인줄도 모르네 ㅋㅋㅋㅋ","푸흐흡ㅋㅋㅋㅋ "
"474",1860,"저새끼 엠갤에서 유명한 어그로꾼이엇넹","나 엠갤 잘안가서 몰랐는데 "
"475",1861,"어그로꾼이였누 ㅋㅋㅋㅋㅋㅋ","존나 소름이네 ㅅㅂㅋㅋ "
"476",1862,"니들이 아무리 나를 어그로라고 몰아가도..내가 아니니까 된거야","난 클린갤질을 해...<U+00A0> 날 사칭하는 어그로스토커가 문제인거지 "
"477",1863,"귀찮지만 왜저렇게 된지 설명해줄게","엠갤은 원래 완장이 자고있는 무정부갤이었는데 "
"478",1864,"결론은 쟤 혼자서 1인 다중이역으로 병신짓한거야?","후.. "
"479",1865,"소신발언2)","아까 오후 3시부터 차단하고있었음"
"480",1866,"폐쇄 아직 모름?","ㅇㅇ "
"481",1867,"할거없어서 왔더니 불타고있노","다시나가면 됨? "
"482",1869,"쟤 소외 안당하려구 열심히 댓글 달고다니는거","나만웃기나?ㅋㅋㅋㅋㅋㅋ "
"483",1870,"씹프피랑 다를게 없긴하네 ㄹㅇ","ㅂㅅ 그자체 "
"484",1871,"얘들아 나 소외시키지마 내가하는갤","중에 ISTP갤이 ㅈㅔ일조음 단순하고 깔끔함 "
"485",1872,"아까 자기 글에 비추 왜 이렇게 많냐고 할 때","그 글에서도 비추 누르고 튄 거 후회함 팼어야 됨"
"486",1875,"ISTP특","자기 ISTP나온거 대만족함 ㅋㅋㅋㅋㅋ"
"487",1876,"저 애미뒤진 씨발련 좀 뒤졌으면 좋겠다 오함마로 주둥이","이게 패는거 아님? "
"488",1878,"아ㅋㅋㅋㅋ 댓글수랑 내가 보이는 댓글수가 다 다름",""
"489",1879,"너네도 차단빠르구나","나도 차단 존나 많이해 "
"490",1880,"너네 바탕화면 깔끔함?",""
"491",1881,"그냥 다른유형은 지들 갤 가서 놀면 안되냐","본인갤이 망갤이면 알아서 살리고 우리갤 분탕질 안했으면 좋겠음 간만에 재밌는갤 찾았는데"
"492",1883,"카톡 밀린 거 확인하기 두렵다","니네도 자주 밀리냐"
"493",1884,"아는 여자애 잇팁인거알고 여기갤 눈팅하니까 멀어지게됨","스터디하다가 만난 여자애인데 MBTI알기전에는"
"494",1887,"좋아하는사람생기면 앞뒤안가리고 들이댐","특히 잘생긴남자는 존나 희귀해서 놓쳐버리면 좆대니까바로바로 번호땀내가 조온나 좋아하면 오래감 아님 푸쉬쉿ㅅ"
"495",1888,"내남친 enfj","존나 호구짓하고 퍼주고다녀서 허벌창이라고 내가 개지랄하는데엠비티아이까보니ㅜenfj엿노;; 정의로운 사회운동가 이새기옆에잇음 내가 악마된것같음날 존나 좋아하는데 이해ㄴㄴ라서 왜 좋아하냐고 물으니 나랑잇으몸 내가 하도 나쁜말하니 자기도 배덕감이 안든대 ㅅㅂ ㅋㅋㅋ"
"496",1889,"니네 좋아하는 애한테","좋아하는 티 많이 내냐? 나는 딱히 안 내는 듯걘 내가 지 좋아하고 있는 것도 모를걸"
"497",1890,"얘들아 미안ㅠㅠ 내가 파괴왕인지 몰랐다","근데 나 위법행위 절대 안하는데 ㄹㅇ "
"498",1891,"와 새벽에 지랄났네","mbti관련갤에 정병존나많네ㅋㅋ  "
"499",1893,"시끄러운 인프피에게 쓰는 편지",""
"500",1896,"타유형갤에서 정병짓하는대신","비슷한 정병 비틱 찻집종자 모여있는 "
"501",1897,"댓글은 달리는데 안보이는 이유가 뭐노?","디씨?? 는 처음? 이라 잘 모르겠어ㅜㅜ "
"502",1898,"엠생돼지찐따년 한마리 새벽내내 디씨 분탕질 해놓은거보소","e유형이 친구 없으면 저렇게 되나봐 ㅠㅜ하루종일 침대누워서 디씨앱키고 글확인하고 글쓰고 댓글쓰고베개에서 돼지육수쩐내 오지게 날듯"
"503",1900,"아니 우리 엣프피언냐 왜 조리돌림하고 그래?","조리돌림 할만하노!!!! 여<U+200B>초말투<U+200B>+<U+200B>지유형박아놓은<U+200B>(반)고닉+쿨찐+하루종일 갤상주.. <U+00A0>  <U+200B>대단하다, 씹프피!<U+200B> <U+200B>같은 프피 아니랄까봐 지랄도 똑같이 하노<U+200B> 엌ㅋㅋㅋㅋㅋㅋㅋㅋㅋㅋㅋㅋㅋㅋ "
"504",1901,"먹금하기엔 정도가 지나친 수준이네","관종도 정도껏이지 심한 거 같노 다 탈갤할듯"
"505",1906,"운지",""
"506",1908,"그걸로오오 돼애애앴어어어","나를 와아안저언히 태에울 수 있었떤 ~~~~축복을 내애게 줬으니이이ㅣ이이잉"
"507",1909,"폐쇄되는 건지 마는 건지 대체 언제 결정남?",""
"508",1911,"시발 학교가 이래도 되냐?",""
"509",1912,"쟤 나만 띠꺼운게 아니었구나ㅋㅋㅋㅋ","난 쟤 진작에 차단햇는데 "
"510",1914,"잇팁인증","잇팁도 나오다가 인팁도 나오다가 인티제도 나오다가 인프피도 나오다가 한다 "
"511",1915,"나도 잇팁인증해봄","옛날엔 잇프피도 나왔었는데 이제 F랑 T 확연하게 갈리는듯 그리고 N은 절대 안나오더라<U+00A0>"
"512",1916,"잇팁출입증",""
"513",1918,"머통령 테스트 나만 박정희 나오노","J가 높아서 그런가? "
"514",1919,"진짜 김정은나오네 ㅋㅋ","신기하네 "
"515",1920,"한달전에 일기 쓰겠다고 마음먹고 ","0406 흐림"
"516",1921,"오 ㅋㅋ진짜 김정은 나오네","- dc official App"
"517",1922,"잇팁이 손절하는 방법","본문짤 보고 소름쫙돋음 인프피 한명 저 방법으로 천천히 손절중임.."
"518",1923,"손절한 친구 차단하는 사유","난 손절 따로 차단 따로임존나 씹다가 내 프사에 대한 반응이 카톡으로 왔을 때 프사도 못보게 차단박음 차단박기도 귀찮아 씨발"
"519",1925,"난 저거 김영삼 나옴","주변인들이 다 딱 김영삼 맞대 "
"520",1927,"나도 잇팁출입증",""
"521",1928,"머통령 나는 푸틴인데?",""
"522",1930,"ㄹㅇ손절할때 무관심으로 일관함","싫어하는거에 내 에너지쓰면 스트레스받음그냥 모르자"
"523",1931,"손절할때 아예 연락안하고 잠수 타버리는거 ","나만 그런게 아니었노ㅋㅋㅋ "
"524",1933,"나 대통령테스트 예전에 두번 해봤는데","첫번째는 전두환나오고 두번째는 이명박나옴 "
"525",1934,"단톡방 존나 나가고싶다..","알람 쌓여있는거 지우는것도 귀찮아"
"526",1935,"트럼프 나옴",""
"527",1936,"이거 유형 뭐라 생각함?","솔직히 번역 뭔 소린지 잘 모르겠음"
"528",1937,"요새는 화가 나도","걍.. 됐다... 말을말자 마인드ㅌㅊ 되어버림"
"529",1938,"반가워 얘들아",""
"530",1939,"대통령테스트 요리평가 문항 뭐 선택했음","칭찬도 별로고 개선점 말하는 것도 별론데 그냥 좀 쳐먹으면 안되나 "
"531",1940,"esfj 친구 존나 착함","아낌없는 나무임 "
"532",1942,"누가 명령하는거 왤케 화나지","부탁조로 말해도 개빡쳐... "
"533",1943,"감성충 뒤져야됨","감성글 싸질러놓기. 우울해하기. 혼자 예민해하기 "
"534",1945,"대통령테스트","박그네나왔는데 모냐?ㅋㅋ 김정으니 많이나온다며.. "
"535",1946,"펌) istp 성격 나오는 일화","때는 1학기 중간고사 끝나고 약 5월초학급별로 현장체험 학습 장소 정할때였음아니나 다를까 아가리 쥐잡아먹은거 마냥 빨갛고아이라인 1미터정도 그린 인싸쉑들이 지들 친한 남자애들내세우고 회장 꼬드겨서 교복입고 롯데월드 이지랄을 치는거임근데 반대의견 나올때마다 대놓고 꼽주고 이건 이래서안되저래서 안되 이지랄 존나 함보다못한 내뒷자리 INTJ가 갑자기 노트를 찢더니뭐라고 존나쓰는거 ㅇㅇ그러더니 맨날 학교와서 쳐자고 쉬는시간이면담배피러 나가고 밤에는 서빙(?)뛰는 (예상 ISTP) 한테 갖다줌한 5분정도 지나고 거의 롯데월드로 확정 되는 분위기에인싸쉑들 존나 신나서 방방 뛸때갑자기 잇팁새기 의자 박차고 일어나더니 책상엎고""병신새끼들이 니들 좆대로 할거면 시끄럽게 회의는 왜 함?ㅋㅋㅋ""남자애들 여자애들 쌍으로 지랄남잇팁새끼 바로앞에 선생있는데 눈돌아서 남자애 대가리잡고책상에 꼬라박음 - 선생 극대노뜸 - 잇팁새끼 앞뒤안보고 존나개김 - 회의 무산되고 결국 한옥마을 감 엌ㅋㅋㅋㅋㅋㅋㅋㅋㅋㅋㅋㅋ그리고 인티제한테 뭐라고 썼길래 저렇게 가만있던새끼가발광하냐고 물어보니까롯데월드 안가게 지랄한번 해주면 라이스세트 기프티콘 준다고 했다 함ㄹㄱㄴ심갤서 퍼옴ㅋ"
"536",1951,"너네 노래는 뭐듣냐","나는 팝 좋아함 외힙이나 케이팝 최신가요는 잘 안들어 "
"537",1952,"잇팁은 뭐해주면 이거해줄게","이런거에 잘 안넘어갈껄"
"538",1953,"ixtp들 그냥 찐따일 뿐인데","다들 무슨 어둠의 자식들마냥 생각하는 거 같음직접적으로 피해 주지 않는 이상 지랄도 극딜도 잘 안함"
"539",1954,"대통령 저번엔 푸틴이였는데 이번엔 박정희 나옴","뭐노 "
"540",1955,"애들아 너네는 사과하면 잘받아주고 뒤끝없니?","어저께 장난치다가 내가 화나게했는지"
"541",1961,"연휴 끝난 거 아니었음?","폐쇄신청 며칠을 가는 겨"
"542",1962,"잇팁이랑 잇프피 가끔 번갈아서 나오는데","정상임?"
"543",1963,"폐쇄되면 갤 어디로가? ","istp 커뮤가 아예 없어서 여기 그나마 왔었는데 "
"544",1964,"여긴 병먹음못하고 선동당하지만","조금 불타다 빨리 관심식으니 걱정ㄴㄴ "
"545",1968,"내동생 엔팁나왓네 ?","ㅋㅋㅋㅋㅋㅋㅋㅋㅋㅋㅋㅋ변론가형이래 ㅋㅋㅋ엌ㅋㅋㅋㅋㅋㅋㅋㅋㅋㅋ"
"546",1969,"너네 타유형잘알임?","나 몇몇 유형 말곤 존나 모르는데"
"547",1970,"너네 코노 좋아하니","난 좋아해"
"548",1972,"넷플릭쓰 인간수업 재밋음..","봐보샘,,, "
"549",1973,"나 여혐은 아닌데 여자들 가끔 개때리고 싶을때 있음","평소엔 친해보이는애들인데 따로 있을땐 뒷담 존나 까고 욕하는거 ㅇㅇ "
"550",1974,"나 술취해서 대놓고 어떤 애 앞에서 딜 연사한 적 있음","나랑 안친한 씹프피새낀데 너무 좆같게 굴길래 깡깡깡 결국 욺"
"551",1975,"내친구 잇프제인데 불건강인가","전형적인 한녀성격임... "
"552",1976,"이거 나네","ㄹㅇㅋㅋ "
"553",1977,"인프피갤은 자기모에화가 너무 심해","디시콘이랑 념글만 봐도 알수있음..지들은 존나 순수하고 무해한 존재라고 생각하나 개오글거림 "
"554",1978,"잇프제 최근에 친해졌는데","내가 친해지고 싶어서 먼저 적극적으로 연락하고  "
"555",1979,"잇프제친구 불건강된게","뭔가 대학가고부터 "
"556",1980,"건강한 잇프제여도","친한 사이일 경우 뭐하냐고 맨날 물어보고 씹으면 상처받는 거 그냥 깔고가는 듯"
"557",1981,"난 걍 f 들어가는 유형들이 싫어","급식때 왕따 주도하고 선동하던 애들 다 f였어 "
"558",1982,"xntp가 좆같다가도 편하긴 해","아가리 닥쳐야 할때 안닥치거나  "
"559",1983,"인프피콘 ㄹㅇ커엽던데 여긴 그림쟁이없냐","잇팁아저씨도 커엽게 디시콘만들어줘... "
"560",1984,"이모티콘 테스트",""
"561",1985,"잇프제지인 불건강썰","그때 좀 친했었는데 내가 조금 안읽씹하거나 걍 말투좀바뀌면"
"562",1986,"우호적인 관계여도 좆같으면 손절 각 날카로움","적일 때 빡칠 만한 애 말고 친구인데도 씹스러운 애들"
"563",1987,"친구하고싶은건 intp과 estp임","나랑 비슷하면서도 다른 재질임 일단 f는 싫음 "
"564",1988,"잇프제가 가족이나 사촌이면 ㅅㅌㅊ인듯","고모가 잇프젠데 나한테 잘해주셔  "
"565",1989,"고딩 때 전화문자 몇 번 안 받았다고","매일 몇 십 통 전화 걸던 년 생각나네결국은 손절함 아직도 소름돋음"
"566",1990,"인싸가 되고싶다...",""
"567",1991,"공부하는거 정보좀 보려고 오픈채팅방들어갔는데","A가 정보알려주고 있는데"
"568",1992,"얘기하고 싶은 주제가 있었는데","길어지면 싹 다 지우고 안 씀 ㅋㅋㅋㅋㅋㅋㅋㅋ"
"569",1994,"친해지고 싶은 istp가 있어서 왔는데","어떻게된게 싫은것 뿐이냐 그래서 뭘 좋아한다는거야 건들지말라고?>"
"570",1995,"잇팁이 손절갑이라고 해서 예민하다는 뜻은 아님","남들은 3이면 싸울거 10번 싸우고 손절한다고 치면 "
"571",1997,"F는 두개로나뉜다","공감해달라는건 아니고 그냥 자기감정만 어쩌구저쩌구 말하는애들 - 괜찮음"
"572",1998,"여기갤러리 괜히들어왔다","글만보니까 사람손절하고싶어서 안달나고 싫어하는것만 오지게많은 정신병자로 인식박히네"
"573",1999,"[리빙포인트]잇팁캐릭터가 망치를 들고다니는 심리학적 이유는?","안녕하세요 여러분들~ 요즘 밖에 놀러가지도 못하고 집에만 있느라 마음이 많이 싱숭생숭하시죠? ㅠㅠ 다들 심심한 탓에 MBTI테스트나 심리테스트가 유행이라고 하는데요! 그중에서도 잇팁캐릭터에 대해서 알아볼거에요 "
"574",2000,"난 싫은거 말로만 존나 하고","막상 그런 상황 닥치면 졷같은 상황인지 인지도 못하고 그냥 좋은게 좋은거라고 호구ㅌㅊ 됨 "
