"","word","freq"
"1","잇프피",640
"2","사람",595
"3","생각",434
"4","친구",383
"5","내가",279
"6","성격",244
"7","자기",161
"8","유형",155
"9","시간",131
"10","얘기",131
"11","이거",120
"12","있음",120
"13","하나",120
"14","연애",113
"15","정도",112
"16","혼자",112
"17","남자",106
"18","연락",100
"19","느낌",97
"20","진짜",96
"21","특징",96
"22","공부",95
"23","본인",94
"24","ㄹㅇ",91
"25","여기",91
"26","나도",90
"27","이것",90
"28","마음",89
"29","오늘",83
"30","검사",81
"31","기분",81
"32","여자",78
"33","하다",77
"34","지금",76
"35","테스트",76
"36","때문",73
"37","공감",72
"38","성향",72
"39","너희",71
"40","무엇",70
"41","이상",70
"42","관계",69
"43","ㅇㅇ",69
"44","요즘",69
"45","주변",68
"46","소리",67
"47","스트레스",67
"48","한번",65
"49","감정",63
"50","인생",61
"51","이유",59
"52","고민",57
"53","행동",57
"54","처음",56
"55","10",55
"56","눈치",55
"57","신경",55
"58","잇프",55
"59","관심",53
"60","상대",53
"61","우리",53
"62","상대방",52
"63","경우",50
"64","잇프피들",50
"65","전화",49
"66","하루",49
"67","원래",48
"68","절대",48
"69","가족",47
"70","상황",47
"71","세상",47
"72","엄마",47
"73","이랑",47
"74","하면",47
"75","결국",46
"76","어디",46
"77","학교",46
"78","결과",45
"79","계획",45
"80","알바",45
"81","이해",45
"82","인간",44
"83","영화",43
"84","이야기",43
"85","행복",43
"86","대화",42
"87","자신",42
"88","자존",42
"89","걱정",41
"90","생활",41
"91","사랑",40
"92","자체",40
"93","나중",39
"94","누구",39
"95","시험",39
"96","약속",39
"97","거지",38
"98","스타일",38
"99","안녕",38
"100","표현",38
"101","대부분",37
"102","동안",37
"103","미안",37
"104","사이",37
"105","질문",37
"106","남친",36
"107","상처",36
"108","순간",36
"109","아이",36
"110","필요",36
"111","거리",35
"112","거절",35
"113","튜브",35
"114","그것",34
"115","문제",34
"116","배려",34
"117","거임",33
"118","머리",33
"119","사실",33
"120","유튜브",33
"121","인간관계",33
"122","평소",33
"123","갤러리",32
"124","계속",32
"125","댓글",32
"126","우울",32
"127","진심",32
"128","게임",31
"129","궁합",31
"130","노래",31
"131","완전",31
"132","이성",31
"133","인프피",31
"134","기억",30
"135","부분",30
"136","분위기",30
"137","은근",30
"138","의견",30
"139","부담",29
"140","ㅅㅂ",29
"141","새끼",29
"142","ㅈㄱ",29
"143","취미",29
"144","피곤",29
"145","하면서",29
"146","호구",29
"147","드라마",28
"148","시작",28
"149","이기적",28
"150","차이",28
"151","가지",27
"152","관련",27
"153","반응",27
"154","손절",27
"155","이번",27
"156","조금",27
"157","짜증",27
"158","현실",27
"159","게으름",26
"160","고백",26
"161","그거",26
"162","노력",26
"163","모습",26
"164","사회",26
"165","설명",26
"166","제일",26
"167","니들",25
"168","답장",25
"169","애인",25
"170","직업",25
"171","칭찬",25
"172","회사",25
"173","20",24
"174","갈등",24
"175","기준",24
"176","다음",24
"177","본적",24
"178","성인",24
"179","스스로",24
"180","시발",24
"181","이래",24
"182","장점",24
"183","정리",24
"184","추천",24
"185","거기",23
"186","과제",23
"187","그램",23
"188","동생",23
"189","뒷담",23
"190","보통",23
"191","불편",23
"192","소심",23
"193","잇팁",23
"194","주위",23
"195","회피",23
"196","가능",22
"197","능력",22
"198","대학",22
"199","만큼",22
"200","보고",22
"201","부모님",22
"202","부탁",22
"203","스타",22
"204","신기",22
"205","아빠",22
"206","얼굴",22
"207","인정",22
"208","자리",22
"209","잘못",22
"210","코로나",22
"211","호감",22
"212","그때",21
"213","속마음",21
"214","안해",21
"215","준비",21
"216","타입",21
"217","평화",21
"218","프피",21
"219","한데",21
"220","경험",20
"221","군대",20
"222","나한",20
"223","등등",20
"224","무시",20
"225","방법",20
"226","보기",20
"227","상상",20
"228","주의",20
"229","가면",19
"230","나름",19
"231","나이",19
"232","내향",19
"233","모임",19
"234","반복",19
"235","사회생활",19
"236","상태",19
"237","안됨",19
"238","엠비티아이",19
"239","중간",19
"240","중요",19
"241","16",18
"242","결혼",18
"243","구들",18
"244","나무",18
"245","여친",18
"246","예전",18
"247","옛날",18
"248","우울증",18
"249","의지",18
"250","직장",18
"251","군자",17
"252","단점",17
"253","도움",17
"254","무리",17
"255","새벽",17
"256","영상",17
"257","적극적",17
"258","집중",17
"259","참고",17
"260","취급",17
"261","편안",17
"262","후회",17
"263","30",16
"264","가기",16
"265","과거",16
"266","관리",16
"267","나라",16
"268","나한테",16
"269","대인",16
"270","라도",16
"271","머릿속",16
"272","목표",16
"273","미래",16
"274","사진",16
"275","수준",16
"276","아침",16
"277","이젠",16
"278","일주일",16
"279","주제",16
"280","최근",16
"281","타인",16
"282","확인",16
"283","100",15
"284","만족",15
"285","반반",15
"286","발표",15
"287","불안",15
"288","사고",15
"289","성격유형",15
"290","손해",15
"291","쓰레기",15
"292","ㅇㅈ",15
"293","애초",15
"294","에너지",15
"295","엔팁",15
"296","연인",15
"297","완벽",15
"298","외향",15
"299","인터넷",15
"300","잇프제",15
"301","저번",15
"302","종일",15
"303","주장",15
"304","카페",15
"305","프로",15
"306","가게",14
"307","감사",14
"308","감정적",14
"309","겸손",14
"310","내일",14
"311","대답",14
"312","데이트",14
"313","마인드",14
"314","말투",14
"315","서로",14
"316","선택",14
"317","시절",14
"318","심리",14
"319","싸움",14
"320","아무",14
"321","안내",14
"322","에고그램",14
"323","엔프피",14
"324","인스타",14
"325","읽씹",14
"326","정신",14
"327","중고",14
"328","취향",14
"329","특성",14
"330","학기",14
"331","12",13
"332","개인적",13
"333","건강",13
"334","고등",13
"335","고등학교",13
"336","고양이",13
"337","내면",13
"338","누군가",13
"339","당황",13
"340","대신",13
"341","마지막",13
"342","며칠",13
"343","바람",13
"344","번호",13
"345","병신",13
"346","상담",13
"347","선물",13
"348","성인군자",13
"349","안하",13
"350","약간",13
"351","얘들",13
"352","얼마",13
"353","여행",13
"354","예술가",13
"355","오랜만",13
"356","유지",13
"357","이미지",13
"358","입장",13
"359","장난",13
"360","주고",13
"361","지적",13
"362","짝사랑",13
"363","특이",13
"364","표정",13
"365","하루종일",13
"366","학생",13
"367","해결",13
"368","현실적",13
"369","혐오",13
"370","환경",13
"371","흥미",13
"372","결정",12
"373","극단적",12
"374","기간",12
"375","내용",12
"376","니어",12
"377","대인관계",12
"378","돌이",12
"379","동물",12
"380","리드",12
"381","모든",12
"382","문자",12
"383","반대",12
"384","부정적",12
"385","부족",12
"386","비율",12
"387","사과",12
"388","상관",12
"389","소름",12
"390","실적",12
"391","아무것",12
"392","어제",12
"393","연예인",12
"394","영향",12
"395","예술",12
"396","외로움",12
"397","위로",12
"398","유재석",12
"399","의미",12
"400","이상형",12
"401","자랑",12
"402","정작",12
"403","주말",12
"404","청소",12
"405","최악",12
"406","취업",12
"407","친절",12
"408","판단",12
"409","평가",12
"410","한마디",12
"411","현재",12
"412","활동",12
"413","간섭",11
"414","개인",11
"415","고그램",11
"416","고통",11
"417","과정",11
"418","나머지",11
"419","노잼",11
"420","대로",11
"421","대체",11
"422","마라",11
"423","만화",11
"424","말싸움",11
"425","망상",11
"426","매력",11
"427","분석",11
"428","산책",11
"429","실수",11
"430","엣프",11
"431","운동",11
"432","잇프피갤",11
"433","작년",11
"434","재석",11
"435","조사",11
"436","조언",11
"437","주기",11
"438","중이",11
"439","지가",11
"440","지인",11
"441","출근",11
"442","캐릭터",11
"443","통화",11
"444","편임",11
"445","평생",11
"446","포기",11
"447","하자",11
"448","할거",11
"449","호기심",11
"450","11",10
"451","3개",10
"452","50",10
"453","가야",10
"454","가정",10
"455","강의",10
"456","개월",10
"457","그림",10
"458","남자애",10
"459","내성적",10
"460","눈물",10
"461","듣기",10
"462","만남",10
"463","만약",10
"464","불건강",10
"465","애정",10
"466","음악",10
"467","의외",10
"468","의욕",10
"469","이제",10
"470","잇프피특",10
"471","자연",10
"472","자유",10
"473","장애",10
"474","저녁",10
"475","존재",10
"476","주변사람",10
"477","중학교",10
"478","지도",10
"479","차단",10
"480","최대",10
"481","침대",10
"482","카톡으",10
"483","피해",10
"484","하나하나",10
"485","하라",10
"486","한명",10
"487","거랑",9
"488","계획적",9
"489","나무위키",9
"490","나의",9
"491","도로",9
"492","디시",9
"493","리액션",9
"494","마찬가지",9
"495","말안",9
"496","면접",9
"497","바닥",9
"498","별거",9
"499","복수",9
"500","부지런",9
"501","선호",9
"502","성공",9
"503","성적",9
"504","순회",9
"505","시도",9
"506","실제",9
"507","안감",9
"508","애가",9
"509","역사",9
"510","연기",9
"511","왜케",9
"512","요리",9
"513","유리",9
"514","이틀",9
"515","이후",9
"516","인가",9
"517","인지",9
"518","일본",9
"519","일상",9
"520","잇프피임",9
"521","잔소리",9
"522","잠수",9
"523","재미",9
"524","정반대",9
"525","정상",9
"526","조심",9
"527","졸업",9
"528","진로",9
"529","착하",9
"530","천성",9
"531","최대한",9
"532","태도",9
"533","텐션",9
"534","퇴근",9
"535","편의점",9
"536","피임",9
"537","학원",9
"538","20대",8
"539","3일",8
"540","가슴",8
"541","감각",8
"542","개빡",8
"543","개인주의",8
"544","갤에",8
"545","결단력",8
"546","계산",8
"547","글자",8
"548","급식",8
"549","누나",8
"550","눈팅",8
"551","당시",8
"552","동기",8
"553","둘중",8
"554","리더",8
"555","마디",8
"556","명이",8
"557","미련",8
"558","미안하다",8
"559","발휘",8
"560","번째",8
"561","벼락",8
"562","병원",8
"563","보라",8
"564","분야",8
"565","상임",8
"566","생일",8
"567","서비스",8
"568","설문",8
"569","소설",8
"570","스토리",8
"571","씨발",8
"572","어색",8
"573","여유",8
"574","여자애",8
"575","열차",8
"576","영혼",8
"577","외모",8
"578","요새",8
"579","운전",8
"580","유기",8
"581","의식",8
"582","인거",8
"583","잇프피라",8
"584","자존심",8
"585","장문",8
"586","재능",8
"587","적인",8
"588","적임",8
"589","존중",8
"590","주인공",8
"591","즉흥적",8
"592","지원",8
"593","집착",8
"594","짝녀",8
"595","착각",8
"596","추구",8
"597","충격",8
"598","취소",8
"599","타이밍",8
"600","특별",8
"601","특유",8
"602","파악",8
"603","편지",8
"604","피인",8
"605","하기",8
"606","한국",8
"607","할려",8
"608","해진",8
"609","13",7
"610","14",7
"611","1년",7
"612","24",7
"613","2번",7
"614","2주",7
"615","감성적",7
"616","개중",7
"617","게이",7
"618","결론",7
"619","공간",7
"620","공무원",7
"621","구라",7
"622","궁합표",7
"623","규칙",7
"624","글램",7
"625","긍정적",7
"626","기가",7
"627","기대",7
"628","기질",7
"629","꼰대",7
"630","남녀",7
"631","내서",7
"632","내신",7
"633","내향형",7
"634","다행",7
"635","단계",7
"636","단순",7
"637","당장",7
"638","대면",7
"639","대학교",7
"640","독립",7
"641","동네",7
"642","동성",7
"643","드립",7
"644","또라이",7
"645","마음속",7
"646","몰입",7
"647","미움",7
"648","믿음",7
"649","바보",7
"650","버스",7
"651","보임",7
"652","소개",7
"653","수록",7
"654","수업",7
"655","습관",7
"656","실천",7
"657","심장",7
"658","쌍욕",7
"659","안보",7
"660","안읽씹",7
"661","양보",7
"662","언제",7
"663","엣프피",7
"664","예상",7
"665","오버",7
"666","올해",7
"667","요약",7
"668","융통성",7
"669","의사",7
"670","이정",7
"671","인식",7
"672","일기",7
"673","잇프피인",7
"674","자격증",7
"675","자괴감",7
"676","자기애",7
"677","장면",7
"678","적성",7
"679","적응",7
"680","전공",7
"681","정신적",7
"682","제대",7
"683","존경",7
"684","주도",7
"685","집돌이",7
"686","짝남",7
"687","최고",7
"688","최소",7
"689","토론",7
"690","티비",7
"691","팀플",7
"692","패턴",7
"693","퍼센트",7
"694","포함",7
"695","학점",7
"696","학창",7
"697","혈액형",7
"698","화장실",7
"699","확신",7
"700","회피형",7
"701","휴학",7
"702","희망",7
"703","1번",6
"704","1시간",6
"705","2시간",6
"706","2학기",6
"707","3명",6
"708","3번",6
"709","60",6
"710","가능성",6
"711","가자",6
"712","가치",6
"713","감성",6
"714","감정표현",6
"715","강박",6
"716","강아지",6
"717","같어",6
"718","거짓말",6
"719","고집",6
"720","공감능력",6
"721","구경",6
"722","구석",6
"723","귀신",6
"724","근처",6
"725","기복",6
"726","긴장",6
"727","깨달음",6
"728","내고",6
"729","냉정",6
"730","논리적",6
"731","ㄷㄷ",6
"732","다음날",6
"733","단어",6
"734","동의",6
"735","듯이",6
"736","리뷰",6
"737","마감",6
"738","마무리",6
"739","먹자",6
"740","목적",6
"741","물건",6
"742","미술",6
"743","발견",6
"744","방식",6
"745","버버",6
"746","본성",6
"747","비교",6
"748","비하",6
"749","사교적",6
"750","사기",6
"751","사소",6
"752","사회성",6
"753","서울",6
"754","성장",6
"755","센스",6
"756","수능",6
"757","수시",6
"758","순수",6
"759","순위",6
"760","술자리",6
"761","슬기",6
"762","식물",6
"763","신청",6
"764","실시간",6
"765","쓰기",6
"766","ㅇㅅㅇ",6
"767","아래",6
"768","야구",6
"769","어때",6
"770","어이",6
"771","엔티",6
"772","여러분",6
"773","연분",6
"774","연상",6
"775","오해",6
"776","오후",6
"777","온라인",6
"778","욕구",6
"779","우리나라",6
"780","우유",6
"781","음식",6
"782","의도",6
"783","의심",6
"784","이것저것",6
"785","이별",6
"786","이성적",6
"787","이용",6
"788","인격",6
"789","인사",6
"790","인프제",6
"791","잇프피지",6
"792","자살",6
"793","자주",6
"794","장기적",6
"795","장르",6
"796","적도",6
"797","정신병",6
"798","정확",6
"799","제가",6
"800","제외",6
"801","제출",6
"802","조건",6
"803","조아",6
"804","주세",6
"805","중임",6
"806","중학교때",6
"807","지면",6
"808","집앞",6
"809","처리",6
"810","천생",6
"811","천생연분",6
"812","초반",6
"813","최소한",6
"814","충동",6
"815","충동적",6
"816","컴퓨터",6
"817","코스",6
"818","패션",6
"819","폭력",6
"820","폭발",6
"821","학창시절",6
"822","핸드폰",6
"823","화가",6
"824","확률",6
"825","회피성",6
"826","흑역사",6
"827","힐링",6
"828","10분",5
"829","15",5
"830","24살",5
"831","25",5
"832","2년",5
"833","2명",5
"834","3년전",5
"835","40",5
"836","4개",5
"837","5번",5
"838","5분",5
"839","80",5
"840","가보",5
"841","가식",5
"842","가요",5
"843","가치관",5
"844","감상",5
"845","감이",5
"846","감정기복",5
"847","감흥",5
"848","강요",5
"849","객관적",5
"850","거래",5
"851","경쟁",5
"852","경향",5
"853","고딩",5
"854","공원",5
"855","그날",5
"856","그로",5
"857","극도",5
"858","기보",5
"859","기해",5
"860","기회",5
"861","낙천적",5
"862","납득",5
"863","늘보",5
"864","니어그램",5
"865","다이어트",5
"866","다정",5
"867","단체",5
"868","답변",5
"869","당신",5
"870","대박",5
"871","대처",5
"872","대충",5
"873","대학생",5
"874","덕분",5
"875","독서실",5
"876","동굴",5
"877","동아리",5
"878","등급",5
"879","디씨",5
"880","로망",5
"881","ㅁㅌㅊ",5
"882","마리",5
"883","말야",5
"884","맹신",5
"885","모순",5
"886","모순적",5
"887","목록",5
"888","목소리",5
"889","무대",5
"890","무언가",5
"891","민폐",5
"892","반영",5
"893","발등",5
"894","방구석",5
"895","방학",5
"896","변화",5
"897","부류",5
"898","부정",5
"899","분양",5
"900","비밀",5
"901","비판",5
"902","사친",5
"903","살이",5
"904","상극",5
"905","서비스직",5
"906","선생님",5
"907","선택지",5
"908","설치",5
"909","성욕",5
"910","소모",5
"911","소비",5
"912","속이",5
"913","수가",5
"914","수동적",5
"915","슬픔",5
"916","시선",5
"917","실망",5
"918","실패",5
"919","악플",5
"920","안가",5
"921","안녕하세",5
"922","안뇽",5
"923","안정적",5
"924","안착",5
"925","애니어그램",5
"926","약속시간",5
"927","얘네",5
"928","엣팁",5
"929","여행가",5
"930","역할",5
"931","영어",5
"932","영역",5
"933","예약",5
"934","예의",5
"935","오전",5
"936","오지랖",5
"937","용건",5
"938","용기",5
"939","우선",5
"940","위주",5
"941","유행",5
"942","이건",5
"943","이기",5
"944","이대",5
"945","이모",5
"946","이모티콘",5
"947","이상적",5
"948","인성",5
"949","인연",5
"950","일수",5
"951","일정",5
"952","잇픞",5
"953","자격",5
"954","자아",5
"955","자존감이",5
"956","자책",5
"957","장래",5
"958","장래희망",5
"959","전역",5
"960","절친",5
"961","접근",5
"962","정도로",5
"963","정식",5
"964","정치",5
"965","제목",5
"966","조절",5
"967","좋으",5
"968","주관적",5
"969","주라",5
"970","주변인",5
"971","주일",5
"972","줄요약",5
"973","중고딩때",5
"974","중독",5
"975","중시",5
"976","즐거움",5
"977","지기",5
"978","직전",5
"979","진정",5
"980","집순",5
"981","참여",5
"982","처럼",5
"983","최선",5
"984","출발",5
"985","취미생활",5
"986","친구중",5
"987","침범",5
"988","커플",5
"989","토끼",5
"990","트러블",5
"991","특임",5
"992","평균",5
"993","평범",5
"994","피고",5
"995","하세",5
"996","하이",5
"997","한정",5
"998","합격",5
"999","후자",5
"1000","10년",4
"1001","200",4
"1002","21",4
"1003","30분",4
"1004","3년",4
"1005","51",4
"1006","5년",4
"1007","70",4
"1008","98",4
"1009","ㄱㅊ",4
"1010","가도",4
"1011","가수",4
"1012","개념",4
"1013","개선",4
"1014","갤러",4
"1015","거같애",4
"1016","거림",4
"1017","검사결과",4
"1018","검색",4
"1019","겠다",4
"1020","고3",4
"1021","고민상담",4
"1022","고정",4
"1023","공유",4
"1024","과목",4
"1025","교류",4
"1026","교수님",4
"1027","구분",4
"1028","군데",4
"1029","궁예",4
"1030","그전",4
"1031","극복",4
"1032","근무",4
"1033","금사",4
"1034","긍정",4
"1035","기록",4
"1036","기본",4
"1037","기사",4
"1038","기업",4
"1039","기타",4
"1040","기함",4
"1041","길가",4
"1042","나기",4
"1043","나무늘보",4
"1044","나지",4
"1045","날씨",4
"1046","남자친구",4
"1047","내년",4
"1048","내도",4
"1049","냄새",4
"1050","논리",4
"1051","논쟁",4
"1052","놀림",4
"1053","늦잠",4
"1054","다가",4
"1055","다님",4
"1056","다다",4
"1057","다섯",4
"1058","다인",4
"1059","단둘",4
"1060","담배",4
"1061","답글",4
"1062","답지",4
"1063","대꾸",4
"1064","대학가",4
"1065","도덕적",4
"1066","도착",4
"1067","동료",4
"1068","두고",4
"1069","떠냐",4
"1070","레드",4
"1071","리젠",4
"1072","마이너",4
"1073","마인드임",4
"1074","만사",4
"1075","많으",4
"1076","말안해",4
"1077","말하기",4
"1078","맛집",4
"1079","맞장구",4
"1080","매력적",4
"1081","머리속",4
"1082","먹음",4
"1083","먼저",4
"1084","면도",4
"1085","면테스트",4
"1086","모기",4
"1087","모두",4
"1088","모름",4
"1089","무기력",4
"1090","무념",4
"1091","무례",4
"1092","무서움",4
"1093","무조건",4
"1094","문장",4
"1095","미용실",4
"1096","밤새",4
"1097","방향",4
"1098","배달",4
"1099","배신",4
"1100","버릇",4
"1101","보수적",4
"1102","비난",4
"1103","비추",4
"1104","비판적",4
"1105","사무직",4
"1106","사바",4
"1107","사생활",4
"1108","사이트",4
"1109","사정",4
"1110","사촌",4
"1111","생각안",4
"1112","설문조사",4
"1113","성실",4
"1114","소득",4
"1115","손님",4
"1116","쇼핑",4
"1117","수달",4
"1118","수도",4
"1119","수용",4
"1120","수치",4
"1121","순서",4
"1122","스탈",4
"1123","시도때",4
"1124","시뮬레이션",4
"1125","시험공부",4
"1126","시험기간",4
"1127","식당",4
"1128","실상",4
"1129","ㅇㅋ",4
"1130","아파트",4
"1131","안심",4
"1132","애교",4
"1133","애정표현",4
"1134","애착",4
"1135","야망",4
"1136","어우",4
"1137","업무",4
"1138","에어컨",4
"1139","여기저기",4
"1140","여름",4
"1141","여성",4
"1142","여자친구",4
"1143","여태",4
"1144","여포",4
"1145","연결",4
"1146","연속",4
"1147","연습",4
"1148","열등감",4
"1149","오픈",4
"1150","완벽주의",4
"1151","욕망",4
"1152","욕심",4
"1153","우리집",4
"1154","우마",4
"1155","웃기",4
"1156","유명",4
"1157","유튭",4
"1158","의리",4
"1159","이름",4
"1160","이불",4
"1161","이사",4
"1162","인건",4
"1163","인물",4
"1164","인상",4
"1165","인줄",4
"1166","인척",4
"1167","일도",4
"1168","일반적",4
"1169","일본인",4
"1170","읽기",4
"1171","잇프피남",4
"1172","잇프피남자",4
"1173","잇프피래",4
"1174","잇프피중",4
"1175","자기계",4
"1176","자기분석",4
"1177","자료",4
"1178","자식",4
"1179","자존감",4
"1180","작업",4
"1181","장소",4
"1182","재밋",4
"1183","저거",4
"1184","전날",4
"1185","전남친",4
"1186","전자",4
"1187","전쟁",4
"1188","전제",4
"1189","전형적",4
"1190","절대안",4
"1191","점심",4
"1192","정돈",4
"1193","정말",4
"1194","정병",4
"1195","정보",4
"1196","정색",4
"1197","조직",4
"1198","조합",4
"1199","조회수",4
"1200","종교",4
"1201","종이",4
"1202","주면",4
"1203","주의자",4
"1204","지각",4
"1205","지랄",4
"1206","지속",4
"1207","지역",4
"1208","지옥",4
"1209","지표",4
"1210","직설적",4
"1211","진상",4
"1212","질투",4
"1213","집밖",4
"1214","집중력",4
"1215","창의",4
"1216","창피",4
"1217","책임감",4
"1218","체크",4
"1219","초딩때",4
"1220","추가",4
"1221","추억",4
"1222","추진력",4
"1223","추측",4
"1224","충전",4
"1225","칭구",4
"1226","카드",4
"1227","커뮤",4
"1228","타고",4
"1229","태풍",4
"1230","투명",4
"1231","트라",4
"1232","트라우마",4
"1233","트와",4
"1234","팀원",4
"1235","팩폭",4
"1236","페북",4
"1237","편인",4
"1238","평상시",4
"1239","포인트",4
"1240","포장",4
"1241","표출",4
"1242","풍경",4
"1243","프사",4
"1244","프피래",4
"1245","피곤하다",4
"1246","피네",4
"1247","피드백",4
"1248","피지",4
"1249","필요하다",4
"1250","핑계",4
"1251","하지",4
"1252","학과",4
"1253","학년",4
"1254","한숨",4
"1255","할머니",4
"1256","해본",4
"1257","해소",4
"1258","행사",4
"1259","현실주의",4
"1260","호불호",4
"1261","화분",4
"1262","화장품",4
"1263","환상",4
"1264","회수",4
"1265","회식",4
"1266","횡설수설",4
"1267","후기",4
"1268","후반",4
"1269","0명",3
"1270","10개",3
"1271","12시",3
"1272","16개",3
"1273","17",3
"1274","1명",3
"1275","1학년",3
"1276","22",3
"1277","23",3
"1278","25살",3
"1279","28",3
"1280","2개",3
"1281","2시",3
"1282","30대",3
"1283","3년차",3
"1284","3시간",3
"1285","4시",3
"1286","50대",3
"1287","55",3
"1288","59",3
"1289","5등급",3
"1290","6개월",3
"1291","6명",3
"1292","6시",3
"1293","6시간",3
"1294","7년",3
"1295","7시",3
"1296","8번",3
"1297","가림",3
"1298","가상",3
"1299","가시",3
"1300","가정폭력",3
"1301","간호",3
"1302","간호사",3
"1303","감당",3
"1304","감도",3
"1305","감수",3
"1306","감정소비",3
"1307","감투",3
"1308","갑자기",3
"1309","강철",3
"1310","강하다",3
"1311","개못",3
"1312","개소리",3
"1313","개심",3
"1314","객관화",3
"1315","걔네",3
"1316","거같",3
"1317","거도",3
"1318","거면",3
"1319","거부감",3
"1320","걸음",3
"1321","게시",3
"1322","겠지",3
"1323","결정장애",3
"1324","결정적",3
"1325","결혼식",3
"1326","계기",3
"1327","계획표",3
"1328","고개",3
"1329","고기",3
"1330","고딩때",3
"1331","고생",3
"1332","고인",3
"1333","공격적",3
"1334","공기",3
"1335","공돌이",3
"1336","공존",3
"1337","공통점",3
"1338","공포",3
"1339","과몰입",3
"1340","과일",3
"1341","과자",3
"1342","과학",3
"1343","관종",3
"1344","교환",3
"1345","구로",3
"1346","구체적",3
"1347","구함",3
"1348","국가",3
"1349","국내",3
"1350","귀차",3
"1351","그다음",3
"1352","그동안",3
"1353","그분",3
"1354","기도",3
"1355","기말",3
"1356","기부",3
"1357","기브",3
"1358","기상",3
"1359","기운",3
"1360","기피증",3
"1361","김치",3
"1362","꼬리",3
"1363","끝판",3
"1364","나태",3
"1365","나한터",3
"1366","남불",3
"1367","내기",3
"1368","내적",3
"1369","내향감정",3
"1370","넷플릭스",3
"1371","년간",3
"1372","다수",3
"1373","다운",3
"1374","다이",3
"1375","단기",3
"1376","대가",3
"1377","대표",3
"1378","대표적",3
"1379","대한",3
"1380","대한민국",3
"1381","덩어리",3
"1382","도망",3
"1383","도시",3
"1384","도쟁이",3
"1385","도전",3
"1386","도중",3
"1387","동양란",3
"1388","동화",3
"1389","두서",3
"1390","둘다",3
"1391","드라이",3
"1392","등장인물",3
"1393","디자인",3
"1394","딩때",3
"1395","또래",3
"1396","레드벨벳",3
"1397","링크",3
"1398","마감일",3
"1399","마상",3
"1400","마이",3
"1401","마이웨이",3
"1402","마트",3
"1403","만난",3
"1404","만두",3
"1405","만들기",3
"1406","만인",3
"1407","말로",3
"1408","말빨",3
"1409","말주변",3
"1410","맞어",3
"1411","매사",3
"1412","매일",3
"1413","맥주",3
"1414","메뉴",3
"1415","메모",3
"1416","메일",3
"1417","명품",3
"1418","모솔",3
"1419","목적지",3
"1420","무계획",3
"1421","무상",3
"1422","문구",3
"1423","미룸",3
"1424","미스",3
"1425","미적",3
"1426","미지",3
"1427","민국",3
"1428","바지",3
"1429","반년",3
"1430","반면",3
"1431","반박",3
"1432","방금",3
"1433","방안",3
"1434","방해",3
"1435","배려심",3
"1436","배우",3
"1437","배우자",3
"1438","백수",3
"1439","버리",3
"1440","번정도",3
"1441","범죄",3
"1442","베프",3
"1443","벨벳",3
"1444","보수",3
"1445","보여",3
"1446","복습",3
"1447","복지",3
"1448","복학",3
"1449","본거",3
"1450","본능",3
"1451","본인쟝",3
"1452","봉사",3
"1453","분만",3
"1454","불가",3
"1455","불가능",3
"1456","불만",3
"1457","비위",3
"1458","비행기",3
"1459","빨래",3
"1460","사교",3
"1461","사교성",3
"1462","사무적",3
"1463","사업",3
"1464","사용",3
"1465","사장",3
"1466","사장님",3
"1467","사촌동생",3
"1468","삭제",3
"1469","살기",3
"1470","살인",3
"1471","상대적",3
"1472","상사",3
"1473","샴푸",3
"1474","서빙",3
"1475","서서",3
"1476","선천적",3
"1477","설거지",3
"1478","성과",3
"1479","성숙",3
"1480","성취",3
"1481","세부적",3
"1482","세월",3
"1483","세찬",3
"1484","센터",3
"1485","소극적",3
"1486","소수",3
"1487","소식",3
"1488","속내",3
"1489","속도",3
"1490","속얘기",3
"1491","손절각",3
"1492","수십",3
"1493","수있음",3
"1494","수저",3
"1495","수정",3
"1496","수집",3
"1497","순대",3
"1498","순회열차",3
"1499","스릴",3
"1500","스터",3
"1501","시간약속",3
"1502","시내",3
"1503","시비",3
"1504","시장",3
"1505","신뢰",3
"1506","신발",3
"1507","신중",3
"1508","신호",3
"1509","실수해",3
"1510","심리테스트",3
"1511","심이",3
"1512","심해",3
"1513","싸가지",3
"1514","쌩판",3
"1515","쎄한",3
"1516","쓸데",3
"1517","아웃풋",3
"1518","아이스",3
"1519","아이스크림",3
"1520","안전",3
"1521","안정",3
"1522","안착하다",3
"1523","안통",3
"1524","알람",3
"1525","약점",3
"1526","양세찬",3
"1527","양털",3
"1528","얘넨",3
"1529","어중간",3
"1530","억압",3
"1531","언니",3
"1532","언제쯤",3
"1533","얼마전",3
"1534","없으",3
"1535","에고그",3
"1536","에휴",3
"1537","여사친",3
"1538","여자분",3
"1539","여자쪽",3
"1540","연봉",3
"1541","연수",3
"1542","열정",3
"1543","열정적",3
"1544","염탐",3
"1545","영국",3
"1546","예능",3
"1547","예술적",3
"1548","예외",3
"1549","예체능",3
"1550","오버코트",3
"1551","오빠",3
"1552","오케이",3
"1553","와중",3
"1554","완성",3
"1555","완장",3
"1556","외로워",3
"1557","외부",3
"1558","요청",3
"1559","용납",3
"1560","운명",3
"1561","월급",3
"1562","월요일",3
"1563","웨이",3
"1564","위선",3
"1565","유기잇프피",3
"1566","유튜버",3
"1567","유형중",3
"1568","육성",3
"1569","은지원",3
"1570","의사표현",3
"1571","이때",3
"1572","이번주",3
"1573","이벤트",3
"1574","이삼일",3
"1575","이스",3
"1576","이어폰",3
"1577","이자",3
"1578","이중",3
"1579","이혼",3
"1580","인기",3
"1581","인원",3
"1582","일거",3
"1583","일과",3
"1584","일관",3
"1585","일기장",3
"1586","일대일",3
"1587","일때",3
"1588","일리",3
"1589","일말",3
"1590","일반화",3
"1591","일요일",3
"1592","일은",3
"1593","일의",3
"1594","일일",3
"1595","일일히",3
"1596","일침",3
"1597","임원",3
"1598","입맛",3
"1599","입사",3
"1600","입이",3
"1601","잇티",3
"1602","잇프피고",3
"1603","잇프피남들",3
"1604","잇프피네",3
"1605","잇프피분들",3
"1606","잇프피였다",3
"1607","잇프피콘",3
"1608","자기계발",3
"1609","자발적",3
"1610","자야",3
"1611","자존감도",3
"1612","자퇴",3
"1613","작전",3
"1614","잘만",3
"1615","잠깐",3
"1616","잡고",3
"1617","장기",3
"1618","장기계획",3
"1619","재작년",3
"1620","저것",3
"1621","저장",3
"1622","전문",3
"1623","전문가",3
"1624","전부",3
"1625","전선",3
"1626","절각",3
"1627","절교",3
"1628","절대적",3
"1629","절반",3
"1630","절치",3
"1631","접음",3
"1632","정도임",3
"1633","정서",3
"1634","정식검사",3
"1635","정신건강",3
"1636","정신과",3
"1637","정전",3
"1638","정체성",3
"1639","제인",3
"1640","조화",3
"1641","좋겠",3
"1642","주관",3
"1643","주기적",3
"1644","주도적",3
"1645","주류",3
"1646","주목",3
"1647","주식",3
"1648","준적",3
"1649","중국",3
"1650","중요시",3
"1651","지네",3
"1652","지능",3
"1653","지식",3
"1654","지지",3
"1655","지킴",3
"1656","지향",3
"1657","지효",3
"1658","직구",3
"1659","직원",3
"1660","진실",3
"1661","진입",3
"1662","진중",3
"1663","진행",3
"1664","집도",3
"1665","짜증남",3
"1666","쭈쭈",3
"1667","쯔위",3
"1668","차별",3
"1669","차이점",3
"1670","참견",3
"1671","천사",3
"1672","철학",3
"1673","취직",3
"1674","친구관계",3
"1675","친구들",3
"1676","친분",3
"1677","캐릭",3
"1678","커뮤니티",3
"1679","커피",3
"1680","코트",3
"1681","콜라",3
"1682","퀴즈",3
"1683","크림",3
"1684","큰맘",3
"1685","타임",3
"1686","타협",3
"1687","택배",3
"1688","테리",3
"1689","테이크",3
"1690","토리",3
"1691","토익",3
"1692","퇴사",3
"1693","투표",3
"1694","트와이스",3
"1695","특정",3
"1696","특징임",3
"1697","티키",3
"1698","파티",3
"1699","팩트",3
"1700","평온",3
"1701","포용력",3
"1702","프로게이",3
"1703","프로젝트",3
"1704","프제",3
"1705","피피티",3
"1706","필터링",3
"1707","하넹",3
"1708","하늘",3
"1709","하루하루",3
"1710","하소연",3
"1711","한계",3
"1712","한때",3
"1713","한마리",3
"1714","한편",3
"1715","해당",3
"1716","해보",3
"1717","해석",3
"1718","해외",3
"1719","해지",3
"1720","해탈",3
"1721","행동력",3
"1722","행성",3
"1723","허구",3
"1724","허락",3
"1725","허무",3
"1726","허세",3
"1727","헬스",3
"1728","현장",3
"1729","혈육",3
"1730","형성",3
"1731","호의",3
"1732","혼밥",3
"1733","혼영",3
"1734","혼잣말",3
"1735","환장",3
"1736","회사사람",3
"1737","효과",3
"1738","후배",3
"1739","휴일",3
"1740","흑우",3
"1741","흥분",3
"1742","힙스터",3
"1743","힙합",3
"1744","1000",2
"1745","100프로",2
"1746","10가지",2
"1747","10시",2
"1748","10시간",2
"1749","10일",2
"1750","12월",2
"1751","16개중",2
"1752","180",2
"1753","1년동안",2
"1754","1년전",2
"1755","1등",2
"1756","1등급",2
"1757","1로",2
"1758","1박2일",2
"1759","1번친구",2
"1760","1순위",2
"1761","1시간동안",2
"1762","1일차",2
"1763","1주",2
"1764","1주일",2
"1765","1학기",2
"1766","203.13",2
"1767","20살",2
"1768","21살",2
"1769","220",2
"1770","26",2
"1771","27",2
"1772","2764",2
"1773","29",2
"1774","2년전",2
"1775","2년정도",2
"1776","2단계",2
"1777","2인1조",2
"1778","2일차",2
"1779","2주일",2
"1780","2주정도",2
"1781","2천원",2
"1782","3.8",2
"1783","300",2
"1784","30명",2
"1785","3년동안",2
"1786","3달",2
"1787","3시",2
"1788","3월",2
"1789","3천원",2
"1790","45",2
"1791","46",2
"1792","49",2
"1793","4년",2
"1794","4년동안",2
"1795","4명",2
"1796","4번",2
"1797","50프로",2
"1798","53",2
"1799","54",2
"1800","56",2
"1801","5개",2
"1802","5시",2
"1803","5시간",2
"1804","5시쯤",2
"1805","7월",2
"1806","8명",2
"1807","8시반",2
"1808","8월",2
"1809","90",2
"1810","99",2
"1811","9명",2
"1812","9시",2
"1813","9할",2
"1814","ㄱㅊ은거",2
"1815","가구",2
"1816","가량",2
"1817","가르침",2
"1818","가사",2
"1819","가속도",2
"1820","가슴살",2
"1821","가야하나",2
"1822","가운데",2
"1823","가을",2
"1824","가정분위기",2
"1825","가주",2
"1826","각성",2
"1827","간격",2
"1828","간만",2
"1829","간섭안",2
"1830","간의",2
"1831","간파",2
"1832","간호관련",2
"1833","갈구",2
"1834","감량",2
"1835","감수성",2
"1836","감시",2
"1837","감안",2
"1838","감정소모",2
"1839","강박증",2
"1840","강점기",2
"1841","강제",2
"1842","강제적",2
"1843","개그",2
"1844","개극",2
"1845","개꿀",2
"1846","개돼지",2
"1847","개랑",2
"1848","개발",2
"1849","개복치",2
"1850","개빡침",2
"1851","개새끼",2
"1852","개성",2
"1853","개신",2
"1854","개저",2
"1855","개학",2
"1856","갯수",2
"1857","거라",2
"1858","거로",2
"1859","거만",2
"1860","거보",2
"1861","거여",2
"1862","거울",2
"1863","거의",2
"1864","거잖",2
"1865","걱정거리",2
"1866","건물",2
"1867","건지",2
"1868","걸기",2
"1869","검정고시",2
"1870","게시글",2
"1871","게시물",2
"1872","겠어",2
"1873","겨울",2
"1874","결과물",2
"1875","결벽증",2
"1876","결심",2
"1877","겸손하다",2
"1878","경력",2
"1879","경쟁심",2
"1880","경제학",2
"1881","경찰",2
"1882","계란",2
"1883","계발",2
"1884","계열",2
"1885","계정",2
"1886","고2",2
"1887","고객",2
"1888","고나리",2
"1889","고도",2
"1890","고등학교때",2
"1891","고등학생",2
"1892","고리",2
"1893","고립",2
"1894","고마움",2
"1895","고민중",2
"1896","고사",2
"1897","고인물",2
"1898","고졸",2
"1899","고추",2
"1900","고치기",2
"1901","고함",2
"1902","공격",2
"1903","공공",2
"1904","공부안",2
"1905","공사",2
"1906","공익",2
"1907","공중",2
"1908","공짜",2
"1909","공통적",2
"1910","공평",2
"1911","과묵",2
"1912","관념",2
"1913","관대",2
"1914","관련글",2
"1915","관리자",2
"1916","관심사",2
"1917","관용",2
"1918","관장",2
"1919","관종이",2
"1920","관철",2
"1921","광고",2
"1922","괴로움",2
"1923","괴리감",2
"1924","교대",2
"1925","교사",2
"1926","교수",2
"1927","교양",2
"1928","교육",2
"1929","교정기",2
"1930","교통",2
"1931","교환학생",2
"1932","구걸",2
"1933","구글",2
"1934","구매",2
"1935","구성",2
"1936","구속",2
"1937","구입",2
"1938","국장",2
"1939","국회",2
"1940","군대가기전",2
"1941","군필",2
"1942","권리",2
"1943","그게",2
"1944","그때당시",2
"1945","그중",2
"1946","그지",2
"1947","그쪽",2
"1948","극대",2
"1949","극대노",2
"1950","극도로",2
"1951","근거",2
"1952","근본적",2
"1953","근함",2
"1954","글리젠",2
"1955","금당",2
"1956","금요일",2
"1957","금욜",2
"1958","기술",2
"1959","기스",2
"1960","기싸움",2
"1961","기장",2
"1962","기점",2
"1963","기존",2
"1964","기한",2
"1965","김치만두",2
"1966","깊이",2
"1967","꾸미기",2
"1968","끈기",2
"1969","끝판왕",2
"1970","낌새",2
"1971","나리",2
"1972","나약",2
"1973","나열",2
"1974","낙관적",2
"1975","난죽택",2
"1976","남남",2
"1977","남눈치",2
"1978","남동생",2
"1979","남사친",2
"1980","남성미",2
"1981","남자새끼",2
"1982","남자중",2
"1983","낭비",2
"1984","내기준",2
"1985","내눈",2
"1986","내성격",2
"1987","내의",2
"1988","내인",2
"1989","내친",2
"1990","내특징",2
"1991","내향성",2
"1992","냉소",2
"1993","너네",2
"1994","네이버",2
"1995","넷상",2
"1996","녀석",2
"1997","년도",2
"1998","년전",2
"1999","년지기",2
"2000","노래방",2
"2001","노선",2
"2002","노인",2
"2003","녹보수",2
"2004","논거",2
"2005","놀람",2
"2006","놀음",2
"2007","놀이",2
"2008","뇌진탕",2
"2009","누님",2
"2010","누르기",2
"2011","누적",2
"2012","눈깔",2
"2013","눈높이",2
"2014","눈빛",2
"2015","눈앞",2
"2016","눈치안보",2
"2017","뉘앙스",2
"2018","뉴비",2
"2019","뉴스",2
"2020","느낌임",2
"2021","니더",2
"2022","니야",2
"2023","ㄷㄷㄷ",2
"2024","ㄷㄷㄷㄷ",2
"2025","다리",2
"2026","다양",2
"2027","다음생",2
"2028","다음주",2
"2029","다이어리",2
"2030","다인것",2
"2031","단골",2
"2032","단체생활",2
"2033","달간",2
"2034","달뒤",2
"2035","달인",2
"2036","달팽이",2
"2037","닭가슴살",2
"2038","담날",2
"2039","대가리",2
"2040","대결",2
"2041","대기",2
"2042","대다수",2
"2043","대리",2
"2044","대상",2
"2045","대시",2
"2046","대인기피증",2
"2047","대졸",2
"2048","대지",2
"2049","대체적",2
"2050","대통령",2
"2051","대학원",2
"2052","대함",2
"2053","댄스",2
"2054","더러움",2
"2055","더블",2
"2056","데이트신청",2
"2057","데이트코스",2
"2058","뎈ㅋ",2
"2059","도가",2
"2060","도끼",2
"2061","도리",2
"2062","도면",2
"2063","도박",2
"2064","도와",2
"2065","도장",2
"2066","독거",2
"2067","독거노인",2
"2068","독립적",2
"2069","독서",2
"2070","독선적",2
"2071","독학",2
"2072","돌림",2
"2073","동기부여",2
"2074","동시",2
"2075","동영상",2
"2076","동조",2
"2077","동족",2
"2078","동지",2
"2079","돼지",2
"2080","두개",2
"2081","두뇌",2
"2082","두부",2
"2083","등등등",2
"2084","등신",2
"2085","디시콘",2
"2086","디엠",2
"2087","디저트",2
"2088","따위",2
"2089","때라",2
"2090","때매",2
"2091","때쯤",2
"2092","떡밥",2
"2093","떡볶이",2
"2094","뜬구름",2
"2095","뜬금",2
"2096","띄어쓰기",2
"2097","라니",2
"2098","라디오",2
"2099","라면",2
"2100","라이트",2
"2101","라인",2
"2102","러브",2
"2103","레게",2
"2104","레파토리",2
"2105","레포트",2
"2106","로그",2
"2107","로만",2
"2108","루틴",2
"2109","리머",2
"2110","리셋",2
"2111","리스크",2
"2112","마련",2
"2113","마렵",2
"2114","마스크",2
"2115","마스터",2
"2116","마약",2
"2117","마우스",2
"2118","마음씨",2
"2119","마인",2
"2120","마중",2
"2121","마지",2
"2122","마키아벨리",2
"2123","막내",2
"2124","막대",2
"2125","막말",2
"2126","만년",2
"2127","만듬",2
"2128","만원",2
"2129","만이",2
"2130","만점",2
"2131","많어",2
"2132","말구",2
"2133","말기",2
"2134","말다툼",2
"2135","말해",2
"2136","맘속",2
"2137","맞춤",2
"2138","맞춤법",2
"2139","맥락",2
"2140","맺어",2
"2141","먹금당",2
"2142","먹이",2
"2143","메모장",2
"2144","메이커",2
"2145","며칠전",2
"2146","면전",2
"2147","면허",2
"2148","명도",2
"2149","명복",2
"2150","명분",2
"2151","모노",2
"2152","모니터",2
"2153","모순적임",2
"2154","모야",2
"2155","모양",2
"2156","목숨",2
"2157","몽사",2
"2158","몽사몽",2
"2159","묘사",2
"2160","무기",2
"2161","무념무상",2
"2162","무료",2
"2163","무료검사",2
"2164","무의식",2
"2165","무의식중",2
"2166","무지",2
"2167","문과",2
"2168","문학",2
"2169","문항",2
"2170","문화",2
"2171","물론",2
"2172","뭐래",2
"2173","뮤지컬",2
"2174","미술전공",2
"2175","미스테리",2
"2176","미용사",2
"2177","미친놈",2
"2178","민망",2
"2179","밑글",2
"2180","ㅂ2",2
"2181","ㅂㄷㅂㄷ",2
"2182","ㅂㅅ",2
"2183","바다",2
"2184","바라",2
"2185","바랑",2
"2186","바탕",2
"2187","박약",2
"2188","박지",2
"2189","반강제적",2
"2190","반려",2
"2191","반성",2
"2192","반항",2
"2193","발라드",2
"2194","발생",2
"2195","발전",2
"2196","방치",2
"2197","방탄",2
"2198","방학때",2
"2199","방황",2
"2200","배경",2
"2201","백종",2
"2202","백종원",2
"2203","백현",2
"2204","버전",2
"2205","범위",2
"2206","베이",2
"2207","변덕",2
"2208","변형",2
"2209","별생각",2
"2210","병적",2
"2211","보래",2
"2212","보상",2
"2213","보장",2
"2214","복싱",2
"2215","복장",2
"2216","본건",2
"2217","본질",2
"2218","봄1",2
"2219","부랄친구",2
"2220","부모",2
"2221","부여",2
"2222","부적응",2
"2223","분량",2
"2224","분석능력",2
"2225","분쟁",2
"2226","분탕질",2
"2227","불법",2
"2228","불안감",2
"2229","불쾌",2
"2230","불평",2
"2231","불행",2
"2232","불화",2
"2233","불확실",2
"2234","브금",2
"2235","브레이크",2
"2236","블랙",2
"2237","비가",2
"2238","비관적",2
"2239","비굴",2
"2240","비명",2
"2241","비정상",2
"2242","비중",2
"2243","비지니스",2
"2244","비트",2
"2245","빈말",2
"2246","빙고",2
"2247","빡집중",2
"2248","빡침",2
"2249","빵집",2
"2250","삐짐",2
"2251","ㅅㄱ",2
"2252","ㅅㅂㅅㅂ",2
"2253","사가",2
"2254","사건",2
"2255","사고방식",2
"2256","사람대",2
"2257","사람취급",2
"2258","사래",2
"2259","사려",2
"2260","사리",2
"2261","사면",2
"2262","사무실",2
"2263","사물",2
"2264","사서",2
"2265","사수",2
"2266","사이드",2
"2267","사이드브레이크",2
"2268","사주",2
"2269","사춘기",2
"2270","사탕",2
"2271","사항",2
"2272","사회적",2
"2273","산다",2
"2274","살림",2
"2275","살아야겠다",2
"2276","상남자",2
"2277","상담소",2
"2278","상위",2
"2279","상위권",2
"2280","상태임",2
"2281","상품",2
"2282","새내기",2
"2283","생각중임",2
"2284","생선",2
"2285","샤워",2
"2286","서비스업",2
"2287","선생",2
"2288","선수",2
"2289","선임",2
"2290","선정",2
"2291","선톡을",2
"2292","설정",2
"2293","성격검사",2
"2294","성격임",2
"2295","성격테스트",2
"2296","성격형성",2
"2297","성별",2
"2298","성비",2
"2299","성에",2
"2300","성인군자형",2
"2301","성적표",2
"2302","성질",2
"2303","성찰",2
"2304","세계",2
"2305","세력",2
"2306","소녀",2
"2307","소리야",2
"2308","소모임",2
"2309","소시",2
"2310","소외",2
"2311","소용",2
"2312","소통",2
"2313","속앓이",2
"2314","속편",2
"2315","손절치",2
"2316","솔로",2
"2317","솔플",2
"2318","쇼파",2
"2319","수고",2
"2320","수다",2
"2321","수백",2
"2322","수십번",2
"2323","수입",2
"2324","수줍음",2
"2325","수학",2
"2326","숙제",2
"2327","순간적",2
"2328","순둥",2
"2329","술집",2
"2330","슈퍼",2
"2331","스님",2
"2332","스카",2
"2333","스트",2
"2334","스펙",2
"2335","스포트",2
"2336","스포트라이트",2
"2337","시간낭비",2
"2338","시간내",2
"2339","시간동안",2
"2340","시골",2
"2341","시기",2
"2342","시바",2
"2343","시부",2
"2344","시야",2
"2345","시위",2
"2346","시작전",2
"2347","시청",2
"2348","시픔",2
"2349","식사",2
"2350","식스",2
"2351","식욕",2
"2352","식탁",2
"2353","식탐",2
"2354","식품",2
"2355","신경안",2
"2356","신경증",2
"2357","신나",2
"2358","신념",2
"2359","신랑",2
"2360","신이",2
"2361","신입",2
"2362","실내",2
"2363","실행력",2
"2364","실화",2
"2365","심각",2
"2366","심정",2
"2367","싸이코",2
"2368","쌍방",2
"2369","쎄보이",2
"2370","쓰리",2
"2371","씹아",2
"2372","아기",2
"2373","아들",2
"2374","아르바이트",2
"2375","아벨",2
"2376","아씨",2
"2377","아이디",2
"2378","아이디어",2
"2379","아이엠",2
"2380","아이큐",2
"2381","악기",2
"2382","악순환",2
"2383","악의",2
"2384","악화",2
"2385","안내고",2
"2386","안달",2
"2387","안부",2
"2388","안정감",2
"2389","안좋으",2
"2390","안할려",2
"2391","알바자리",2
"2392","알바지원",2
"2393","알음",2
"2394","알파벳",2
"2395","압도적",2
"2396","압박",2
"2397","압박감",2
"2398","앞뒤",2
"2399","애니메이션",2
"2400","애매모호",2
"2401","애완",2
"2402","애완동물",2
"2403","애인이랑",2
"2404","애중",2
"2405","애착유형",2
"2406","애초애",2
"2407","야경",2
"2408","야심",2
"2409","야자",2
"2410","약속취소",2
"2411","얌전",2
"2412","양반",2
"2413","양치",2
"2414","얘기안",2
"2415","얘기하다",2
"2416","어깨",2
"2417","어딘가",2
"2418","어떡",2
"2419","어려움",2
"2420","어른",2
"2421","어리",2
"2422","어리버리",2
"2423","억지",2
"2424","언급",2
"2425","언어",2
"2426","언저리",2
"2427","엄격",2
"2428","엄두",2
"2429","없엇",2
"2430","에니어그램",2
"2431","엑소",2
"2432","엠비티",2
"2433","여건",2
"2434","여담",2
"2435","여러모",2
"2436","여러번",2
"2437","여운",2
"2438","여지",2
"2439","여초",2
"2440","여포임",2
"2441","역대",2
"2442","역대급",2
"2443","역시나",2
"2444","역치",2
"2445","연결고리",2
"2446","연관",2
"2447","연구",2
"2448","연락도",2
"2449","연령",2
"2450","연애관련",2
"2451","연애중",2
"2452","연애테스트",2
"2453","연인관계",2
"2454","연하",2
"2455","연하녀",2
"2456","영업",2
"2457","영화관",2
"2458","예시",2
"2459","예인",2
"2460","예측",2
"2461","오동",2
"2462","오라",2
"2463","오만",2
"2464","오버워",2
"2465","오버워치",2
"2466","오지",2
"2467","오프라인",2
"2468","온라인상",2
"2469","옹호",2
"2470","와이",2
"2471","왔엉",2
"2472","왕따",2
"2473","왜캐",2
"2474","외국",2
"2475","외동",2
"2476","외부활동",2
"2477","외할머니",2
"2478","외향성",2
"2479","외향형",2
"2480","요가",2
"2481","요구",2
"2482","요소",2
"2483","요인",2
"2484","용기내서",2
"2485","용돈",2
"2486","우선순위",2
"2487","우울감",2
"2488","우울하다",2
"2489","우위",2
"2490","우유부단",2
"2491","우정",2
"2492","우주",2
"2493","운전면허",2
"2494","운하다",2
"2495","울음",2
"2496","웃음",2
"2497","원랜",2
"2498","원숭이",2
"2499","원인",2
"2500","원피스",2
"2501","웨이팅",2
"2502","웰케",2
"2503","웹툰",2
"2504","위생",2
"2505","위안",2
"2506","위장",2
"2507","위치",2
"2508","위험",2
"2509","유기토끼",2
"2510","유도",2
"2511","유료",2
"2512","유료검사",2
"2513","유일",2
"2514","유재",2
"2515","유지할려",2
"2516","유퀴즈",2
"2517","유형검사",2
"2518","으으",2
"2519","은둔",2
"2520","음료",2
"2521","응급실",2
"2522","응원",2
"2523","의문",2
"2524","의존",2
"2525","의지박약",2
"2526","이과",2
"2527","이기적임",2
"2528","이너",2
"2529","이동",2
"2530","이드",2
"2531","이득",2
"2532","이면",2
"2533","이번년도",2
"2534","이상은",2
"2535","이성친구",2
"2536","이웃",2
"2537","이전",2
"2538","이정도면",2
"2539","이주",2
"2540","이중인격",2
"2541","이즈",2
"2542","이지",2
"2543","이지만",2
"2544","이진",2
"2545","이해력",2
"2546","이해안",2
"2547","익스",2
"2548","익스트림",2
"2549","인간적",2
"2550","인강",2
"2551","인걸",2
"2552","인격장애",2
"2553","인디",2
"2554","인맥",2
"2555","인문학",2
"2556","인종",2
"2557","인종차별",2
"2558","인팁",2
"2559","인픞",2
"2560","일반",2
"2561","일부",2
"2562","일상생활",2
"2563","일어",2
"2564","일임",2
"2565","일제",2
"2566","일진",2
"2567","일치",2
"2568","일화",2
"2569","임금",2
"2570","입밖",2
"2571","입원",2
"2572","입학",2
"2573","잇티제",2
"2574","잇프피같",2
"2575","잇프피끼리",2
"2576","잇프피님",2
"2577","잇프피특임",2
"2578","잇픕",2
"2579","있오",2
"2580","있으",2
"2581","ㅈ망",2
"2582","자극",2
"2583","자기도",2
"2584","자로",2
"2585","자료조사",2
"2586","자소",2
"2587","자신감",2
"2588","자아성찰",2
"2589","자전거",2
"2590","자처",2
"2591","자취",2
"2592","자취방",2
"2593","작성",2
"2594","작품",2
"2595","잔인",2
"2596","잠옷",2
"2597","잡생각",2
"2598","잡음",2
"2599","잡지",2
"2600","잣대",2
"2601","장기간",2
"2602","장난끼",2
"2603","장단",2
"2604","장단점",2
"2605","장벽",2
"2606","재고",2
"2607","재질",2
"2608","재촉",2
"2609","저기",2
"2610","저번주",2
"2611","전쯤",2
"2612","전체",2
"2613","전학",2
"2614","점령",2
"2615","점수",2
"2616","접시",2
"2617","정리정돈",2
"2618","정반",2
"2619","정석",2
"2620","정시",2
"2621","정예",2
"2622","정주",2
"2623","정주행",2
"2624","정차",2
"2625","정착",2
"2626","정치관",2
"2627","정치이야기",2
"2628","정치질",2
"2629","정화",2
"2630","제로",2
"2631","제멋",2
"2632","제시간",2
"2633","제이",2
"2634","제정신",2
"2635","조율",2
"2636","조이",2
"2637","조장",2
"2638","조직생활",2
"2639","조커",2
"2640","존귀탱",2
"2641","존내",2
"2642","존스",2
"2643","종특",2
"2644","종특임",2
"2645","좆노잼",2
"2646","좋드",2
"2647","좌절",2
"2648","죄책감",2
"2649","주도하",2
"2650","주소",2
"2651","주시",2
"2652","주신",2
"2653","주요",2
"2654","주인",2
"2655","주저",2
"2656","주진",2
"2657","주차",2
"2658","주행",2
"2659","죽기",2
"2660","죽음",2
"2661","줌8",2
"2662","줏대",2
"2663","중고나라",2
"2664","중고딩",2
"2665","중국인",2
"2666","중급",2
"2667","중년",2
"2668","중심적",2
"2669","중요하다",2
"2670","중위",2
"2671","중재자",2
"2672","즉각적",2
"2673","즉석",2
"2674","증명",2
"2675","증상",2
"2676","증후군",2
"2677","지경",2
"2678","지구",2
"2679","지문",2
"2680","지방",2
"2681","지사",2
"2682","지속적",2
"2683","지진",2
"2684","지하",2
"2685","직접",2
"2686","직접적",2
"2687","진입장벽",2
"2688","진전",2
"2689","진지",2
"2690","진짜임",2
"2691","진학",2
"2692","질려",2
"2693","질색",2
"2694","질투심",2
"2695","집단",2
"2696","집안",2
"2697","집이",2
"2698","짱구",2
"2699","쭈굴쭈굴",2
"2700","찌질",2
"2701","찐으",2
"2702","차원",2
"2703","착각일수",2
"2704","찰떡",2
"2705","창의적인",2
"2706","채널",2
"2707","챔프",2
"2708","첨보",2
"2709","체험",2
"2710","초기",2
"2711","초대",2
"2712","초등학교",2
"2713","초딩",2
"2714","초록",2
"2715","초면",2
"2716","초식",2
"2717","초점",2
"2718","초조",2
"2719","초중고대학교",2
"2720","최강",2
"2721","최적화",2
"2722","추리",2
"2723","추상",2
"2724","추정",2
"2725","축구",2
"2726","축하",2
"2727","출석",2
"2728","출시",2
"2729","출퇴근",2
"2730","충동구매",2
"2731","충실",2
"2732","취업전선",2
"2733","취좆",2
"2734","취합",2
"2735","치열",2
"2736","치질",2
"2737","치킨",2
"2738","친구정도",2
"2739","친밀감",2
"2740","침묵",2
"2741","카레",2
"2742","캐치",2
"2743","커리어",2
"2744","컨디션",2
"2745","컨셉",2
"2746","컴터",2
"2747","컴활",2
"2748","케어",2
"2749","케이크",2
"2750","코노",2
"2751","코로나때문",2
"2752","코미디",2
"2753","큰일",2
"2754","클럽",2
"2755","클리어",2
"2756","클리어중급회계",2
"2757","키로",2
"2758","타로",2
"2759","타면",2
"2760","타유형",2
"2761","타의",2
"2762","타지역",2
"2763","탈출",2
"2764","탈퇴",2
"2765","탐구",2
"2766","탐방",2
"2767","탐사",2
"2768","택시",2
"2769","테러",2
"2770","토끼카페",2
"2771","토토",2
"2772","톡을",2
"2773","통계",2
"2774","통장",2
"2775","통제",2
"2776","통해",2
"2777","투명인간",2
"2778","투자",2
"2779","트림",2
"2780","특색",2
"2781","특화",2
"2782","티엠아이",2
"2783","티제",2
"2784","티제인데",2
"2785","팀장",2
"2786","파고",2
"2787","파란색",2
"2788","파파",2
"2789","파파존스",2
"2790","팔로",2
"2791","패션테러",2
"2792","페르소",2
"2793","편견",2
"2794","편돌이",2
"2795","편식",2
"2796","편이",2
"2797","편집",2
"2798","평판",2
"2799","포지션",2
"2800","포커",2
"2801","포터",2
"2802","포폴",2
"2803","표본",2
"2804","표정관리",2
"2805","표현안",2
"2806","프라이버시",2
"2807","프로그램",2
"2808","프리",2
"2809","플릭스",2
"2810","피아",2
"2811","피아노",2
"2812","필터",2
"2813","ㅎㅅㅎ",2
"2814","ㅎㅇ",2
"2815","하구",2
"2816","하군",2
"2817","하나만",2
"2818","하나정도",2
"2819","하노",2
"2820","하대",2
"2821","하려",2
"2822","하루이틀",2
"2823","하심",2
"2824","학생때",2
"2825","학식",2
"2826","한국인",2
"2827","한순간",2
"2828","한참",2
"2829","함3",2
"2830","함4",2
"2831","함5",2
"2832","함보",2
"2833","함수",2
"2834","함의",2
"2835","함칭찬",2
"2836","합리화",2
"2837","해결책",2
"2838","해리",2
"2839","해리포터",2
"2840","해보면",2
"2841","해야겠어",2
"2842","해외여행",2
"2843","해주고",2
"2844","해진애",2
"2845","했어도",2
"2846","허송",2
"2847","허송세월",2
"2848","헌데",2
"2849","헬스장",2
"2850","현상",2
"2851","현생",2
"2852","현실감각",2
"2853","협력",2
"2854","협조",2
"2855","형태",2
"2856","호구취급",2
"2857","호랑이",2
"2858","호수",2
"2859","호칭",2
"2860","홀수",2
"2861","홈페이지",2
"2862","화도",2
"2863","화병",2
"2864","화장품가게",2
"2865","화해",2
"2866","확정",2
"2867","환불",2
"2868","활성화",2
"2869","홧병나",2
"2870","회계",2
"2871","회로",2
"2872","회복",2
"2873","회복력",2
"2874","회상",2
"2875","회원",2
"2876","회의",2
"2877","회장",2
"2878","효율",2
"2879","후유증",2
"2880","후천적",2
"2881","훈련",2
"2882","훈련소",2
"2883","휴식",2
"2884","흐름",2
"2885","흑화",2
"2886","흔적",2
"2887","흙수저",2
"2888","흙흙",2
"2889","희열",2
"2890","힐러",2
"2891","힘내서",2
"2892","ㅠ그래",2
